2026-03-26 20:38:46,830 Worker rq:worker:fd92ef9093314cb4a7756718e9052319 started with PID 67649, version 1.15.1
2026-03-26 20:38:46,830 Subscribing to channel rq:pubsub:fd92ef9093314cb4a7756718e9052319
2026-03-26 20:38:46,832 *** Listening on home-wahyu260697-document-Erpnext-silverplast-frappe-bench:short, home-wahyu260697-document-Erpnext-silverplast-frappe-bench:default, home-wahyu260697-document-Erpnext-silverplast-frappe-bench:long...
2026-03-26 20:38:46,833 Cleaning registries for queue: home-wahyu260697-document-Erpnext-silverplast-frappe-bench:short
2026-03-26 20:38:46,835 Cleaning registries for queue: home-wahyu260697-document-Erpnext-silverplast-frappe-bench:default
2026-03-26 20:38:46,837 Cleaning registries for queue: home-wahyu260697-document-Erpnext-silverplast-frappe-bench:long
2026-03-26 20:40:39,666 Worker fd92ef9093314cb4a7756718e9052319 [PID 67649]: warm shut down requested
2026-03-26 20:40:39,688 Unsubscribing from channel rq:pubsub:fd92ef9093314cb4a7756718e9052319
2026-03-26 20:40:54,977 Worker rq:worker:3c0bcdfd9a094b53a8993984c3083343 started with PID 68131, version 1.15.1
2026-03-26 20:40:54,978 Subscribing to channel rq:pubsub:3c0bcdfd9a094b53a8993984c3083343
2026-03-26 20:40:54,979 *** Listening on home-wahyu260697-document-Erpnext-silverplast-frappe-bench:short, home-wahyu260697-document-Erpnext-silverplast-frappe-bench:default, home-wahyu260697-document-Erpnext-silverplast-frappe-bench:long...
2026-03-26 20:41:59,775 home-wahyu260697-document-Erpnext-silverplast-frappe-bench:long: frappe.utils.background_jobs.execute_job(event=None, is_async=True, job_name='frappe.core.doctype.scheduled_job_type.scheduled_job_type.run_scheduled_jo..., kwargs={'job_type': 'frappe.desk.form.document_follow.send_hourly_updates'}, method='frappe.core.doctype.scheduled_job_type.scheduled_job_type.run_scheduled_jo..., site='dev.local', user='Administrator') (dev.local::scheduled_job::frappe.desk.form.document_follow.send_hourly_updates)
2026-03-26 20:42:00,465 home-wahyu260697-document-Erpnext-silverplast-frappe-bench:long: Job OK (dev.local::scheduled_job::frappe.desk.form.document_follow.send_hourly_updates)
2026-03-26 20:42:00,466 Result is kept for 600 seconds
2026-03-26 20:42:00,474 home-wahyu260697-document-Erpnext-silverplast-frappe-bench:default: frappe.utils.background_jobs.execute_job(event=None, is_async=True, job_name='frappe.core.doctype.scheduled_job_type.scheduled_job_type.run_scheduled_jo..., kwargs={'job_type': 'frappe.integrations.doctype.google_calendar.google_calendar.s..., method='frappe.core.doctype.scheduled_job_type.scheduled_job_type.run_scheduled_jo..., site='dev.local', user='Administrator') (dev.local::scheduled_job::frappe.integrations.doctype.google_calendar.google_calendar.sync)
2026-03-26 20:42:01,156 home-wahyu260697-document-Erpnext-silverplast-frappe-bench:default: Job OK (dev.local::scheduled_job::frappe.integrations.doctype.google_calendar.google_calendar.sync)
2026-03-26 20:42:01,156 Result is kept for 600 seconds
2026-03-26 20:42:01,163 home-wahyu260697-document-Erpnext-silverplast-frappe-bench:default: frappe.utils.background_jobs.execute_job(event=None, is_async=True, job_name='frappe.core.doctype.scheduled_job_type.scheduled_job_type.run_scheduled_jo..., kwargs={'job_type': 'frappe.automation.doctype.reminder.reminder.send_reminders'}, method='frappe.core.doctype.scheduled_job_type.scheduled_job_type.run_scheduled_jo..., site='dev.local', user='Administrator') (dev.local::scheduled_job::frappe.automation.doctype.reminder.reminder.send_reminders)
2026-03-26 20:42:01,594 home-wahyu260697-document-Erpnext-silverplast-frappe-bench:default: Job OK (dev.local::scheduled_job::frappe.automation.doctype.reminder.reminder.send_reminders)
2026-03-26 20:42:01,594 Result is kept for 600 seconds
2026-03-26 20:42:01,601 home-wahyu260697-document-Erpnext-silverplast-frappe-bench:default: frappe.utils.background_jobs.execute_job(event=None, is_async=True, job_name='frappe.core.doctype.scheduled_job_type.scheduled_job_type.run_scheduled_jo..., kwargs={'job_type': 'frappe.monitor.flush'}, method='frappe.core.doctype.scheduled_job_type.scheduled_job_type.run_scheduled_jo..., site='dev.local', user='Administrator') (dev.local::scheduled_job::frappe.monitor.flush)
2026-03-26 20:42:01,942 home-wahyu260697-document-Erpnext-silverplast-frappe-bench:default: Job OK (dev.local::scheduled_job::frappe.monitor.flush)
2026-03-26 20:42:01,942 Result is kept for 600 seconds
2026-03-26 20:42:01,949 home-wahyu260697-document-Erpnext-silverplast-frappe-bench:default: frappe.utils.background_jobs.execute_job(event=None, is_async=True, job_name='frappe.core.doctype.scheduled_job_type.scheduled_job_type.run_scheduled_jo..., kwargs={'job_type': 'frappe.email.queue.retry_sending_emails'}, method='frappe.core.doctype.scheduled_job_type.scheduled_job_type.run_scheduled_jo..., site='dev.local', user='Administrator') (dev.local::scheduled_job::frappe.email.queue.retry_sending_emails)
2026-03-26 20:42:02,326 home-wahyu260697-document-Erpnext-silverplast-frappe-bench:default: Job OK (dev.local::scheduled_job::frappe.email.queue.retry_sending_emails)
2026-03-26 20:42:02,326 Result is kept for 600 seconds
2026-03-26 20:42:02,333 home-wahyu260697-document-Erpnext-silverplast-frappe-bench:default: frappe.utils.background_jobs.execute_job(event=None, is_async=True, job_name='frappe.core.doctype.scheduled_job_type.scheduled_job_type.run_scheduled_jo..., kwargs={'job_type': 'frappe.utils.global_search.sync_global_search'}, method='frappe.core.doctype.scheduled_job_type.scheduled_job_type.run_scheduled_jo..., site='dev.local', user='Administrator') (dev.local::scheduled_job::frappe.utils.global_search.sync_global_search)
2026-03-26 20:42:02,768 home-wahyu260697-document-Erpnext-silverplast-frappe-bench:default: Job OK (dev.local::scheduled_job::frappe.utils.global_search.sync_global_search)
2026-03-26 20:42:02,769 Result is kept for 600 seconds
2026-03-26 20:42:02,776 home-wahyu260697-document-Erpnext-silverplast-frappe-bench:default: frappe.utils.background_jobs.execute_job(event=None, is_async=True, job_name='frappe.core.doctype.scheduled_job_type.scheduled_job_type.run_scheduled_jo..., kwargs={'job_type': 'frappe.email.doctype.email_account.email_account.pull'}, method='frappe.core.doctype.scheduled_job_type.scheduled_job_type.run_scheduled_jo..., site='dev.local', user='Administrator') (dev.local::scheduled_job::frappe.email.doctype.email_account.email_account.pull)
2026-03-26 20:42:03,205 home-wahyu260697-document-Erpnext-silverplast-frappe-bench:default: Job OK (dev.local::scheduled_job::frappe.email.doctype.email_account.email_account.pull)
2026-03-26 20:42:03,205 Result is kept for 600 seconds
2026-03-26 20:42:03,212 home-wahyu260697-document-Erpnext-silverplast-frappe-bench:default: frappe.utils.background_jobs.execute_job(event=None, is_async=True, job_name='frappe.core.doctype.scheduled_job_type.scheduled_job_type.run_scheduled_jo..., kwargs={'job_type': 'frappe.utils.telemetry.pulse.client.send_queued_events'}, method='frappe.core.doctype.scheduled_job_type.scheduled_job_type.run_scheduled_jo..., site='dev.local', user='Administrator') (dev.local::scheduled_job::frappe.utils.telemetry.pulse.client.send_queued_events)
2026-03-26 20:42:03,577 home-wahyu260697-document-Erpnext-silverplast-frappe-bench:default: Job OK (dev.local::scheduled_job::frappe.utils.telemetry.pulse.client.send_queued_events)
2026-03-26 20:42:03,577 Result is kept for 600 seconds
2026-03-26 20:42:03,584 home-wahyu260697-document-Erpnext-silverplast-frappe-bench:default: frappe.utils.background_jobs.execute_job(event=None, is_async=True, job_name='frappe.core.doctype.scheduled_job_type.scheduled_job_type.run_scheduled_jo..., kwargs={'job_type': 'frappe.email.doctype.newsletter.newsletter.send_scheduled_ema..., method='frappe.core.doctype.scheduled_job_type.scheduled_job_type.run_scheduled_jo..., site='dev.local', user='Administrator') (dev.local::scheduled_job::frappe.email.doctype.newsletter.newsletter.send_scheduled_email)
2026-03-26 20:42:03,971 home-wahyu260697-document-Erpnext-silverplast-frappe-bench:default: Job OK (dev.local::scheduled_job::frappe.email.doctype.newsletter.newsletter.send_scheduled_email)
2026-03-26 20:42:03,972 Result is kept for 600 seconds
2026-03-26 20:42:03,978 home-wahyu260697-document-Erpnext-silverplast-frappe-bench:default: frappe.utils.background_jobs.execute_job(event=None, is_async=True, job_name='frappe.core.doctype.scheduled_job_type.scheduled_job_type.run_scheduled_jo..., kwargs={'job_type': 'frappe.search.sqlite_search.build_index_if_not_exists'}, method='frappe.core.doctype.scheduled_job_type.scheduled_job_type.run_scheduled_jo..., site='dev.local', user='Administrator') (dev.local::scheduled_job::frappe.search.sqlite_search.build_index_if_not_exists)
2026-03-26 20:42:04,347 home-wahyu260697-document-Erpnext-silverplast-frappe-bench:default: Job OK (dev.local::scheduled_job::frappe.search.sqlite_search.build_index_if_not_exists)
2026-03-26 20:42:04,347 Result is kept for 600 seconds
2026-03-26 20:42:04,358 home-wahyu260697-document-Erpnext-silverplast-frappe-bench:default: frappe.utils.background_jobs.execute_job(event=None, is_async=True, job_name='frappe.core.doctype.scheduled_job_type.scheduled_job_type.run_scheduled_jo..., kwargs={'job_type': 'frappe.email.doctype.email_account.email_account.notify_unrep..., method='frappe.core.doctype.scheduled_job_type.scheduled_job_type.run_scheduled_jo..., site='dev.local', user='Administrator') (dev.local::scheduled_job::frappe.email.doctype.email_account.email_account.notify_unreplied)
2026-03-26 20:42:04,807 home-wahyu260697-document-Erpnext-silverplast-frappe-bench:default: Job OK (dev.local::scheduled_job::frappe.email.doctype.email_account.email_account.notify_unreplied)
2026-03-26 20:42:04,807 Result is kept for 600 seconds
2026-03-26 20:42:04,815 home-wahyu260697-document-Erpnext-silverplast-frappe-bench:default: frappe.utils.background_jobs.execute_job(event=None, is_async=True, job_name='frappe.core.doctype.scheduled_job_type.scheduled_job_type.run_scheduled_jo..., kwargs={'job_type': 'frappe.deferred_insert.save_to_db'}, method='frappe.core.doctype.scheduled_job_type.scheduled_job_type.run_scheduled_jo..., site='dev.local', user='Administrator') (dev.local::scheduled_job::frappe.deferred_insert.save_to_db)
2026-03-26 20:42:05,251 home-wahyu260697-document-Erpnext-silverplast-frappe-bench:default: Job OK (dev.local::scheduled_job::frappe.deferred_insert.save_to_db)
2026-03-26 20:42:05,251 Result is kept for 600 seconds
2026-03-26 20:42:05,258 home-wahyu260697-document-Erpnext-silverplast-frappe-bench:default: frappe.utils.background_jobs.execute_job(event=None, is_async=True, job_name='frappe.core.doctype.scheduled_job_type.scheduled_job_type.run_scheduled_jo..., kwargs={'job_type': 'frappe.email.queue.flush'}, method='frappe.core.doctype.scheduled_job_type.scheduled_job_type.run_scheduled_jo..., site='dev.local', user='Administrator') (dev.local::scheduled_job::frappe.email.queue.flush)
2026-03-26 20:42:05,714 home-wahyu260697-document-Erpnext-silverplast-frappe-bench:default: Job OK (dev.local::scheduled_job::frappe.email.queue.flush)
2026-03-26 20:42:05,714 Result is kept for 600 seconds
2026-03-26 20:42:05,721 home-wahyu260697-document-Erpnext-silverplast-frappe-bench:default: frappe.utils.background_jobs.execute_job(event=None, is_async=True, job_name='frappe.core.doctype.scheduled_job_type.scheduled_job_type.run_scheduled_jo..., kwargs={'job_type': 'frappe.model.utils.link_count.update_link_count'}, method='frappe.core.doctype.scheduled_job_type.scheduled_job_type.run_scheduled_jo..., site='dev.local', user='Administrator') (dev.local::scheduled_job::frappe.model.utils.link_count.update_link_count)
2026-03-26 20:42:06,091 home-wahyu260697-document-Erpnext-silverplast-frappe-bench:default: Job OK (dev.local::scheduled_job::frappe.model.utils.link_count.update_link_count)
2026-03-26 20:42:06,091 Result is kept for 600 seconds
2026-03-26 20:42:06,101 home-wahyu260697-document-Erpnext-silverplast-frappe-bench:long: frappe.utils.background_jobs.execute_job(event=None, is_async=True, job_name='frappe.core.doctype.scheduled_job_type.scheduled_job_type.run_scheduled_jo..., kwargs={'job_type': 'frappe.model.utils.user_settings.sync_user_settings'}, method='frappe.core.doctype.scheduled_job_type.scheduled_job_type.run_scheduled_jo..., site='dev.local', user='Administrator') (dev.local::scheduled_job::frappe.model.utils.user_settings.sync_user_settings)
2026-03-26 20:42:06,480 home-wahyu260697-document-Erpnext-silverplast-frappe-bench:long: Job OK (dev.local::scheduled_job::frappe.model.utils.user_settings.sync_user_settings)
2026-03-26 20:42:06,481 Result is kept for 600 seconds
2026-03-26 20:42:06,491 home-wahyu260697-document-Erpnext-silverplast-frappe-bench:long: frappe.utils.background_jobs.execute_job(event=None, is_async=True, job_name='frappe.core.doctype.scheduled_job_type.scheduled_job_type.run_scheduled_jo..., kwargs={'job_type': 'frappe.website.doctype.web_page.web_page.check_publish_status..., method='frappe.core.doctype.scheduled_job_type.scheduled_job_type.run_scheduled_jo..., site='dev.local', user='Administrator') (dev.local::scheduled_job::frappe.website.doctype.web_page.web_page.check_publish_status)
2026-03-26 20:42:06,941 home-wahyu260697-document-Erpnext-silverplast-frappe-bench:long: Job OK (dev.local::scheduled_job::frappe.website.doctype.web_page.web_page.check_publish_status)
2026-03-26 20:42:06,941 Result is kept for 600 seconds
2026-03-26 20:42:06,948 home-wahyu260697-document-Erpnext-silverplast-frappe-bench:long: frappe.utils.background_jobs.execute_job(event=None, is_async=True, job_name='frappe.core.doctype.scheduled_job_type.scheduled_job_type.run_scheduled_jo..., kwargs={'job_type': 'frappe.oauth.delete_oauth2_data'}, method='frappe.core.doctype.scheduled_job_type.scheduled_job_type.run_scheduled_jo..., site='dev.local', user='Administrator') (dev.local::scheduled_job::frappe.oauth.delete_oauth2_data)
2026-03-26 20:42:07,332 home-wahyu260697-document-Erpnext-silverplast-frappe-bench:long: Job OK (dev.local::scheduled_job::frappe.oauth.delete_oauth2_data)
2026-03-26 20:42:07,333 Result is kept for 600 seconds
2026-03-26 20:42:07,343 home-wahyu260697-document-Erpnext-silverplast-frappe-bench:long: frappe.utils.background_jobs.execute_job(event=None, is_async=True, job_name='frappe.core.doctype.scheduled_job_type.scheduled_job_type.run_scheduled_jo..., kwargs={'job_type': 'frappe.desk.page.backups.backups.delete_downloadable_backups'..., method='frappe.core.doctype.scheduled_job_type.scheduled_job_type.run_scheduled_jo..., site='dev.local', user='Administrator') (dev.local::scheduled_job::frappe.desk.page.backups.backups.delete_downloadable_backups)
2026-03-26 20:42:07,696 home-wahyu260697-document-Erpnext-silverplast-frappe-bench:long: Job OK (dev.local::scheduled_job::frappe.desk.page.backups.backups.delete_downloadable_backups)
2026-03-26 20:42:07,696 Result is kept for 600 seconds
2026-03-26 20:42:07,702 home-wahyu260697-document-Erpnext-silverplast-frappe-bench:long: frappe.utils.background_jobs.execute_job(event=None, is_async=True, job_name='frappe.core.doctype.scheduled_job_type.scheduled_job_type.run_scheduled_jo..., kwargs={'job_type': 'frappe.twofactor.delete_all_barcodes_for_users'}, method='frappe.core.doctype.scheduled_job_type.scheduled_job_type.run_scheduled_jo..., site='dev.local', user='Administrator') (dev.local::scheduled_job::frappe.twofactor.delete_all_barcodes_for_users)
2026-03-26 20:42:08,018 Worker 3c0bcdfd9a094b53a8993984c3083343 [PID 68131]: warm shut down requested
2026-03-26 21:07:03,705 Worker rq:worker:d8f77bfc10a844bcaad4241794cf86d8 started with PID 72771, version 1.15.1
2026-03-26 21:07:03,705 Subscribing to channel rq:pubsub:d8f77bfc10a844bcaad4241794cf86d8
2026-03-26 21:07:03,706 *** Listening on home-wahyu260697-document-Erpnext-silverplast-frappe-bench:short, home-wahyu260697-document-Erpnext-silverplast-frappe-bench:default, home-wahyu260697-document-Erpnext-silverplast-frappe-bench:long...
2026-03-26 21:07:03,707 Cleaning registries for queue: home-wahyu260697-document-Erpnext-silverplast-frappe-bench:short
2026-03-26 21:07:03,710 Cleaning registries for queue: home-wahyu260697-document-Erpnext-silverplast-frappe-bench:default
2026-03-26 21:07:03,712 Cleaning registries for queue: home-wahyu260697-document-Erpnext-silverplast-frappe-bench:long
2026-03-26 21:07:03,732 home-wahyu260697-document-Erpnext-silverplast-frappe-bench:long: frappe.utils.background_jobs.execute_job(event=None, is_async=True, job_name='frappe.core.doctype.scheduled_job_type.scheduled_job_type.run_scheduled_jo..., kwargs={'job_type': 'frappe.core.doctype.prepared_report.prepared_report.expire_st..., method='frappe.core.doctype.scheduled_job_type.scheduled_job_type.run_scheduled_jo..., site='dev.local', user='Administrator') (dev.local::scheduled_job::frappe.core.doctype.prepared_report.prepared_report.expire_stalled_report)
2026-03-26 21:07:04,733 home-wahyu260697-document-Erpnext-silverplast-frappe-bench:long: Job OK (dev.local::scheduled_job::frappe.core.doctype.prepared_report.prepared_report.expire_stalled_report)
2026-03-26 21:07:04,733 Result is kept for 600 seconds
2026-03-26 21:07:04,740 home-wahyu260697-document-Erpnext-silverplast-frappe-bench:long: frappe.utils.background_jobs.execute_job(event=None, is_async=True, job_name='frappe.core.doctype.scheduled_job_type.scheduled_job_type.run_scheduled_jo..., kwargs={'job_type': 'frappe.website.doctype.personal_data_deletion_request.persona..., method='frappe.core.doctype.scheduled_job_type.scheduled_job_type.run_scheduled_jo..., site='dev.local', user='Administrator') (dev.local::scheduled_job::frappe.website.doctype.personal_data_deletion_request.personal_data_deletion_request.process_data_deletion_request)
2026-03-26 21:07:05,319 home-wahyu260697-document-Erpnext-silverplast-frappe-bench:long: Job OK (dev.local::scheduled_job::frappe.website.doctype.personal_data_deletion_request.personal_data_deletion_request.process_data_deletion_request)
2026-03-26 21:07:05,319 Result is kept for 600 seconds
2026-03-26 21:07:05,326 home-wahyu260697-document-Erpnext-silverplast-frappe-bench:long: frappe.utils.background_jobs.execute_job(event=None, is_async=True, job_name='frappe.core.doctype.scheduled_job_type.scheduled_job_type.run_scheduled_jo..., kwargs={'job_type': 'frappe.desk.utils.delete_old_exported_report_files'}, method='frappe.core.doctype.scheduled_job_type.scheduled_job_type.run_scheduled_jo..., site='dev.local', user='Administrator') (dev.local::scheduled_job::frappe.desk.utils.delete_old_exported_report_files)
2026-03-26 21:07:05,841 home-wahyu260697-document-Erpnext-silverplast-frappe-bench:long: Job OK (dev.local::scheduled_job::frappe.desk.utils.delete_old_exported_report_files)
2026-03-26 21:07:05,841 Result is kept for 600 seconds
2026-03-26 21:08:08,423 home-wahyu260697-document-Erpnext-silverplast-frappe-bench:default: frappe.utils.background_jobs.execute_job(event=None, is_async=True, job_name='frappe.core.doctype.scheduled_job_type.scheduled_job_type.run_scheduled_jo..., kwargs={'job_type': 'frappe.automation.doctype.reminder.reminder.send_reminders'}, method='frappe.core.doctype.scheduled_job_type.scheduled_job_type.run_scheduled_jo..., site='dev.local', user='Administrator') (dev.local::scheduled_job::frappe.automation.doctype.reminder.reminder.send_reminders)
2026-03-26 21:08:08,922 home-wahyu260697-document-Erpnext-silverplast-frappe-bench:default: Job OK (dev.local::scheduled_job::frappe.automation.doctype.reminder.reminder.send_reminders)
2026-03-26 21:08:08,922 Result is kept for 600 seconds
2026-03-26 21:08:08,932 home-wahyu260697-document-Erpnext-silverplast-frappe-bench:default: frappe.utils.background_jobs.execute_job(event=None, is_async=True, job_name='frappe.core.doctype.scheduled_job_type.scheduled_job_type.run_scheduled_jo..., kwargs={'job_type': 'frappe.email.queue.retry_sending_emails'}, method='frappe.core.doctype.scheduled_job_type.scheduled_job_type.run_scheduled_jo..., site='dev.local', user='Administrator') (dev.local::scheduled_job::frappe.email.queue.retry_sending_emails)
2026-03-26 21:08:09,309 home-wahyu260697-document-Erpnext-silverplast-frappe-bench:default: Job OK (dev.local::scheduled_job::frappe.email.queue.retry_sending_emails)
2026-03-26 21:08:09,310 Result is kept for 600 seconds
2026-03-26 21:08:09,316 home-wahyu260697-document-Erpnext-silverplast-frappe-bench:default: frappe.utils.background_jobs.execute_job(event=None, is_async=True, job_name='frappe.core.doctype.scheduled_job_type.scheduled_job_type.run_scheduled_jo..., kwargs={'job_type': 'frappe.utils.global_search.sync_global_search'}, method='frappe.core.doctype.scheduled_job_type.scheduled_job_type.run_scheduled_jo..., site='dev.local', user='Administrator') (dev.local::scheduled_job::frappe.utils.global_search.sync_global_search)
2026-03-26 21:08:09,704 home-wahyu260697-document-Erpnext-silverplast-frappe-bench:default: Job OK (dev.local::scheduled_job::frappe.utils.global_search.sync_global_search)
2026-03-26 21:08:09,704 Result is kept for 600 seconds
2026-03-26 21:08:09,711 home-wahyu260697-document-Erpnext-silverplast-frappe-bench:default: frappe.utils.background_jobs.execute_job(event=None, is_async=True, job_name='frappe.core.doctype.scheduled_job_type.scheduled_job_type.run_scheduled_jo..., kwargs={'job_type': 'frappe.monitor.flush'}, method='frappe.core.doctype.scheduled_job_type.scheduled_job_type.run_scheduled_jo..., site='dev.local', user='Administrator') (dev.local::scheduled_job::frappe.monitor.flush)
2026-03-26 21:08:10,073 home-wahyu260697-document-Erpnext-silverplast-frappe-bench:default: Job OK (dev.local::scheduled_job::frappe.monitor.flush)
2026-03-26 21:08:10,073 Result is kept for 600 seconds
2026-03-26 21:08:10,080 home-wahyu260697-document-Erpnext-silverplast-frappe-bench:default: frappe.utils.background_jobs.execute_job(event=None, is_async=True, job_name='frappe.core.doctype.scheduled_job_type.scheduled_job_type.run_scheduled_jo..., kwargs={'job_type': 'frappe.deferred_insert.save_to_db'}, method='frappe.core.doctype.scheduled_job_type.scheduled_job_type.run_scheduled_jo..., site='dev.local', user='Administrator') (dev.local::scheduled_job::frappe.deferred_insert.save_to_db)
2026-03-26 21:08:10,729 home-wahyu260697-document-Erpnext-silverplast-frappe-bench:default: Job OK (dev.local::scheduled_job::frappe.deferred_insert.save_to_db)
2026-03-26 21:08:10,730 Result is kept for 600 seconds
2026-03-26 21:08:10,741 home-wahyu260697-document-Erpnext-silverplast-frappe-bench:default: frappe.utils.background_jobs.execute_job(event=None, is_async=True, job_name='frappe.core.doctype.scheduled_job_type.scheduled_job_type.run_scheduled_jo..., kwargs={'job_type': 'frappe.utils.telemetry.pulse.client.send_queued_events'}, method='frappe.core.doctype.scheduled_job_type.scheduled_job_type.run_scheduled_jo..., site='dev.local', user='Administrator') (dev.local::scheduled_job::frappe.utils.telemetry.pulse.client.send_queued_events)
2026-03-26 21:08:11,117 home-wahyu260697-document-Erpnext-silverplast-frappe-bench:default: Job OK (dev.local::scheduled_job::frappe.utils.telemetry.pulse.client.send_queued_events)
2026-03-26 21:08:11,117 Result is kept for 600 seconds
2026-03-26 21:08:11,124 home-wahyu260697-document-Erpnext-silverplast-frappe-bench:default: frappe.utils.background_jobs.execute_job(event=None, is_async=True, job_name='frappe.core.doctype.scheduled_job_type.scheduled_job_type.run_scheduled_jo..., kwargs={'job_type': 'frappe.model.utils.link_count.update_link_count'}, method='frappe.core.doctype.scheduled_job_type.scheduled_job_type.run_scheduled_jo..., site='dev.local', user='Administrator') (dev.local::scheduled_job::frappe.model.utils.link_count.update_link_count)
2026-03-26 21:08:11,502 home-wahyu260697-document-Erpnext-silverplast-frappe-bench:default: Job OK (dev.local::scheduled_job::frappe.model.utils.link_count.update_link_count)
2026-03-26 21:08:11,502 Result is kept for 600 seconds
2026-03-26 21:08:11,510 home-wahyu260697-document-Erpnext-silverplast-frappe-bench:default: frappe.utils.background_jobs.execute_job(event=None, is_async=True, job_name='frappe.core.doctype.scheduled_job_type.scheduled_job_type.run_scheduled_jo..., kwargs={'job_type': 'frappe.search.sqlite_search.build_index_if_not_exists'}, method='frappe.core.doctype.scheduled_job_type.scheduled_job_type.run_scheduled_jo..., site='dev.local', user='Administrator') (dev.local::scheduled_job::frappe.search.sqlite_search.build_index_if_not_exists)
2026-03-26 21:08:11,882 home-wahyu260697-document-Erpnext-silverplast-frappe-bench:default: Job OK (dev.local::scheduled_job::frappe.search.sqlite_search.build_index_if_not_exists)
2026-03-26 21:08:11,882 Result is kept for 600 seconds
2026-03-26 21:08:11,889 home-wahyu260697-document-Erpnext-silverplast-frappe-bench:default: frappe.utils.background_jobs.execute_job(event=None, is_async=True, job_name='frappe.core.doctype.scheduled_job_type.scheduled_job_type.run_scheduled_jo..., kwargs={'job_type': 'frappe.email.doctype.newsletter.newsletter.send_scheduled_ema..., method='frappe.core.doctype.scheduled_job_type.scheduled_job_type.run_scheduled_jo..., site='dev.local', user='Administrator') (dev.local::scheduled_job::frappe.email.doctype.newsletter.newsletter.send_scheduled_email)
2026-03-26 21:08:12,259 home-wahyu260697-document-Erpnext-silverplast-frappe-bench:default: Job OK (dev.local::scheduled_job::frappe.email.doctype.newsletter.newsletter.send_scheduled_email)
2026-03-26 21:08:12,259 Result is kept for 600 seconds
2026-03-26 21:08:12,266 home-wahyu260697-document-Erpnext-silverplast-frappe-bench:default: frappe.utils.background_jobs.execute_job(event=None, is_async=True, job_name='frappe.core.doctype.scheduled_job_type.scheduled_job_type.run_scheduled_jo..., kwargs={'job_type': 'frappe.email.doctype.email_account.email_account.notify_unrep..., method='frappe.core.doctype.scheduled_job_type.scheduled_job_type.run_scheduled_jo..., site='dev.local', user='Administrator') (dev.local::scheduled_job::frappe.email.doctype.email_account.email_account.notify_unreplied)
2026-03-26 21:08:12,669 home-wahyu260697-document-Erpnext-silverplast-frappe-bench:default: Job OK (dev.local::scheduled_job::frappe.email.doctype.email_account.email_account.notify_unreplied)
2026-03-26 21:08:12,669 Result is kept for 600 seconds
2026-03-26 21:08:12,676 home-wahyu260697-document-Erpnext-silverplast-frappe-bench:default: frappe.utils.background_jobs.execute_job(event=None, is_async=True, job_name='frappe.core.doctype.scheduled_job_type.scheduled_job_type.run_scheduled_jo..., kwargs={'job_type': 'frappe.email.doctype.email_account.email_account.pull'}, method='frappe.core.doctype.scheduled_job_type.scheduled_job_type.run_scheduled_jo..., site='dev.local', user='Administrator') (dev.local::scheduled_job::frappe.email.doctype.email_account.email_account.pull)
2026-03-26 21:08:13,072 home-wahyu260697-document-Erpnext-silverplast-frappe-bench:default: Job OK (dev.local::scheduled_job::frappe.email.doctype.email_account.email_account.pull)
2026-03-26 21:08:13,072 Result is kept for 600 seconds
2026-03-26 21:08:13,079 home-wahyu260697-document-Erpnext-silverplast-frappe-bench:default: frappe.utils.background_jobs.execute_job(event=None, is_async=True, job_name='frappe.core.doctype.scheduled_job_type.scheduled_job_type.run_scheduled_jo..., kwargs={'job_type': 'frappe.integrations.doctype.google_calendar.google_calendar.s..., method='frappe.core.doctype.scheduled_job_type.scheduled_job_type.run_scheduled_jo..., site='dev.local', user='Administrator') (dev.local::scheduled_job::frappe.integrations.doctype.google_calendar.google_calendar.sync)
2026-03-26 21:08:13,644 home-wahyu260697-document-Erpnext-silverplast-frappe-bench:default: Job OK (dev.local::scheduled_job::frappe.integrations.doctype.google_calendar.google_calendar.sync)
2026-03-26 21:08:13,644 Result is kept for 600 seconds
2026-03-26 21:08:13,651 home-wahyu260697-document-Erpnext-silverplast-frappe-bench:default: frappe.utils.background_jobs.execute_job(event=None, is_async=True, job_name='frappe.core.doctype.scheduled_job_type.scheduled_job_type.run_scheduled_jo..., kwargs={'job_type': 'frappe.email.queue.flush'}, method='frappe.core.doctype.scheduled_job_type.scheduled_job_type.run_scheduled_jo..., site='dev.local', user='Administrator') (dev.local::scheduled_job::frappe.email.queue.flush)
2026-03-26 21:08:14,138 home-wahyu260697-document-Erpnext-silverplast-frappe-bench:default: Job OK (dev.local::scheduled_job::frappe.email.queue.flush)
2026-03-26 21:08:14,138 Result is kept for 600 seconds
2026-03-26 21:08:14,146 home-wahyu260697-document-Erpnext-silverplast-frappe-bench:long: frappe.utils.background_jobs.execute_job(event=None, is_async=True, job_name='frappe.core.doctype.scheduled_job_type.scheduled_job_type.run_scheduled_jo..., kwargs={'job_type': 'frappe.website.doctype.web_page.web_page.check_publish_status..., method='frappe.core.doctype.scheduled_job_type.scheduled_job_type.run_scheduled_jo..., site='dev.local', user='Administrator') (dev.local::scheduled_job::frappe.website.doctype.web_page.web_page.check_publish_status)
2026-03-26 21:08:14,557 home-wahyu260697-document-Erpnext-silverplast-frappe-bench:long: Job OK (dev.local::scheduled_job::frappe.website.doctype.web_page.web_page.check_publish_status)
2026-03-26 21:08:14,557 Result is kept for 600 seconds
2026-03-26 21:08:14,564 home-wahyu260697-document-Erpnext-silverplast-frappe-bench:long: frappe.utils.background_jobs.execute_job(event=None, is_async=True, job_name='frappe.core.doctype.scheduled_job_type.scheduled_job_type.run_scheduled_jo..., kwargs={'job_type': 'frappe.desk.page.backups.backups.delete_downloadable_backups'..., method='frappe.core.doctype.scheduled_job_type.scheduled_job_type.run_scheduled_jo..., site='dev.local', user='Administrator') (dev.local::scheduled_job::frappe.desk.page.backups.backups.delete_downloadable_backups)
2026-03-26 21:08:14,926 home-wahyu260697-document-Erpnext-silverplast-frappe-bench:long: Job OK (dev.local::scheduled_job::frappe.desk.page.backups.backups.delete_downloadable_backups)
2026-03-26 21:08:14,926 Result is kept for 600 seconds
2026-03-26 21:08:14,933 home-wahyu260697-document-Erpnext-silverplast-frappe-bench:long: frappe.utils.background_jobs.execute_job(event=None, is_async=True, job_name='frappe.core.doctype.scheduled_job_type.scheduled_job_type.run_scheduled_jo..., kwargs={'job_type': 'frappe.model.utils.user_settings.sync_user_settings'}, method='frappe.core.doctype.scheduled_job_type.scheduled_job_type.run_scheduled_jo..., site='dev.local', user='Administrator') (dev.local::scheduled_job::frappe.model.utils.user_settings.sync_user_settings)
2026-03-26 21:08:15,298 home-wahyu260697-document-Erpnext-silverplast-frappe-bench:long: Job OK (dev.local::scheduled_job::frappe.model.utils.user_settings.sync_user_settings)
2026-03-26 21:08:15,298 Result is kept for 600 seconds
2026-03-26 21:08:15,305 home-wahyu260697-document-Erpnext-silverplast-frappe-bench:long: frappe.utils.background_jobs.execute_job(event=None, is_async=True, job_name='frappe.core.doctype.scheduled_job_type.scheduled_job_type.run_scheduled_jo..., kwargs={'job_type': 'frappe.desk.form.document_follow.send_hourly_updates'}, method='frappe.core.doctype.scheduled_job_type.scheduled_job_type.run_scheduled_jo..., site='dev.local', user='Administrator') (dev.local::scheduled_job::frappe.desk.form.document_follow.send_hourly_updates)
2026-03-26 21:08:15,668 home-wahyu260697-document-Erpnext-silverplast-frappe-bench:long: Job OK (dev.local::scheduled_job::frappe.desk.form.document_follow.send_hourly_updates)
2026-03-26 21:08:15,668 Result is kept for 600 seconds
2026-03-26 21:08:15,675 home-wahyu260697-document-Erpnext-silverplast-frappe-bench:long: frappe.utils.background_jobs.execute_job(event=None, is_async=True, job_name='frappe.core.doctype.scheduled_job_type.scheduled_job_type.run_scheduled_jo..., kwargs={'job_type': 'frappe.oauth.delete_oauth2_data'}, method='frappe.core.doctype.scheduled_job_type.scheduled_job_type.run_scheduled_jo..., site='dev.local', user='Administrator') (dev.local::scheduled_job::frappe.oauth.delete_oauth2_data)
2026-03-26 21:08:16,066 home-wahyu260697-document-Erpnext-silverplast-frappe-bench:long: Job OK (dev.local::scheduled_job::frappe.oauth.delete_oauth2_data)
2026-03-26 21:08:16,066 Result is kept for 600 seconds
2026-03-26 21:08:16,073 home-wahyu260697-document-Erpnext-silverplast-frappe-bench:long: frappe.utils.background_jobs.execute_job(event=None, is_async=True, job_name='frappe.core.doctype.scheduled_job_type.scheduled_job_type.run_scheduled_jo..., kwargs={'job_type': 'frappe.twofactor.delete_all_barcodes_for_users'}, method='frappe.core.doctype.scheduled_job_type.scheduled_job_type.run_scheduled_jo..., site='dev.local', user='Administrator') (dev.local::scheduled_job::frappe.twofactor.delete_all_barcodes_for_users)
2026-03-26 21:08:16,449 home-wahyu260697-document-Erpnext-silverplast-frappe-bench:long: Job OK (dev.local::scheduled_job::frappe.twofactor.delete_all_barcodes_for_users)
2026-03-26 21:08:16,449 Result is kept for 600 seconds
2026-03-26 21:10:16,609 home-wahyu260697-document-Erpnext-silverplast-frappe-bench:default: frappe.utils.background_jobs.execute_job(event=None, is_async=True, job_name='frappe.core.doctype.scheduled_job_type.scheduled_job_type.run_scheduled_jo..., kwargs={'job_type': 'frappe.email.doctype.email_account.email_account.pull'}, method='frappe.core.doctype.scheduled_job_type.scheduled_job_type.run_scheduled_jo..., site='dev.local', user='Administrator') (dev.local::scheduled_job::frappe.email.doctype.email_account.email_account.pull)
2026-03-26 21:10:17,049 home-wahyu260697-document-Erpnext-silverplast-frappe-bench:default: Job OK (dev.local::scheduled_job::frappe.email.doctype.email_account.email_account.pull)
2026-03-26 21:10:17,049 Result is kept for 600 seconds
2026-03-26 21:12:24,729 home-wahyu260697-document-Erpnext-silverplast-frappe-bench:default: frappe.utils.background_jobs.execute_job(event=None, is_async=True, job_name='frappe.core.doctype.scheduled_job_type.scheduled_job_type.run_scheduled_jo..., kwargs={'job_type': 'frappe.integrations.doctype.google_calendar.google_calendar.s..., method='frappe.core.doctype.scheduled_job_type.scheduled_job_type.run_scheduled_jo..., site='dev.local', user='Administrator') (dev.local::scheduled_job::frappe.integrations.doctype.google_calendar.google_calendar.sync)
2026-03-26 21:12:25,326 home-wahyu260697-document-Erpnext-silverplast-frappe-bench:default: Job OK (dev.local::scheduled_job::frappe.integrations.doctype.google_calendar.google_calendar.sync)
2026-03-26 21:12:25,327 Result is kept for 600 seconds
2026-03-26 21:12:25,334 home-wahyu260697-document-Erpnext-silverplast-frappe-bench:default: frappe.utils.background_jobs.execute_job(event=None, is_async=True, job_name='frappe.core.doctype.scheduled_job_type.scheduled_job_type.run_scheduled_jo..., kwargs={'job_type': 'frappe.email.queue.retry_sending_emails'}, method='frappe.core.doctype.scheduled_job_type.scheduled_job_type.run_scheduled_jo..., site='dev.local', user='Administrator') (dev.local::scheduled_job::frappe.email.queue.retry_sending_emails)
2026-03-26 21:12:25,715 home-wahyu260697-document-Erpnext-silverplast-frappe-bench:default: Job OK (dev.local::scheduled_job::frappe.email.queue.retry_sending_emails)
2026-03-26 21:12:25,716 Result is kept for 600 seconds
2026-03-26 21:12:25,723 home-wahyu260697-document-Erpnext-silverplast-frappe-bench:default: frappe.utils.background_jobs.execute_job(event=None, is_async=True, job_name='frappe.core.doctype.scheduled_job_type.scheduled_job_type.run_scheduled_jo..., kwargs={'job_type': 'frappe.email.queue.flush'}, method='frappe.core.doctype.scheduled_job_type.scheduled_job_type.run_scheduled_jo..., site='dev.local', user='Administrator') (dev.local::scheduled_job::frappe.email.queue.flush)
2026-03-26 21:12:26,182 home-wahyu260697-document-Erpnext-silverplast-frappe-bench:default: Job OK (dev.local::scheduled_job::frappe.email.queue.flush)
2026-03-26 21:12:26,182 Result is kept for 600 seconds
2026-03-26 21:12:26,189 home-wahyu260697-document-Erpnext-silverplast-frappe-bench:default: frappe.utils.background_jobs.execute_job(event=None, is_async=True, job_name='frappe.core.doctype.scheduled_job_type.scheduled_job_type.run_scheduled_jo..., kwargs={'job_type': 'frappe.monitor.flush'}, method='frappe.core.doctype.scheduled_job_type.scheduled_job_type.run_scheduled_jo..., site='dev.local', user='Administrator') (dev.local::scheduled_job::frappe.monitor.flush)
2026-03-26 21:12:26,510 home-wahyu260697-document-Erpnext-silverplast-frappe-bench:default: Job OK (dev.local::scheduled_job::frappe.monitor.flush)
2026-03-26 21:12:26,510 Result is kept for 600 seconds
2026-03-26 21:12:57,677 Worker d8f77bfc10a844bcaad4241794cf86d8 [PID 72771]: warm shut down requested
2026-03-26 21:12:57,679 Unsubscribing from channel rq:pubsub:d8f77bfc10a844bcaad4241794cf86d8
2026-03-26 21:17:55,328 Worker rq:worker:4fd149ef2130400c83a74750bb368a1c started with PID 74988, version 1.15.1
2026-03-26 21:17:55,328 Subscribing to channel rq:pubsub:4fd149ef2130400c83a74750bb368a1c
2026-03-26 21:17:55,402 *** Listening on home-wahyu260697-document-Erpnext-silverplast-frappe-bench:short, home-wahyu260697-document-Erpnext-silverplast-frappe-bench:default, home-wahyu260697-document-Erpnext-silverplast-frappe-bench:long...
2026-03-26 21:17:55,404 Cleaning registries for queue: home-wahyu260697-document-Erpnext-silverplast-frappe-bench:short
2026-03-26 21:17:55,411 Cleaning registries for queue: home-wahyu260697-document-Erpnext-silverplast-frappe-bench:default
2026-03-26 21:17:55,414 Cleaning registries for queue: home-wahyu260697-document-Erpnext-silverplast-frappe-bench:long
2026-03-26 21:18:45,466 home-wahyu260697-document-Erpnext-silverplast-frappe-bench:long: frappe.utils.background_jobs.execute_job(event=None, is_async=True, job_name='frappe.search.website_search.build_index_for_all_routes', kwargs={}, method=<function build_index_for_all_routes at 0x7fd3c309c860>, site='dev.local', user='Administrator') (dev.local::9ff228b3-4263-4270-b1e0-b581aa6465cb)
Retrieving Routes                   : [=                                       ] 3%Retrieving Routes                   : [==                                      ] 6%Retrieving Routes                   : [===                                     ] 9%Retrieving Routes                   : [=====                                   ] 12%Retrieving Routes                   : [======                                  ] 16%Retrieving Routes                   : [=======                                 ] 19%Retrieving Routes                   : [=========                               ] 22%Retrieving Routes                   : [==========                              ] 25%Retrieving Routes                   : [===========                             ] 29%Retrieving Routes                   : [============                            ] 32%Retrieving Routes                   : [==============                          ] 35%Retrieving Routes                   : [===============                         ] 38%Retrieving Routes                   : [================                        ] 41%Retrieving Routes                   : [==================                      ] 45%Retrieving Routes                   : [===================                     ] 48%Retrieving Routes                   : [====================                    ] 51%Retrieving Routes                   : [=====================                   ] 54%Retrieving Routes                   : [=======================                 ] 58%Retrieving Routes                   : [========================                ] 61%Retrieving Routes                   : [=========================               ] 64%Retrieving Routes                   : [===========================             ] 67%Retrieving Routes                   : [============================            ] 70%Retrieving Routes                   : [=============================           ] 74%Retrieving Routes                   : [==============================          ] 77%Retrieving Routes                   : [================================        ] 80%Retrieving Routes                   : [=================================       ] 83%Retrieving Routes                   : [==================================      ] 87%Retrieving Routes                   : [====================================    ] 90%Retrieving Routes                   : [=====================================   ] 93%Retrieving Routes                   : [======================================  ] 96%Retrieving Routes                   : [========================================] 100%
Building Index                      : [=                                       ] 3%Building Index                      : [==                                      ] 6%Building Index                      : [===                                     ] 9%Building Index                      : [=====                                   ] 12%Building Index                      : [======                                  ] 16%Building Index                      : [=======                                 ] 19%Building Index                      : [=========                               ] 22%Building Index                      : [==========                              ] 25%Building Index                      : [===========                             ] 29%Building Index                      : [============                            ] 32%Building Index                      : [==============                          ] 35%Building Index                      : [===============                         ] 38%Building Index                      : [================                        ] 41%Building Index                      : [==================                      ] 45%Building Index                      : [===================                     ] 48%Building Index                      : [====================                    ] 51%Building Index                      : [=====================                   ] 54%Building Index                      : [=======================                 ] 58%Building Index                      : [========================                ] 61%Building Index                      : [=========================               ] 64%Building Index                      : [===========================             ] 67%Building Index                      : [============================            ] 70%Building Index                      : [=============================           ] 74%Building Index                      : [==============================          ] 77%Building Index                      : [================================        ] 80%Building Index                      : [=================================       ] 83%Building Index                      : [==================================      ] 87%Building Index                      : [====================================    ] 90%Building Index                      : [=====================================   ] 93%Building Index                      : [======================================  ] 96%Building Index                      : [========================================] 100%2026-03-26 21:18:54,827 home-wahyu260697-document-Erpnext-silverplast-frappe-bench:long: Job OK (dev.local::9ff228b3-4263-4270-b1e0-b581aa6465cb)
2026-03-26 21:18:54,828 Result is kept for 600 seconds
2026-03-26 21:19:00,135 home-wahyu260697-document-Erpnext-silverplast-frappe-bench:default: frappe.utils.background_jobs.execute_job(event=None, is_async=True, job_name='frappe.core.doctype.scheduled_job_type.scheduled_job_type.run_scheduled_jo..., kwargs={'job_type': 'frappe.integrations.doctype.google_calendar.google_calendar.s..., method='frappe.core.doctype.scheduled_job_type.scheduled_job_type.run_scheduled_jo..., site='dev.local', user='Administrator') (dev.local::scheduled_job::frappe.integrations.doctype.google_calendar.google_calendar.sync)
2026-03-26 21:19:01,069 home-wahyu260697-document-Erpnext-silverplast-frappe-bench:default: Job OK (dev.local::scheduled_job::frappe.integrations.doctype.google_calendar.google_calendar.sync)
2026-03-26 21:19:01,069 Result is kept for 600 seconds
2026-03-26 21:19:01,079 home-wahyu260697-document-Erpnext-silverplast-frappe-bench:default: frappe.utils.background_jobs.execute_job(event=None, is_async=True, job_name='frappe.core.doctype.scheduled_job_type.scheduled_job_type.run_scheduled_jo..., kwargs={'job_type': 'frappe.email.queue.retry_sending_emails'}, method='frappe.core.doctype.scheduled_job_type.scheduled_job_type.run_scheduled_jo..., site='dev.local', user='Administrator') (dev.local::scheduled_job::frappe.email.queue.retry_sending_emails)
2026-03-26 21:19:01,442 home-wahyu260697-document-Erpnext-silverplast-frappe-bench:default: Job OK (dev.local::scheduled_job::frappe.email.queue.retry_sending_emails)
2026-03-26 21:19:01,443 Result is kept for 600 seconds
2026-03-26 21:19:01,451 home-wahyu260697-document-Erpnext-silverplast-frappe-bench:default: frappe.utils.background_jobs.execute_job(event=None, is_async=True, job_name='frappe.core.doctype.scheduled_job_type.scheduled_job_type.run_scheduled_jo..., kwargs={'job_type': 'frappe.email.queue.flush'}, method='frappe.core.doctype.scheduled_job_type.scheduled_job_type.run_scheduled_jo..., site='dev.local', user='Administrator') (dev.local::scheduled_job::frappe.email.queue.flush)
2026-03-26 21:19:01,939 home-wahyu260697-document-Erpnext-silverplast-frappe-bench:default: Job OK (dev.local::scheduled_job::frappe.email.queue.flush)
2026-03-26 21:19:01,939 Result is kept for 600 seconds
2026-03-26 21:19:01,949 home-wahyu260697-document-Erpnext-silverplast-frappe-bench:default: frappe.utils.background_jobs.execute_job(event=None, is_async=True, job_name='frappe.core.doctype.scheduled_job_type.scheduled_job_type.run_scheduled_jo..., kwargs={'job_type': 'frappe.model.utils.link_count.update_link_count'}, method='frappe.core.doctype.scheduled_job_type.scheduled_job_type.run_scheduled_jo..., site='dev.local', user='Administrator') (dev.local::scheduled_job::frappe.model.utils.link_count.update_link_count)
2026-03-26 21:19:02,484 home-wahyu260697-document-Erpnext-silverplast-frappe-bench:default: Job OK (dev.local::scheduled_job::frappe.model.utils.link_count.update_link_count)
2026-03-26 21:19:02,484 Result is kept for 600 seconds
2026-03-26 21:19:02,494 home-wahyu260697-document-Erpnext-silverplast-frappe-bench:default: frappe.utils.background_jobs.execute_job(event=None, is_async=True, job_name='frappe.core.doctype.scheduled_job_type.scheduled_job_type.run_scheduled_jo..., kwargs={'job_type': 'frappe.automation.doctype.reminder.reminder.send_reminders'}, method='frappe.core.doctype.scheduled_job_type.scheduled_job_type.run_scheduled_jo..., site='dev.local', user='Administrator') (dev.local::scheduled_job::frappe.automation.doctype.reminder.reminder.send_reminders)
2026-03-26 21:19:04,923 home-wahyu260697-document-Erpnext-silverplast-frappe-bench:default: Job OK (dev.local::scheduled_job::frappe.automation.doctype.reminder.reminder.send_reminders)
2026-03-26 21:19:04,923 Result is kept for 600 seconds
2026-03-26 21:19:04,932 home-wahyu260697-document-Erpnext-silverplast-frappe-bench:default: frappe.utils.background_jobs.execute_job(event=None, is_async=True, job_name='frappe.core.doctype.scheduled_job_type.scheduled_job_type.run_scheduled_jo..., kwargs={'job_type': 'frappe.deferred_insert.save_to_db'}, method='frappe.core.doctype.scheduled_job_type.scheduled_job_type.run_scheduled_jo..., site='dev.local', user='Administrator') (dev.local::scheduled_job::frappe.deferred_insert.save_to_db)
2026-03-26 21:19:05,366 home-wahyu260697-document-Erpnext-silverplast-frappe-bench:default: Job OK (dev.local::scheduled_job::frappe.deferred_insert.save_to_db)
2026-03-26 21:19:05,366 Result is kept for 600 seconds
2026-03-26 21:19:05,374 home-wahyu260697-document-Erpnext-silverplast-frappe-bench:default: frappe.utils.background_jobs.execute_job(event=None, is_async=True, job_name='frappe.core.doctype.scheduled_job_type.scheduled_job_type.run_scheduled_jo..., kwargs={'job_type': 'frappe.search.sqlite_search.build_index_if_not_exists'}, method='frappe.core.doctype.scheduled_job_type.scheduled_job_type.run_scheduled_jo..., site='dev.local', user='Administrator') (dev.local::scheduled_job::frappe.search.sqlite_search.build_index_if_not_exists)
2026-03-26 21:19:05,749 home-wahyu260697-document-Erpnext-silverplast-frappe-bench:default: Job OK (dev.local::scheduled_job::frappe.search.sqlite_search.build_index_if_not_exists)
2026-03-26 21:19:05,749 Result is kept for 600 seconds
2026-03-26 21:19:05,758 home-wahyu260697-document-Erpnext-silverplast-frappe-bench:default: frappe.utils.background_jobs.execute_job(event=None, is_async=True, job_name='frappe.core.doctype.scheduled_job_type.scheduled_job_type.run_scheduled_jo..., kwargs={'job_type': 'frappe.email.doctype.email_account.email_account.notify_unrep..., method='frappe.core.doctype.scheduled_job_type.scheduled_job_type.run_scheduled_jo..., site='dev.local', user='Administrator') (dev.local::scheduled_job::frappe.email.doctype.email_account.email_account.notify_unreplied)
2026-03-26 21:19:06,190 home-wahyu260697-document-Erpnext-silverplast-frappe-bench:default: Job OK (dev.local::scheduled_job::frappe.email.doctype.email_account.email_account.notify_unreplied)
2026-03-26 21:19:06,190 Result is kept for 600 seconds
2026-03-26 21:19:06,200 home-wahyu260697-document-Erpnext-silverplast-frappe-bench:default: frappe.utils.background_jobs.execute_job(event=None, is_async=True, job_name='frappe.core.doctype.scheduled_job_type.scheduled_job_type.run_scheduled_jo..., kwargs={'job_type': 'frappe.utils.telemetry.pulse.client.send_queued_events'}, method='frappe.core.doctype.scheduled_job_type.scheduled_job_type.run_scheduled_jo..., site='dev.local', user='Administrator') (dev.local::scheduled_job::frappe.utils.telemetry.pulse.client.send_queued_events)
2026-03-26 21:19:06,600 home-wahyu260697-document-Erpnext-silverplast-frappe-bench:default: Job OK (dev.local::scheduled_job::frappe.utils.telemetry.pulse.client.send_queued_events)
2026-03-26 21:19:06,600 Result is kept for 600 seconds
2026-03-26 21:19:06,608 home-wahyu260697-document-Erpnext-silverplast-frappe-bench:default: frappe.utils.background_jobs.execute_job(event=None, is_async=True, job_name='frappe.core.doctype.scheduled_job_type.scheduled_job_type.run_scheduled_jo..., kwargs={'job_type': 'frappe.monitor.flush'}, method='frappe.core.doctype.scheduled_job_type.scheduled_job_type.run_scheduled_jo..., site='dev.local', user='Administrator') (dev.local::scheduled_job::frappe.monitor.flush)
2026-03-26 21:19:06,719 Worker 4fd149ef2130400c83a74750bb368a1c [PID 74988]: warm shut down requested
2026-03-26 21:19:07,024 home-wahyu260697-document-Erpnext-silverplast-frappe-bench:default: Job OK (dev.local::scheduled_job::frappe.monitor.flush)
2026-03-26 21:19:07,024 Result is kept for 600 seconds
2026-03-26 21:19:07,030 Worker rq:worker:4fd149ef2130400c83a74750bb368a1c: stopping on request
2026-03-26 21:19:07,032 Unsubscribing from channel rq:pubsub:4fd149ef2130400c83a74750bb368a1c
2026-03-26 21:19:09,942 Worker rq:worker:fd498b1f5d3a4783a075f50f03f50406 started with PID 75737, version 1.15.1
2026-03-26 21:19:09,942 Subscribing to channel rq:pubsub:fd498b1f5d3a4783a075f50f03f50406
2026-03-26 21:19:09,943 *** Listening on home-wahyu260697-document-Erpnext-silverplast-frappe-bench:short, home-wahyu260697-document-Erpnext-silverplast-frappe-bench:default, home-wahyu260697-document-Erpnext-silverplast-frappe-bench:long...
2026-03-26 21:19:09,948 home-wahyu260697-document-Erpnext-silverplast-frappe-bench:default: frappe.utils.background_jobs.execute_job(event=None, is_async=True, job_name='frappe.core.doctype.scheduled_job_type.scheduled_job_type.run_scheduled_jo..., kwargs={'job_type': 'frappe.utils.global_search.sync_global_search'}, method='frappe.core.doctype.scheduled_job_type.scheduled_job_type.run_scheduled_jo..., site='dev.local', user='Administrator') (dev.local::scheduled_job::frappe.utils.global_search.sync_global_search)
2026-03-26 21:19:10,483 home-wahyu260697-document-Erpnext-silverplast-frappe-bench:default: Job OK (dev.local::scheduled_job::frappe.utils.global_search.sync_global_search)
2026-03-26 21:19:10,483 Result is kept for 600 seconds
2026-03-26 21:20:14,639 home-wahyu260697-document-Erpnext-silverplast-frappe-bench:default: frappe.utils.background_jobs.execute_job(event=None, is_async=True, job_name='frappe.core.doctype.scheduled_job_type.scheduled_job_type.run_scheduled_jo..., kwargs={'job_type': 'frappe.email.queue.retry_sending_emails'}, method='frappe.core.doctype.scheduled_job_type.scheduled_job_type.run_scheduled_jo..., site='dev.local', user='Administrator') (dev.local::scheduled_job::frappe.email.queue.retry_sending_emails)
2026-03-26 21:20:15,019 home-wahyu260697-document-Erpnext-silverplast-frappe-bench:default: Job OK (dev.local::scheduled_job::frappe.email.queue.retry_sending_emails)
2026-03-26 21:20:15,019 Result is kept for 600 seconds
2026-03-26 21:20:15,028 home-wahyu260697-document-Erpnext-silverplast-frappe-bench:default: frappe.utils.background_jobs.execute_job(event=None, is_async=True, job_name='frappe.core.doctype.scheduled_job_type.scheduled_job_type.run_scheduled_jo..., kwargs={'job_type': 'frappe.monitor.flush'}, method='frappe.core.doctype.scheduled_job_type.scheduled_job_type.run_scheduled_jo..., site='dev.local', user='Administrator') (dev.local::scheduled_job::frappe.monitor.flush)
2026-03-26 21:20:15,361 home-wahyu260697-document-Erpnext-silverplast-frappe-bench:default: Job OK (dev.local::scheduled_job::frappe.monitor.flush)
2026-03-26 21:20:15,361 Result is kept for 600 seconds
2026-03-26 21:20:15,370 home-wahyu260697-document-Erpnext-silverplast-frappe-bench:default: frappe.utils.background_jobs.execute_job(event=None, is_async=True, job_name='frappe.core.doctype.scheduled_job_type.scheduled_job_type.run_scheduled_jo..., kwargs={'job_type': 'frappe.integrations.doctype.google_calendar.google_calendar.s..., method='frappe.core.doctype.scheduled_job_type.scheduled_job_type.run_scheduled_jo..., site='dev.local', user='Administrator') (dev.local::scheduled_job::frappe.integrations.doctype.google_calendar.google_calendar.sync)
2026-03-26 21:20:15,892 home-wahyu260697-document-Erpnext-silverplast-frappe-bench:default: Job OK (dev.local::scheduled_job::frappe.integrations.doctype.google_calendar.google_calendar.sync)
2026-03-26 21:20:15,892 Result is kept for 600 seconds
2026-03-26 21:20:15,901 home-wahyu260697-document-Erpnext-silverplast-frappe-bench:default: frappe.utils.background_jobs.execute_job(event=None, is_async=True, job_name='frappe.core.doctype.scheduled_job_type.scheduled_job_type.run_scheduled_jo..., kwargs={'job_type': 'frappe.email.doctype.email_account.email_account.pull'}, method='frappe.core.doctype.scheduled_job_type.scheduled_job_type.run_scheduled_jo..., site='dev.local', user='Administrator') (dev.local::scheduled_job::frappe.email.doctype.email_account.email_account.pull)
2026-03-26 21:20:16,342 home-wahyu260697-document-Erpnext-silverplast-frappe-bench:default: Job OK (dev.local::scheduled_job::frappe.email.doctype.email_account.email_account.pull)
2026-03-26 21:20:16,342 Result is kept for 600 seconds
2026-03-26 21:20:16,352 home-wahyu260697-document-Erpnext-silverplast-frappe-bench:default: frappe.utils.background_jobs.execute_job(event=None, is_async=True, job_name='frappe.core.doctype.scheduled_job_type.scheduled_job_type.run_scheduled_jo..., kwargs={'job_type': 'frappe.email.queue.flush'}, method='frappe.core.doctype.scheduled_job_type.scheduled_job_type.run_scheduled_jo..., site='dev.local', user='Administrator') (dev.local::scheduled_job::frappe.email.queue.flush)
2026-03-26 21:20:16,828 home-wahyu260697-document-Erpnext-silverplast-frappe-bench:default: Job OK (dev.local::scheduled_job::frappe.email.queue.flush)
2026-03-26 21:20:16,828 Result is kept for 600 seconds
2026-03-26 21:20:24,157 Worker fd498b1f5d3a4783a075f50f03f50406 [PID 75737]: warm shut down requested
2026-03-26 21:20:24,160 Unsubscribing from channel rq:pubsub:fd498b1f5d3a4783a075f50f03f50406
2026-03-26 21:21:24,107 Worker rq:worker:c21c15186c73452a803d8dbe54a8b3b8 started with PID 76270, version 1.15.1
2026-03-26 21:21:24,107 Subscribing to channel rq:pubsub:c21c15186c73452a803d8dbe54a8b3b8
2026-03-26 21:21:24,109 *** Listening on home-wahyu260697-document-Erpnext-silverplast-frappe-bench:short, home-wahyu260697-document-Erpnext-silverplast-frappe-bench:default, home-wahyu260697-document-Erpnext-silverplast-frappe-bench:long...
2026-03-26 21:22:04,101 Worker c21c15186c73452a803d8dbe54a8b3b8 [PID 76270]: warm shut down requested
2026-03-26 21:22:04,105 Unsubscribing from channel rq:pubsub:c21c15186c73452a803d8dbe54a8b3b8
2026-03-26 21:22:13,051 Worker rq:worker:ec2118a230dd4d80b2374419e7e8d97a started with PID 76522, version 1.15.1
2026-03-26 21:22:13,051 Subscribing to channel rq:pubsub:ec2118a230dd4d80b2374419e7e8d97a
2026-03-26 21:22:13,053 *** Listening on home-wahyu260697-document-Erpnext-silverplast-frappe-bench:short, home-wahyu260697-document-Erpnext-silverplast-frappe-bench:default, home-wahyu260697-document-Erpnext-silverplast-frappe-bench:long...
2026-03-26 21:23:55,313 home-wahyu260697-document-Erpnext-silverplast-frappe-bench:long: frappe.utils.background_jobs.execute_job(event=None, is_async=True, job_name='frappe.search.website_search.build_index_for_all_routes', kwargs={}, method=<function build_index_for_all_routes at 0x7f805fe98860>, site='dev.local', user='Administrator') (dev.local::fa1585fa-89ef-4d3b-a2cf-88d57867fa85)
Retrieving Routes                   : [=                                       ] 3%Retrieving Routes                   : [==                                      ] 6%Retrieving Routes                   : [===                                     ] 9%Retrieving Routes                   : [=====                                   ] 12%Retrieving Routes                   : [======                                  ] 16%Retrieving Routes                   : [=======                                 ] 19%Retrieving Routes                   : [=========                               ] 22%Retrieving Routes                   : [==========                              ] 25%Retrieving Routes                   : [===========                             ] 29%Retrieving Routes                   : [============                            ] 32%Retrieving Routes                   : [==============                          ] 35%Retrieving Routes                   : [===============                         ] 38%Retrieving Routes                   : [================                        ] 41%Retrieving Routes                   : [==================                      ] 45%Retrieving Routes                   : [===================                     ] 48%Retrieving Routes                   : [====================                    ] 51%Retrieving Routes                   : [=====================                   ] 54%Retrieving Routes                   : [=======================                 ] 58%Retrieving Routes                   : [========================                ] 61%Retrieving Routes                   : [=========================               ] 64%Retrieving Routes                   : [===========================             ] 67%Retrieving Routes                   : [============================            ] 70%Retrieving Routes                   : [=============================           ] 74%Retrieving Routes                   : [==============================          ] 77%Retrieving Routes                   : [================================        ] 80%Retrieving Routes                   : [=================================       ] 83%Retrieving Routes                   : [==================================      ] 87%Retrieving Routes                   : [====================================    ] 90%Retrieving Routes                   : [=====================================   ] 93%Retrieving Routes                   : [======================================  ] 96%Retrieving Routes                   : [========================================] 100%
Building Index                      : [=                                       ] 3%Building Index                      : [==                                      ] 6%Building Index                      : [===                                     ] 9%Building Index                      : [=====                                   ] 12%Building Index                      : [======                                  ] 16%Building Index                      : [=======                                 ] 19%Building Index                      : [=========                               ] 22%Building Index                      : [==========                              ] 25%Building Index                      : [===========                             ] 29%Building Index                      : [============                            ] 32%Building Index                      : [==============                          ] 35%Building Index                      : [===============                         ] 38%Building Index                      : [================                        ] 41%Building Index                      : [==================                      ] 45%Building Index                      : [===================                     ] 48%Building Index                      : [====================                    ] 51%Building Index                      : [=====================                   ] 54%Building Index                      : [=======================                 ] 58%Building Index                      : [========================                ] 61%Building Index                      : [=========================               ] 64%Building Index                      : [===========================             ] 67%Building Index                      : [============================            ] 70%Building Index                      : [=============================           ] 74%Building Index                      : [==============================          ] 77%Building Index                      : [================================        ] 80%Building Index                      : [=================================       ] 83%Building Index                      : [==================================      ] 87%Building Index                      : [====================================    ] 90%Building Index                      : [=====================================   ] 93%Building Index                      : [======================================  ] 96%Building Index                      : [========================================] 100%2026-03-26 21:24:04,572 home-wahyu260697-document-Erpnext-silverplast-frappe-bench:long: Job OK (dev.local::fa1585fa-89ef-4d3b-a2cf-88d57867fa85)
2026-03-26 21:24:04,573 Result is kept for 600 seconds
2026-03-26 21:24:21,958 home-wahyu260697-document-Erpnext-silverplast-frappe-bench:default: frappe.utils.background_jobs.execute_job(event=None, is_async=True, job_name='frappe.core.doctype.scheduled_job_type.scheduled_job_type.run_scheduled_jo..., kwargs={'job_type': 'frappe.email.queue.flush'}, method='frappe.core.doctype.scheduled_job_type.scheduled_job_type.run_scheduled_jo..., site='dev.local', user='Administrator') (dev.local::scheduled_job::frappe.email.queue.flush)
2026-03-26 21:24:23,330 home-wahyu260697-document-Erpnext-silverplast-frappe-bench:default: Job OK (dev.local::scheduled_job::frappe.email.queue.flush)
2026-03-26 21:24:23,331 Result is kept for 600 seconds
2026-03-26 21:24:23,341 home-wahyu260697-document-Erpnext-silverplast-frappe-bench:default: frappe.utils.background_jobs.execute_job(event=None, is_async=True, job_name='frappe.core.doctype.scheduled_job_type.scheduled_job_type.run_scheduled_jo..., kwargs={'job_type': 'frappe.email.queue.retry_sending_emails'}, method='frappe.core.doctype.scheduled_job_type.scheduled_job_type.run_scheduled_jo..., site='dev.local', user='Administrator') (dev.local::scheduled_job::frappe.email.queue.retry_sending_emails)
2026-03-26 21:24:24,991 home-wahyu260697-document-Erpnext-silverplast-frappe-bench:default: Job OK (dev.local::scheduled_job::frappe.email.queue.retry_sending_emails)
2026-03-26 21:24:24,991 Result is kept for 600 seconds
2026-03-26 21:24:25,000 home-wahyu260697-document-Erpnext-silverplast-frappe-bench:default: frappe.utils.background_jobs.execute_job(event=None, is_async=True, job_name='frappe.core.doctype.scheduled_job_type.scheduled_job_type.run_scheduled_jo..., kwargs={'job_type': 'frappe.integrations.doctype.google_calendar.google_calendar.s..., method='frappe.core.doctype.scheduled_job_type.scheduled_job_type.run_scheduled_jo..., site='dev.local', user='Administrator') (dev.local::scheduled_job::frappe.integrations.doctype.google_calendar.google_calendar.sync)
2026-03-26 21:24:25,604 home-wahyu260697-document-Erpnext-silverplast-frappe-bench:default: Job OK (dev.local::scheduled_job::frappe.integrations.doctype.google_calendar.google_calendar.sync)
2026-03-26 21:24:25,604 Result is kept for 600 seconds
2026-03-26 21:24:25,614 home-wahyu260697-document-Erpnext-silverplast-frappe-bench:default: frappe.utils.background_jobs.execute_job(event=None, is_async=True, job_name='frappe.core.doctype.scheduled_job_type.scheduled_job_type.run_scheduled_jo..., kwargs={'job_type': 'frappe.monitor.flush'}, method='frappe.core.doctype.scheduled_job_type.scheduled_job_type.run_scheduled_jo..., site='dev.local', user='Administrator') (dev.local::scheduled_job::frappe.monitor.flush)
2026-03-26 21:24:25,949 home-wahyu260697-document-Erpnext-silverplast-frappe-bench:default: Job OK (dev.local::scheduled_job::frappe.monitor.flush)
2026-03-26 21:24:25,949 Result is kept for 600 seconds
2026-03-26 21:25:11,382 home-wahyu260697-document-Erpnext-silverplast-frappe-bench:long: frappe.utils.background_jobs.execute_job(event=None, is_async=True, job_name='frappe.search.website_search.build_index_for_all_routes', kwargs={}, method=<function build_index_for_all_routes at 0x7faa3b9a0860>, site='dev.local', user='Administrator') (dev.local::b78a0637-1b18-4712-a7ab-3311e1b71d4a)
Retrieving Routes                   : [=                                       ] 3%Retrieving Routes                   : [==                                      ] 6%Retrieving Routes                   : [===                                     ] 9%Retrieving Routes                   : [=====                                   ] 12%Retrieving Routes                   : [======                                  ] 16%Retrieving Routes                   : [=======                                 ] 19%Retrieving Routes                   : [=========                               ] 22%Retrieving Routes                   : [==========                              ] 25%Retrieving Routes                   : [===========                             ] 29%Retrieving Routes                   : [============                            ] 32%Retrieving Routes                   : [==============                          ] 35%Retrieving Routes                   : [===============                         ] 38%Retrieving Routes                   : [================                        ] 41%Retrieving Routes                   : [==================                      ] 45%Retrieving Routes                   : [===================                     ] 48%Retrieving Routes                   : [====================                    ] 51%Retrieving Routes                   : [=====================                   ] 54%Retrieving Routes                   : [=======================                 ] 58%Retrieving Routes                   : [========================                ] 61%Retrieving Routes                   : [=========================               ] 64%Retrieving Routes                   : [===========================             ] 67%Retrieving Routes                   : [============================            ] 70%Retrieving Routes                   : [=============================           ] 74%Retrieving Routes                   : [==============================          ] 77%Retrieving Routes                   : [================================        ] 80%Retrieving Routes                   : [=================================       ] 83%Retrieving Routes                   : [==================================      ] 87%Retrieving Routes                   : [====================================    ] 90%Retrieving Routes                   : [=====================================   ] 93%Retrieving Routes                   : [======================================  ] 96%Retrieving Routes                   : [========================================] 100%
Building Index                      : [=                                       ] 3%Building Index                      : [==                                      ] 6%Building Index                      : [===                                     ] 9%Building Index                      : [=====                                   ] 12%Building Index                      : [======                                  ] 16%Building Index                      : [=======                                 ] 19%Building Index                      : [=========                               ] 22%Building Index                      : [==========                              ] 25%Building Index                      : [===========                             ] 29%Building Index                      : [============                            ] 32%Building Index                      : [==============                          ] 35%Building Index                      : [===============                         ] 38%Building Index                      : [================                        ] 41%Building Index                      : [==================                      ] 45%Building Index                      : [===================                     ] 48%Building Index                      : [====================                    ] 51%Building Index                      : [=====================                   ] 54%Building Index                      : [=======================                 ] 58%Building Index                      : [========================                ] 61%Building Index                      : [=========================               ] 64%Building Index                      : [===========================             ] 67%Building Index                      : [============================            ] 70%Building Index                      : [=============================           ] 74%Building Index                      : [==============================          ] 77%Building Index                      : [================================        ] 80%Building Index                      : [=================================       ] 83%Building Index                      : [==================================      ] 87%Building Index                      : [====================================    ] 90%Building Index                      : [=====================================   ] 93%Building Index                      : [======================================  ] 96%Building Index                      : [========================================] 100%2026-03-26 21:25:19,383 home-wahyu260697-document-Erpnext-silverplast-frappe-bench:long: Job OK (dev.local::b78a0637-1b18-4712-a7ab-3311e1b71d4a)
2026-03-26 21:25:19,383 Result is kept for 600 seconds
2026-03-26 21:28:38,332 home-wahyu260697-document-Erpnext-silverplast-frappe-bench:default: frappe.utils.background_jobs.execute_job(event=None, is_async=True, job_name='frappe.core.doctype.scheduled_job_type.scheduled_job_type.run_scheduled_jo..., kwargs={'job_type': 'frappe.integrations.doctype.google_calendar.google_calendar.s..., method='frappe.core.doctype.scheduled_job_type.scheduled_job_type.run_scheduled_jo..., site='dev.local', user='Administrator') (dev.local::scheduled_job::frappe.integrations.doctype.google_calendar.google_calendar.sync)
2026-03-26 21:28:40,991 home-wahyu260697-document-Erpnext-silverplast-frappe-bench:default: Job OK (dev.local::scheduled_job::frappe.integrations.doctype.google_calendar.google_calendar.sync)
2026-03-26 21:28:40,991 Result is kept for 600 seconds
2026-03-26 21:28:41,001 home-wahyu260697-document-Erpnext-silverplast-frappe-bench:default: frappe.utils.background_jobs.execute_job(event=None, is_async=True, job_name='frappe.core.doctype.scheduled_job_type.scheduled_job_type.run_scheduled_jo..., kwargs={'job_type': 'frappe.monitor.flush'}, method='frappe.core.doctype.scheduled_job_type.scheduled_job_type.run_scheduled_jo..., site='dev.local', user='Administrator') (dev.local::scheduled_job::frappe.monitor.flush)
2026-03-26 21:28:41,345 home-wahyu260697-document-Erpnext-silverplast-frappe-bench:default: Job OK (dev.local::scheduled_job::frappe.monitor.flush)
2026-03-26 21:28:41,345 Result is kept for 600 seconds
2026-03-26 21:28:41,355 home-wahyu260697-document-Erpnext-silverplast-frappe-bench:default: frappe.utils.background_jobs.execute_job(event=None, is_async=True, job_name='frappe.core.doctype.scheduled_job_type.scheduled_job_type.run_scheduled_jo..., kwargs={'job_type': 'frappe.email.queue.retry_sending_emails'}, method='frappe.core.doctype.scheduled_job_type.scheduled_job_type.run_scheduled_jo..., site='dev.local', user='Administrator') (dev.local::scheduled_job::frappe.email.queue.retry_sending_emails)
2026-03-26 21:28:41,734 home-wahyu260697-document-Erpnext-silverplast-frappe-bench:default: Job OK (dev.local::scheduled_job::frappe.email.queue.retry_sending_emails)
2026-03-26 21:28:41,734 Result is kept for 600 seconds
2026-03-26 21:28:41,743 home-wahyu260697-document-Erpnext-silverplast-frappe-bench:default: frappe.utils.background_jobs.execute_job(event=None, is_async=True, job_name='frappe.core.doctype.scheduled_job_type.scheduled_job_type.run_scheduled_jo..., kwargs={'job_type': 'frappe.email.queue.flush'}, method='frappe.core.doctype.scheduled_job_type.scheduled_job_type.run_scheduled_jo..., site='dev.local', user='Administrator') (dev.local::scheduled_job::frappe.email.queue.flush)
2026-03-26 21:28:42,233 home-wahyu260697-document-Erpnext-silverplast-frappe-bench:default: Job OK (dev.local::scheduled_job::frappe.email.queue.flush)
2026-03-26 21:28:42,233 Result is kept for 600 seconds
2026-03-26 21:30:47,391 home-wahyu260697-document-Erpnext-silverplast-frappe-bench:default: frappe.utils.background_jobs.execute_job(event=None, is_async=True, job_name='frappe.core.doctype.scheduled_job_type.scheduled_job_type.run_scheduled_jo..., kwargs={'job_type': 'frappe.utils.global_search.sync_global_search'}, method='frappe.core.doctype.scheduled_job_type.scheduled_job_type.run_scheduled_jo..., site='dev.local', user='Administrator') (dev.local::scheduled_job::frappe.utils.global_search.sync_global_search)
2026-03-26 21:30:49,083 home-wahyu260697-document-Erpnext-silverplast-frappe-bench:default: Job OK (dev.local::scheduled_job::frappe.utils.global_search.sync_global_search)
2026-03-26 21:30:49,083 Result is kept for 600 seconds
2026-03-26 21:30:49,093 home-wahyu260697-document-Erpnext-silverplast-frappe-bench:default: frappe.utils.background_jobs.execute_job(event=None, is_async=True, job_name='frappe.core.doctype.scheduled_job_type.scheduled_job_type.run_scheduled_jo..., kwargs={'job_type': 'frappe.utils.telemetry.pulse.client.send_queued_events'}, method='frappe.core.doctype.scheduled_job_type.scheduled_job_type.run_scheduled_jo..., site='dev.local', user='Administrator') (dev.local::scheduled_job::frappe.utils.telemetry.pulse.client.send_queued_events)
2026-03-26 21:30:49,478 home-wahyu260697-document-Erpnext-silverplast-frappe-bench:default: Job OK (dev.local::scheduled_job::frappe.utils.telemetry.pulse.client.send_queued_events)
2026-03-26 21:30:49,478 Result is kept for 600 seconds
2026-03-26 21:30:49,487 home-wahyu260697-document-Erpnext-silverplast-frappe-bench:default: frappe.utils.background_jobs.execute_job(event=None, is_async=True, job_name='frappe.core.doctype.scheduled_job_type.scheduled_job_type.run_scheduled_jo..., kwargs={'job_type': 'frappe.email.doctype.email_account.email_account.notify_unrep..., method='frappe.core.doctype.scheduled_job_type.scheduled_job_type.run_scheduled_jo..., site='dev.local', user='Administrator') (dev.local::scheduled_job::frappe.email.doctype.email_account.email_account.notify_unreplied)
2026-03-26 21:30:49,929 home-wahyu260697-document-Erpnext-silverplast-frappe-bench:default: Job OK (dev.local::scheduled_job::frappe.email.doctype.email_account.email_account.notify_unreplied)
2026-03-26 21:30:49,929 Result is kept for 600 seconds
2026-03-26 21:30:49,938 home-wahyu260697-document-Erpnext-silverplast-frappe-bench:default: frappe.utils.background_jobs.execute_job(event=None, is_async=True, job_name='frappe.core.doctype.scheduled_job_type.scheduled_job_type.run_scheduled_jo..., kwargs={'job_type': 'frappe.deferred_insert.save_to_db'}, method='frappe.core.doctype.scheduled_job_type.scheduled_job_type.run_scheduled_jo..., site='dev.local', user='Administrator') (dev.local::scheduled_job::frappe.deferred_insert.save_to_db)
2026-03-26 21:30:50,411 home-wahyu260697-document-Erpnext-silverplast-frappe-bench:default: Job OK (dev.local::scheduled_job::frappe.deferred_insert.save_to_db)
2026-03-26 21:30:50,411 Result is kept for 600 seconds
2026-03-26 21:30:50,422 home-wahyu260697-document-Erpnext-silverplast-frappe-bench:default: frappe.utils.background_jobs.execute_job(event=None, is_async=True, job_name='frappe.core.doctype.scheduled_job_type.scheduled_job_type.run_scheduled_jo..., kwargs={'job_type': 'frappe.automation.doctype.reminder.reminder.send_reminders'}, method='frappe.core.doctype.scheduled_job_type.scheduled_job_type.run_scheduled_jo..., site='dev.local', user='Administrator') (dev.local::scheduled_job::frappe.automation.doctype.reminder.reminder.send_reminders)
2026-03-26 21:30:50,859 home-wahyu260697-document-Erpnext-silverplast-frappe-bench:default: Job OK (dev.local::scheduled_job::frappe.automation.doctype.reminder.reminder.send_reminders)
2026-03-26 21:30:50,859 Result is kept for 600 seconds
2026-03-26 21:30:50,869 home-wahyu260697-document-Erpnext-silverplast-frappe-bench:default: frappe.utils.background_jobs.execute_job(event=None, is_async=True, job_name='frappe.core.doctype.scheduled_job_type.scheduled_job_type.run_scheduled_jo..., kwargs={'job_type': 'frappe.email.doctype.email_account.email_account.pull'}, method='frappe.core.doctype.scheduled_job_type.scheduled_job_type.run_scheduled_jo..., site='dev.local', user='Administrator') (dev.local::scheduled_job::frappe.email.doctype.email_account.email_account.pull)
2026-03-26 21:30:51,270 home-wahyu260697-document-Erpnext-silverplast-frappe-bench:default: Job OK (dev.local::scheduled_job::frappe.email.doctype.email_account.email_account.pull)
2026-03-26 21:30:51,270 Result is kept for 600 seconds
2026-03-26 21:30:51,280 home-wahyu260697-document-Erpnext-silverplast-frappe-bench:default: frappe.utils.background_jobs.execute_job(event=None, is_async=True, job_name='frappe.core.doctype.scheduled_job_type.scheduled_job_type.run_scheduled_jo..., kwargs={'job_type': 'frappe.search.sqlite_search.build_index_if_not_exists'}, method='frappe.core.doctype.scheduled_job_type.scheduled_job_type.run_scheduled_jo..., site='dev.local', user='Administrator') (dev.local::scheduled_job::frappe.search.sqlite_search.build_index_if_not_exists)
2026-03-26 21:30:51,718 home-wahyu260697-document-Erpnext-silverplast-frappe-bench:default: Job OK (dev.local::scheduled_job::frappe.search.sqlite_search.build_index_if_not_exists)
2026-03-26 21:30:51,718 Result is kept for 600 seconds
2026-03-26 21:30:51,727 home-wahyu260697-document-Erpnext-silverplast-frappe-bench:default: frappe.utils.background_jobs.execute_job(event=None, is_async=True, job_name='frappe.core.doctype.scheduled_job_type.scheduled_job_type.run_scheduled_jo..., kwargs={'job_type': 'frappe.model.utils.link_count.update_link_count'}, method='frappe.core.doctype.scheduled_job_type.scheduled_job_type.run_scheduled_jo..., site='dev.local', user='Administrator') (dev.local::scheduled_job::frappe.model.utils.link_count.update_link_count)
2026-03-26 21:30:52,104 home-wahyu260697-document-Erpnext-silverplast-frappe-bench:default: Job OK (dev.local::scheduled_job::frappe.model.utils.link_count.update_link_count)
2026-03-26 21:30:52,104 Result is kept for 600 seconds
2026-03-26 21:32:57,050 home-wahyu260697-document-Erpnext-silverplast-frappe-bench:default: frappe.utils.background_jobs.execute_job(event=None, is_async=True, job_name='frappe.core.doctype.scheduled_job_type.scheduled_job_type.run_scheduled_jo..., kwargs={'job_type': 'frappe.email.queue.retry_sending_emails'}, method='frappe.core.doctype.scheduled_job_type.scheduled_job_type.run_scheduled_jo..., site='dev.local', user='Administrator') (dev.local::scheduled_job::frappe.email.queue.retry_sending_emails)
2026-03-26 21:32:57,479 home-wahyu260697-document-Erpnext-silverplast-frappe-bench:default: Job OK (dev.local::scheduled_job::frappe.email.queue.retry_sending_emails)
2026-03-26 21:32:57,479 Result is kept for 600 seconds
2026-03-26 21:32:57,487 Cleaning registries for queue: home-wahyu260697-document-Erpnext-silverplast-frappe-bench:short
2026-03-26 21:32:57,491 Cleaning registries for queue: home-wahyu260697-document-Erpnext-silverplast-frappe-bench:default
2026-03-26 21:32:57,495 Cleaning registries for queue: home-wahyu260697-document-Erpnext-silverplast-frappe-bench:long
2026-03-26 21:32:57,500 home-wahyu260697-document-Erpnext-silverplast-frappe-bench:default: frappe.utils.background_jobs.execute_job(event=None, is_async=True, job_name='frappe.core.doctype.scheduled_job_type.scheduled_job_type.run_scheduled_jo..., kwargs={'job_type': 'frappe.integrations.doctype.google_calendar.google_calendar.s..., method='frappe.core.doctype.scheduled_job_type.scheduled_job_type.run_scheduled_jo..., site='dev.local', user='Administrator') (dev.local::scheduled_job::frappe.integrations.doctype.google_calendar.google_calendar.sync)
2026-03-26 21:32:58,087 home-wahyu260697-document-Erpnext-silverplast-frappe-bench:default: Job OK (dev.local::scheduled_job::frappe.integrations.doctype.google_calendar.google_calendar.sync)
2026-03-26 21:32:58,088 Result is kept for 600 seconds
2026-03-26 21:32:58,098 home-wahyu260697-document-Erpnext-silverplast-frappe-bench:default: frappe.utils.background_jobs.execute_job(event=None, is_async=True, job_name='frappe.core.doctype.scheduled_job_type.scheduled_job_type.run_scheduled_jo..., kwargs={'job_type': 'frappe.email.queue.flush'}, method='frappe.core.doctype.scheduled_job_type.scheduled_job_type.run_scheduled_jo..., site='dev.local', user='Administrator') (dev.local::scheduled_job::frappe.email.queue.flush)
2026-03-26 21:32:58,709 home-wahyu260697-document-Erpnext-silverplast-frappe-bench:default: Job OK (dev.local::scheduled_job::frappe.email.queue.flush)
2026-03-26 21:32:58,710 Result is kept for 600 seconds
2026-03-26 21:32:58,720 home-wahyu260697-document-Erpnext-silverplast-frappe-bench:default: frappe.utils.background_jobs.execute_job(event=None, is_async=True, job_name='frappe.core.doctype.scheduled_job_type.scheduled_job_type.run_scheduled_jo..., kwargs={'job_type': 'frappe.monitor.flush'}, method='frappe.core.doctype.scheduled_job_type.scheduled_job_type.run_scheduled_jo..., site='dev.local', user='Administrator') (dev.local::scheduled_job::frappe.monitor.flush)
2026-03-26 21:32:59,111 home-wahyu260697-document-Erpnext-silverplast-frappe-bench:default: Job OK (dev.local::scheduled_job::frappe.monitor.flush)
2026-03-26 21:32:59,111 Result is kept for 600 seconds
2026-03-26 21:36:09,489 home-wahyu260697-document-Erpnext-silverplast-frappe-bench:default: frappe.utils.background_jobs.execute_job(event=None, is_async=True, job_name='frappe.core.doctype.scheduled_job_type.scheduled_job_type.run_scheduled_jo..., kwargs={'job_type': 'frappe.integrations.doctype.google_calendar.google_calendar.s..., method='frappe.core.doctype.scheduled_job_type.scheduled_job_type.run_scheduled_jo..., site='dev.local', user='Administrator') (dev.local::scheduled_job::frappe.integrations.doctype.google_calendar.google_calendar.sync)
2026-03-26 21:36:10,249 home-wahyu260697-document-Erpnext-silverplast-frappe-bench:default: Job OK (dev.local::scheduled_job::frappe.integrations.doctype.google_calendar.google_calendar.sync)
2026-03-26 21:36:10,249 Result is kept for 600 seconds
2026-03-26 21:36:10,261 home-wahyu260697-document-Erpnext-silverplast-frappe-bench:default: frappe.utils.background_jobs.execute_job(event=None, is_async=True, job_name='frappe.core.doctype.scheduled_job_type.scheduled_job_type.run_scheduled_jo..., kwargs={'job_type': 'frappe.monitor.flush'}, method='frappe.core.doctype.scheduled_job_type.scheduled_job_type.run_scheduled_jo..., site='dev.local', user='Administrator') (dev.local::scheduled_job::frappe.monitor.flush)
2026-03-26 21:36:10,703 home-wahyu260697-document-Erpnext-silverplast-frappe-bench:default: Job OK (dev.local::scheduled_job::frappe.monitor.flush)
2026-03-26 21:36:10,703 Result is kept for 600 seconds
2026-03-26 21:36:10,713 home-wahyu260697-document-Erpnext-silverplast-frappe-bench:default: frappe.utils.background_jobs.execute_job(event=None, is_async=True, job_name='frappe.core.doctype.scheduled_job_type.scheduled_job_type.run_scheduled_jo..., kwargs={'job_type': 'frappe.email.queue.flush'}, method='frappe.core.doctype.scheduled_job_type.scheduled_job_type.run_scheduled_jo..., site='dev.local', user='Administrator') (dev.local::scheduled_job::frappe.email.queue.flush)
2026-03-26 21:36:11,445 home-wahyu260697-document-Erpnext-silverplast-frappe-bench:default: Job OK (dev.local::scheduled_job::frappe.email.queue.flush)
2026-03-26 21:36:11,446 Result is kept for 600 seconds
2026-03-26 21:36:11,460 home-wahyu260697-document-Erpnext-silverplast-frappe-bench:default: frappe.utils.background_jobs.execute_job(event=None, is_async=True, job_name='frappe.core.doctype.scheduled_job_type.scheduled_job_type.run_scheduled_jo..., kwargs={'job_type': 'frappe.email.queue.retry_sending_emails'}, method='frappe.core.doctype.scheduled_job_type.scheduled_job_type.run_scheduled_jo..., site='dev.local', user='Administrator') (dev.local::scheduled_job::frappe.email.queue.retry_sending_emails)
2026-03-26 21:36:11,982 home-wahyu260697-document-Erpnext-silverplast-frappe-bench:default: Job OK (dev.local::scheduled_job::frappe.email.queue.retry_sending_emails)
2026-03-26 21:36:11,983 Result is kept for 600 seconds
2026-03-26 21:40:26,028 home-wahyu260697-document-Erpnext-silverplast-frappe-bench:default: frappe.utils.background_jobs.execute_job(event=None, is_async=True, job_name='frappe.core.doctype.scheduled_job_type.scheduled_job_type.run_scheduled_jo..., kwargs={'job_type': 'frappe.email.queue.retry_sending_emails'}, method='frappe.core.doctype.scheduled_job_type.scheduled_job_type.run_scheduled_jo..., site='dev.local', user='Administrator') (dev.local::scheduled_job::frappe.email.queue.retry_sending_emails)
2026-03-26 21:40:26,393 home-wahyu260697-document-Erpnext-silverplast-frappe-bench:default: Job OK (dev.local::scheduled_job::frappe.email.queue.retry_sending_emails)
2026-03-26 21:40:26,393 Result is kept for 600 seconds
2026-03-26 21:40:26,401 home-wahyu260697-document-Erpnext-silverplast-frappe-bench:default: frappe.utils.background_jobs.execute_job(event=None, is_async=True, job_name='frappe.core.doctype.scheduled_job_type.scheduled_job_type.run_scheduled_jo..., kwargs={'job_type': 'frappe.email.queue.flush'}, method='frappe.core.doctype.scheduled_job_type.scheduled_job_type.run_scheduled_jo..., site='dev.local', user='Administrator') (dev.local::scheduled_job::frappe.email.queue.flush)
2026-03-26 21:40:26,908 home-wahyu260697-document-Erpnext-silverplast-frappe-bench:default: Job OK (dev.local::scheduled_job::frappe.email.queue.flush)
2026-03-26 21:40:26,908 Result is kept for 600 seconds
2026-03-26 21:40:26,918 home-wahyu260697-document-Erpnext-silverplast-frappe-bench:default: frappe.utils.background_jobs.execute_job(event=None, is_async=True, job_name='frappe.core.doctype.scheduled_job_type.scheduled_job_type.run_scheduled_jo..., kwargs={'job_type': 'frappe.email.doctype.email_account.email_account.pull'}, method='frappe.core.doctype.scheduled_job_type.scheduled_job_type.run_scheduled_jo..., site='dev.local', user='Administrator') (dev.local::scheduled_job::frappe.email.doctype.email_account.email_account.pull)
2026-03-26 21:40:27,331 home-wahyu260697-document-Erpnext-silverplast-frappe-bench:default: Job OK (dev.local::scheduled_job::frappe.email.doctype.email_account.email_account.pull)
2026-03-26 21:40:27,331 Result is kept for 600 seconds
2026-03-26 21:40:27,340 home-wahyu260697-document-Erpnext-silverplast-frappe-bench:default: frappe.utils.background_jobs.execute_job(event=None, is_async=True, job_name='frappe.core.doctype.scheduled_job_type.scheduled_job_type.run_scheduled_jo..., kwargs={'job_type': 'frappe.integrations.doctype.google_calendar.google_calendar.s..., method='frappe.core.doctype.scheduled_job_type.scheduled_job_type.run_scheduled_jo..., site='dev.local', user='Administrator') (dev.local::scheduled_job::frappe.integrations.doctype.google_calendar.google_calendar.sync)
2026-03-26 21:40:27,885 home-wahyu260697-document-Erpnext-silverplast-frappe-bench:default: Job OK (dev.local::scheduled_job::frappe.integrations.doctype.google_calendar.google_calendar.sync)
2026-03-26 21:40:27,886 Result is kept for 600 seconds
2026-03-26 21:40:27,895 home-wahyu260697-document-Erpnext-silverplast-frappe-bench:default: frappe.utils.background_jobs.execute_job(event=None, is_async=True, job_name='frappe.core.doctype.scheduled_job_type.scheduled_job_type.run_scheduled_jo..., kwargs={'job_type': 'frappe.monitor.flush'}, method='frappe.core.doctype.scheduled_job_type.scheduled_job_type.run_scheduled_jo..., site='dev.local', user='Administrator') (dev.local::scheduled_job::frappe.monitor.flush)
2026-03-26 21:40:28,217 home-wahyu260697-document-Erpnext-silverplast-frappe-bench:default: Job OK (dev.local::scheduled_job::frappe.monitor.flush)
2026-03-26 21:40:28,217 Result is kept for 600 seconds
2026-03-27 06:51:19,603 Cleaning registries for queue: home-wahyu260697-document-Erpnext-silverplast-frappe-bench:short
2026-03-27 06:51:19,830 Cleaning registries for queue: home-wahyu260697-document-Erpnext-silverplast-frappe-bench:default
2026-03-27 06:51:19,844 Cleaning registries for queue: home-wahyu260697-document-Erpnext-silverplast-frappe-bench:long
2026-03-27 06:51:48,600 home-wahyu260697-document-Erpnext-silverplast-frappe-bench:default: frappe.utils.background_jobs.execute_job(event=None, is_async=True, job_name='frappe.core.doctype.scheduled_job_type.scheduled_job_type.run_scheduled_jo..., kwargs={'job_type': 'frappe.email.doctype.newsletter.newsletter.send_scheduled_ema..., method='frappe.core.doctype.scheduled_job_type.scheduled_job_type.run_scheduled_jo..., site='dev.local', user='Administrator') (dev.local::scheduled_job::frappe.email.doctype.newsletter.newsletter.send_scheduled_email)
2026-03-27 06:51:55,145 home-wahyu260697-document-Erpnext-silverplast-frappe-bench:default: Job OK (dev.local::scheduled_job::frappe.email.doctype.newsletter.newsletter.send_scheduled_email)
2026-03-27 06:51:55,152 Result is kept for 600 seconds
2026-03-27 06:51:55,320 home-wahyu260697-document-Erpnext-silverplast-frappe-bench:default: frappe.utils.background_jobs.execute_job(event=None, is_async=True, job_name='frappe.core.doctype.scheduled_job_type.scheduled_job_type.run_scheduled_jo..., kwargs={'job_type': 'frappe.email.doctype.notification.notification.trigger_daily_..., method='frappe.core.doctype.scheduled_job_type.scheduled_job_type.run_scheduled_jo..., site='dev.local', user='Administrator') (dev.local::scheduled_job::frappe.email.doctype.notification.notification.trigger_daily_alerts)
2026-03-27 06:52:00,202 home-wahyu260697-document-Erpnext-silverplast-frappe-bench:default: Job OK (dev.local::scheduled_job::frappe.email.doctype.notification.notification.trigger_daily_alerts)
2026-03-27 06:52:00,203 Result is kept for 600 seconds
2026-03-27 06:52:00,232 home-wahyu260697-document-Erpnext-silverplast-frappe-bench:default: frappe.utils.background_jobs.execute_job(event=None, is_async=True, job_name='frappe.core.doctype.scheduled_job_type.scheduled_job_type.run_scheduled_jo..., kwargs={'job_type': 'frappe.deferred_insert.save_to_db'}, method='frappe.core.doctype.scheduled_job_type.scheduled_job_type.run_scheduled_jo..., site='dev.local', user='Administrator') (dev.local::scheduled_job::frappe.deferred_insert.save_to_db)
2026-03-27 06:52:04,184 home-wahyu260697-document-Erpnext-silverplast-frappe-bench:default: Job OK (dev.local::scheduled_job::frappe.deferred_insert.save_to_db)
2026-03-27 06:52:04,184 Result is kept for 600 seconds
2026-03-27 06:52:04,219 home-wahyu260697-document-Erpnext-silverplast-frappe-bench:default: frappe.utils.background_jobs.execute_job(event=None, is_async=True, job_name='frappe.core.doctype.scheduled_job_type.scheduled_job_type.run_scheduled_jo..., kwargs={'job_type': 'frappe.email.doctype.email_account.email_account.pull'}, method='frappe.core.doctype.scheduled_job_type.scheduled_job_type.run_scheduled_jo..., site='dev.local', user='Administrator') (dev.local::scheduled_job::frappe.email.doctype.email_account.email_account.pull)
2026-03-27 06:52:07,909 home-wahyu260697-document-Erpnext-silverplast-frappe-bench:default: Job OK (dev.local::scheduled_job::frappe.email.doctype.email_account.email_account.pull)
2026-03-27 06:52:07,910 Result is kept for 600 seconds
2026-03-27 06:52:07,939 home-wahyu260697-document-Erpnext-silverplast-frappe-bench:default: frappe.utils.background_jobs.execute_job(event=None, is_async=True, job_name='frappe.core.doctype.scheduled_job_type.scheduled_job_type.run_scheduled_jo..., kwargs={'job_type': 'frappe.email.queue.retry_sending_emails'}, method='frappe.core.doctype.scheduled_job_type.scheduled_job_type.run_scheduled_jo..., site='dev.local', user='Administrator') (dev.local::scheduled_job::frappe.email.queue.retry_sending_emails)
2026-03-27 06:52:10,590 home-wahyu260697-document-Erpnext-silverplast-frappe-bench:default: Job OK (dev.local::scheduled_job::frappe.email.queue.retry_sending_emails)
2026-03-27 06:52:10,590 Result is kept for 600 seconds
2026-03-27 06:52:10,630 home-wahyu260697-document-Erpnext-silverplast-frappe-bench:default: frappe.utils.background_jobs.execute_job(event=None, is_async=True, job_name='frappe.core.doctype.scheduled_job_type.scheduled_job_type.run_scheduled_jo..., kwargs={'job_type': 'frappe.email.queue.flush'}, method='frappe.core.doctype.scheduled_job_type.scheduled_job_type.run_scheduled_jo..., site='dev.local', user='Administrator') (dev.local::scheduled_job::frappe.email.queue.flush)
2026-03-27 06:52:13,651 home-wahyu260697-document-Erpnext-silverplast-frappe-bench:default: Job OK (dev.local::scheduled_job::frappe.email.queue.flush)
2026-03-27 06:52:13,651 Result is kept for 600 seconds
2026-03-27 06:52:13,679 home-wahyu260697-document-Erpnext-silverplast-frappe-bench:default: frappe.utils.background_jobs.execute_job(event=None, is_async=True, job_name='frappe.core.doctype.scheduled_job_type.scheduled_job_type.run_scheduled_jo..., kwargs={'job_type': 'frappe.model.utils.link_count.update_link_count'}, method='frappe.core.doctype.scheduled_job_type.scheduled_job_type.run_scheduled_jo..., site='dev.local', user='Administrator') (dev.local::scheduled_job::frappe.model.utils.link_count.update_link_count)
2026-03-27 06:52:16,309 home-wahyu260697-document-Erpnext-silverplast-frappe-bench:default: Job OK (dev.local::scheduled_job::frappe.model.utils.link_count.update_link_count)
2026-03-27 06:52:16,310 Result is kept for 600 seconds
2026-03-27 06:52:16,347 home-wahyu260697-document-Erpnext-silverplast-frappe-bench:default: frappe.utils.background_jobs.execute_job(event=None, is_async=True, job_name='frappe.core.doctype.scheduled_job_type.scheduled_job_type.run_scheduled_jo..., kwargs={'job_type': 'frappe.utils.telemetry.pulse.client.send_queued_events'}, method='frappe.core.doctype.scheduled_job_type.scheduled_job_type.run_scheduled_jo..., site='dev.local', user='Administrator') (dev.local::scheduled_job::frappe.utils.telemetry.pulse.client.send_queued_events)
2026-03-27 06:52:18,472 home-wahyu260697-document-Erpnext-silverplast-frappe-bench:default: Job OK (dev.local::scheduled_job::frappe.utils.telemetry.pulse.client.send_queued_events)
2026-03-27 06:52:18,472 Result is kept for 600 seconds
2026-03-27 06:52:18,503 home-wahyu260697-document-Erpnext-silverplast-frappe-bench:default: frappe.utils.background_jobs.execute_job(event=None, is_async=True, job_name='frappe.core.doctype.scheduled_job_type.scheduled_job_type.run_scheduled_jo..., kwargs={'job_type': 'frappe.email.doctype.email_account.email_account.notify_unrep..., method='frappe.core.doctype.scheduled_job_type.scheduled_job_type.run_scheduled_jo..., site='dev.local', user='Administrator') (dev.local::scheduled_job::frappe.email.doctype.email_account.email_account.notify_unreplied)
2026-03-27 06:52:20,435 home-wahyu260697-document-Erpnext-silverplast-frappe-bench:default: Job OK (dev.local::scheduled_job::frappe.email.doctype.email_account.email_account.notify_unreplied)
2026-03-27 06:52:20,436 Result is kept for 600 seconds
2026-03-27 06:52:20,466 home-wahyu260697-document-Erpnext-silverplast-frappe-bench:default: frappe.utils.background_jobs.execute_job(event=None, is_async=True, job_name='frappe.core.doctype.scheduled_job_type.scheduled_job_type.run_scheduled_jo..., kwargs={'job_type': 'frappe.automation.doctype.reminder.reminder.send_reminders'}, method='frappe.core.doctype.scheduled_job_type.scheduled_job_type.run_scheduled_jo..., site='dev.local', user='Administrator') (dev.local::scheduled_job::frappe.automation.doctype.reminder.reminder.send_reminders)
2026-03-27 06:52:22,970 home-wahyu260697-document-Erpnext-silverplast-frappe-bench:default: Job OK (dev.local::scheduled_job::frappe.automation.doctype.reminder.reminder.send_reminders)
2026-03-27 06:52:22,970 Result is kept for 600 seconds
2026-03-27 06:52:22,990 home-wahyu260697-document-Erpnext-silverplast-frappe-bench:default: frappe.utils.background_jobs.execute_job(event=None, is_async=True, job_name='frappe.core.doctype.scheduled_job_type.scheduled_job_type.run_scheduled_jo..., kwargs={'job_type': 'frappe.monitor.flush'}, method='frappe.core.doctype.scheduled_job_type.scheduled_job_type.run_scheduled_jo..., site='dev.local', user='Administrator') (dev.local::scheduled_job::frappe.monitor.flush)
2026-03-27 06:52:24,649 home-wahyu260697-document-Erpnext-silverplast-frappe-bench:default: Job OK (dev.local::scheduled_job::frappe.monitor.flush)
2026-03-27 06:52:24,650 Result is kept for 600 seconds
2026-03-27 06:52:24,670 home-wahyu260697-document-Erpnext-silverplast-frappe-bench:default: frappe.utils.background_jobs.execute_job(event=None, is_async=True, job_name='frappe.core.doctype.scheduled_job_type.scheduled_job_type.run_scheduled_jo..., kwargs={'job_type': 'frappe.utils.global_search.sync_global_search'}, method='frappe.core.doctype.scheduled_job_type.scheduled_job_type.run_scheduled_jo..., site='dev.local', user='Administrator') (dev.local::scheduled_job::frappe.utils.global_search.sync_global_search)
2026-03-27 06:52:26,095 home-wahyu260697-document-Erpnext-silverplast-frappe-bench:default: Job OK (dev.local::scheduled_job::frappe.utils.global_search.sync_global_search)
2026-03-27 06:52:26,095 Result is kept for 600 seconds
2026-03-27 06:52:26,111 home-wahyu260697-document-Erpnext-silverplast-frappe-bench:default: frappe.utils.background_jobs.execute_job(event=None, is_async=True, job_name='frappe.core.doctype.scheduled_job_type.scheduled_job_type.run_scheduled_jo..., kwargs={'job_type': 'frappe.integrations.doctype.google_calendar.google_calendar.s..., method='frappe.core.doctype.scheduled_job_type.scheduled_job_type.run_scheduled_jo..., site='dev.local', user='Administrator') (dev.local::scheduled_job::frappe.integrations.doctype.google_calendar.google_calendar.sync)
2026-03-27 06:52:27,496 home-wahyu260697-document-Erpnext-silverplast-frappe-bench:default: Job OK (dev.local::scheduled_job::frappe.integrations.doctype.google_calendar.google_calendar.sync)
2026-03-27 06:52:27,496 Result is kept for 600 seconds
2026-03-27 06:52:27,517 home-wahyu260697-document-Erpnext-silverplast-frappe-bench:default: frappe.utils.background_jobs.execute_job(event=None, is_async=True, job_name='frappe.core.doctype.scheduled_job_type.scheduled_job_type.run_scheduled_jo..., kwargs={'job_type': 'frappe.desk.form.document_follow.send_daily_updates'}, method='frappe.core.doctype.scheduled_job_type.scheduled_job_type.run_scheduled_jo..., site='dev.local', user='Administrator') (dev.local::scheduled_job::frappe.desk.form.document_follow.send_daily_updates)
2026-03-27 06:52:28,391 home-wahyu260697-document-Erpnext-silverplast-frappe-bench:default: Job OK (dev.local::scheduled_job::frappe.desk.form.document_follow.send_daily_updates)
2026-03-27 06:52:28,391 Result is kept for 600 seconds
2026-03-27 06:52:28,416 home-wahyu260697-document-Erpnext-silverplast-frappe-bench:default: frappe.utils.background_jobs.execute_job(event=None, is_async=True, job_name='frappe.core.doctype.scheduled_job_type.scheduled_job_type.run_scheduled_jo..., kwargs={'job_type': 'frappe.desk.doctype.event.event.send_event_digest'}, method='frappe.core.doctype.scheduled_job_type.scheduled_job_type.run_scheduled_jo..., site='dev.local', user='Administrator') (dev.local::scheduled_job::frappe.desk.doctype.event.event.send_event_digest)
2026-03-27 06:52:29,535 home-wahyu260697-document-Erpnext-silverplast-frappe-bench:default: Job OK (dev.local::scheduled_job::frappe.desk.doctype.event.event.send_event_digest)
2026-03-27 06:52:29,536 Result is kept for 600 seconds
2026-03-27 06:52:29,556 home-wahyu260697-document-Erpnext-silverplast-frappe-bench:default: frappe.utils.background_jobs.execute_job(event=None, is_async=True, job_name='frappe.core.doctype.scheduled_job_type.scheduled_job_type.run_scheduled_jo..., kwargs={'job_type': 'frappe.search.sqlite_search.build_index_if_not_exists'}, method='frappe.core.doctype.scheduled_job_type.scheduled_job_type.run_scheduled_jo..., site='dev.local', user='Administrator') (dev.local::scheduled_job::frappe.search.sqlite_search.build_index_if_not_exists)
2026-03-27 06:52:30,600 home-wahyu260697-document-Erpnext-silverplast-frappe-bench:default: Job OK (dev.local::scheduled_job::frappe.search.sqlite_search.build_index_if_not_exists)
2026-03-27 06:52:30,600 Result is kept for 600 seconds
2026-03-27 06:52:30,619 home-wahyu260697-document-Erpnext-silverplast-frappe-bench:long: frappe.utils.background_jobs.execute_job(event=None, is_async=True, job_name='frappe.core.doctype.scheduled_job_type.scheduled_job_type.run_scheduled_jo..., kwargs={'job_type': 'frappe.email.doctype.auto_email_report.auto_email_report.send..., method='frappe.core.doctype.scheduled_job_type.scheduled_job_type.run_scheduled_jo..., site='dev.local', user='Administrator') (dev.local::scheduled_job::frappe.email.doctype.auto_email_report.auto_email_report.send_daily)
2026-03-27 06:52:32,687 home-wahyu260697-document-Erpnext-silverplast-frappe-bench:long: Job OK (dev.local::scheduled_job::frappe.email.doctype.auto_email_report.auto_email_report.send_daily)
2026-03-27 06:52:32,687 Result is kept for 600 seconds
2026-03-27 06:52:32,706 home-wahyu260697-document-Erpnext-silverplast-frappe-bench:long: frappe.utils.background_jobs.execute_job(event=None, is_async=True, job_name='frappe.core.doctype.scheduled_job_type.scheduled_job_type.run_scheduled_jo..., kwargs={'job_type': 'frappe.automation.doctype.auto_repeat.auto_repeat.make_auto_r..., method='frappe.core.doctype.scheduled_job_type.scheduled_job_type.run_scheduled_jo..., site='dev.local', user='Administrator') (dev.local::scheduled_job::frappe.automation.doctype.auto_repeat.auto_repeat.make_auto_repeat_entry)
2026-03-27 06:52:34,805 home-wahyu260697-document-Erpnext-silverplast-frappe-bench:long: Job OK (dev.local::scheduled_job::frappe.automation.doctype.auto_repeat.auto_repeat.make_auto_repeat_entry)
2026-03-27 06:52:34,805 Result is kept for 600 seconds
2026-03-27 06:52:34,817 home-wahyu260697-document-Erpnext-silverplast-frappe-bench:long: frappe.utils.background_jobs.execute_job(event=None, is_async=True, job_name='frappe.core.doctype.scheduled_job_type.scheduled_job_type.run_scheduled_jo..., kwargs={'job_type': 'frappe.model.utils.user_settings.sync_user_settings'}, method='frappe.core.doctype.scheduled_job_type.scheduled_job_type.run_scheduled_jo..., site='dev.local', user='Administrator') (dev.local::scheduled_job::frappe.model.utils.user_settings.sync_user_settings)
2026-03-27 06:52:35,940 home-wahyu260697-document-Erpnext-silverplast-frappe-bench:long: Job OK (dev.local::scheduled_job::frappe.model.utils.user_settings.sync_user_settings)
2026-03-27 06:52:35,940 Result is kept for 600 seconds
2026-03-27 06:52:35,964 home-wahyu260697-document-Erpnext-silverplast-frappe-bench:long: frappe.utils.background_jobs.execute_job(event=None, is_async=True, job_name='frappe.core.doctype.scheduled_job_type.scheduled_job_type.run_scheduled_jo..., kwargs={'job_type': 'frappe.website.doctype.personal_data_deletion_request.persona..., method='frappe.core.doctype.scheduled_job_type.scheduled_job_type.run_scheduled_jo..., site='dev.local', user='Administrator') (dev.local::scheduled_job::frappe.website.doctype.personal_data_deletion_request.personal_data_deletion_request.remove_unverified_record)
2026-03-27 06:52:37,283 home-wahyu260697-document-Erpnext-silverplast-frappe-bench:long: Job OK (dev.local::scheduled_job::frappe.website.doctype.personal_data_deletion_request.personal_data_deletion_request.remove_unverified_record)
2026-03-27 06:52:37,283 Result is kept for 600 seconds
2026-03-27 06:52:37,297 home-wahyu260697-document-Erpnext-silverplast-frappe-bench:long: frappe.utils.background_jobs.execute_job(event=None, is_async=True, job_name='frappe.core.doctype.scheduled_job_type.scheduled_job_type.run_scheduled_jo..., kwargs={'job_type': 'frappe.core.doctype.log_settings.log_settings.run_log_clean_u..., method='frappe.core.doctype.scheduled_job_type.scheduled_job_type.run_scheduled_jo..., site='dev.local', user='Administrator') (dev.local::scheduled_job::frappe.core.doctype.log_settings.log_settings.run_log_clean_up)
2026-03-27 06:52:41,083 home-wahyu260697-document-Erpnext-silverplast-frappe-bench:long: Job OK (dev.local::scheduled_job::frappe.core.doctype.log_settings.log_settings.run_log_clean_up)
2026-03-27 06:52:41,087 Result is kept for 600 seconds
2026-03-27 06:52:41,105 home-wahyu260697-document-Erpnext-silverplast-frappe-bench:long: frappe.utils.background_jobs.execute_job(event=None, is_async=True, job_name='frappe.core.doctype.scheduled_job_type.scheduled_job_type.run_scheduled_jo..., kwargs={'job_type': 'frappe.desk.page.backups.backups.delete_downloadable_backups'..., method='frappe.core.doctype.scheduled_job_type.scheduled_job_type.run_scheduled_jo..., site='dev.local', user='Administrator') (dev.local::scheduled_job::frappe.desk.page.backups.backups.delete_downloadable_backups)
2026-03-27 06:52:42,058 home-wahyu260697-document-Erpnext-silverplast-frappe-bench:long: Job OK (dev.local::scheduled_job::frappe.desk.page.backups.backups.delete_downloadable_backups)
2026-03-27 06:52:42,058 Result is kept for 600 seconds
2026-03-27 06:52:42,077 home-wahyu260697-document-Erpnext-silverplast-frappe-bench:long: frappe.utils.background_jobs.execute_job(event=None, is_async=True, job_name='frappe.core.doctype.scheduled_job_type.scheduled_job_type.run_scheduled_jo..., kwargs={'job_type': 'frappe.sessions.clear_expired_sessions'}, method='frappe.core.doctype.scheduled_job_type.scheduled_job_type.run_scheduled_jo..., site='dev.local', user='Administrator') (dev.local::scheduled_job::frappe.sessions.clear_expired_sessions)
2026-03-27 06:52:43,156 home-wahyu260697-document-Erpnext-silverplast-frappe-bench:long: Job OK (dev.local::scheduled_job::frappe.sessions.clear_expired_sessions)
2026-03-27 06:52:43,156 Result is kept for 600 seconds
2026-03-27 06:52:43,174 home-wahyu260697-document-Erpnext-silverplast-frappe-bench:long: frappe.utils.background_jobs.execute_job(event=None, is_async=True, job_name='frappe.core.doctype.scheduled_job_type.scheduled_job_type.run_scheduled_jo..., kwargs={'job_type': 'frappe.integrations.doctype.google_drive.google_drive.daily_b..., method='frappe.core.doctype.scheduled_job_type.scheduled_job_type.run_scheduled_jo..., site='dev.local', user='Administrator') (dev.local::scheduled_job::frappe.integrations.doctype.google_drive.google_drive.daily_backup)
2026-03-27 06:52:45,382 home-wahyu260697-document-Erpnext-silverplast-frappe-bench:long: Job OK (dev.local::scheduled_job::frappe.integrations.doctype.google_drive.google_drive.daily_backup)
2026-03-27 06:52:45,383 Result is kept for 600 seconds
2026-03-27 06:52:45,401 home-wahyu260697-document-Erpnext-silverplast-frappe-bench:long: frappe.utils.background_jobs.execute_job(event=None, is_async=True, job_name='frappe.core.doctype.scheduled_job_type.scheduled_job_type.run_scheduled_jo..., kwargs={'job_type': 'frappe.integrations.doctype.google_contacts.google_contacts.s..., method='frappe.core.doctype.scheduled_job_type.scheduled_job_type.run_scheduled_jo..., site='dev.local', user='Administrator') (dev.local::scheduled_job::frappe.integrations.doctype.google_contacts.google_contacts.sync)
2026-03-27 06:52:47,313 home-wahyu260697-document-Erpnext-silverplast-frappe-bench:long: Job OK (dev.local::scheduled_job::frappe.integrations.doctype.google_contacts.google_contacts.sync)
2026-03-27 06:52:47,314 Result is kept for 600 seconds
2026-03-27 06:52:47,332 home-wahyu260697-document-Erpnext-silverplast-frappe-bench:long: frappe.utils.background_jobs.execute_job(event=None, is_async=True, job_name='frappe.core.doctype.scheduled_job_type.scheduled_job_type.run_scheduled_jo..., kwargs={'job_type': 'frappe.desk.form.document_follow.send_hourly_updates'}, method='frappe.core.doctype.scheduled_job_type.scheduled_job_type.run_scheduled_jo..., site='dev.local', user='Administrator') (dev.local::scheduled_job::frappe.desk.form.document_follow.send_hourly_updates)
2026-03-27 06:52:48,614 home-wahyu260697-document-Erpnext-silverplast-frappe-bench:long: Job OK (dev.local::scheduled_job::frappe.desk.form.document_follow.send_hourly_updates)
2026-03-27 06:52:48,614 Result is kept for 600 seconds
2026-03-27 06:52:48,642 home-wahyu260697-document-Erpnext-silverplast-frappe-bench:long: frappe.utils.background_jobs.execute_job(event=None, is_async=True, job_name='frappe.core.doctype.scheduled_job_type.scheduled_job_type.run_scheduled_jo..., kwargs={'job_type': 'frappe.core.doctype.prepared_report.prepared_report.expire_st..., method='frappe.core.doctype.scheduled_job_type.scheduled_job_type.run_scheduled_jo..., site='dev.local', user='Administrator') (dev.local::scheduled_job::frappe.core.doctype.prepared_report.prepared_report.expire_stalled_report)
2026-03-27 06:52:50,120 home-wahyu260697-document-Erpnext-silverplast-frappe-bench:long: Job OK (dev.local::scheduled_job::frappe.core.doctype.prepared_report.prepared_report.expire_stalled_report)
2026-03-27 06:52:50,120 Result is kept for 600 seconds
2026-03-27 06:52:50,135 home-wahyu260697-document-Erpnext-silverplast-frappe-bench:long: frappe.utils.background_jobs.execute_job(event=None, is_async=True, job_name='frappe.core.doctype.scheduled_job_type.scheduled_job_type.run_scheduled_jo..., kwargs={'job_type': 'frappe.integrations.doctype.s3_backup_settings.s3_backup_sett..., method='frappe.core.doctype.scheduled_job_type.scheduled_job_type.run_scheduled_jo..., site='dev.local', user='Administrator') (dev.local::scheduled_job::frappe.integrations.doctype.s3_backup_settings.s3_backup_settings.take_backups_daily)
2026-03-27 06:52:51,366 home-wahyu260697-document-Erpnext-silverplast-frappe-bench:long: Job OK (dev.local::scheduled_job::frappe.integrations.doctype.s3_backup_settings.s3_backup_settings.take_backups_daily)
2026-03-27 06:52:51,367 Result is kept for 600 seconds
2026-03-27 06:52:51,391 home-wahyu260697-document-Erpnext-silverplast-frappe-bench:long: frappe.utils.background_jobs.execute_job(event=None, is_async=True, job_name='frappe.core.doctype.scheduled_job_type.scheduled_job_type.run_scheduled_jo..., kwargs={'job_type': 'frappe.oauth.delete_oauth2_data'}, method='frappe.core.doctype.scheduled_job_type.scheduled_job_type.run_scheduled_jo..., site='dev.local', user='Administrator') (dev.local::scheduled_job::frappe.oauth.delete_oauth2_data)
2026-03-27 06:52:52,455 home-wahyu260697-document-Erpnext-silverplast-frappe-bench:long: Job OK (dev.local::scheduled_job::frappe.oauth.delete_oauth2_data)
2026-03-27 06:52:52,455 Result is kept for 600 seconds
2026-03-27 06:52:52,473 home-wahyu260697-document-Erpnext-silverplast-frappe-bench:long: frappe.utils.background_jobs.execute_job(event=None, is_async=True, job_name='frappe.core.doctype.scheduled_job_type.scheduled_job_type.run_scheduled_jo..., kwargs={'job_type': 'frappe.website.doctype.web_page.web_page.check_publish_status..., method='frappe.core.doctype.scheduled_job_type.scheduled_job_type.run_scheduled_jo..., site='dev.local', user='Administrator') (dev.local::scheduled_job::frappe.website.doctype.web_page.web_page.check_publish_status)
2026-03-27 06:52:54,213 home-wahyu260697-document-Erpnext-silverplast-frappe-bench:long: Job OK (dev.local::scheduled_job::frappe.website.doctype.web_page.web_page.check_publish_status)
2026-03-27 06:52:54,213 Result is kept for 600 seconds
2026-03-27 06:52:54,235 home-wahyu260697-document-Erpnext-silverplast-frappe-bench:long: frappe.utils.background_jobs.execute_job(event=None, is_async=True, job_name='frappe.core.doctype.scheduled_job_type.scheduled_job_type.run_scheduled_jo..., kwargs={'job_type': 'frappe.social.doctype.energy_point_settings.energy_point_sett..., method='frappe.core.doctype.scheduled_job_type.scheduled_job_type.run_scheduled_jo..., site='dev.local', user='Administrator') (dev.local::scheduled_job::frappe.social.doctype.energy_point_settings.energy_point_settings.allocate_review_points)
2026-03-27 06:52:56,464 home-wahyu260697-document-Erpnext-silverplast-frappe-bench:long: Job OK (dev.local::scheduled_job::frappe.social.doctype.energy_point_settings.energy_point_settings.allocate_review_points)
2026-03-27 06:52:56,464 Result is kept for 600 seconds
2026-03-27 06:52:56,482 home-wahyu260697-document-Erpnext-silverplast-frappe-bench:long: frappe.utils.background_jobs.execute_job(event=None, is_async=True, job_name='frappe.core.doctype.scheduled_job_type.scheduled_job_type.run_scheduled_jo..., kwargs={'job_type': 'frappe.website.doctype.personal_data_deletion_request.persona..., method='frappe.core.doctype.scheduled_job_type.scheduled_job_type.run_scheduled_jo..., site='dev.local', user='Administrator') (dev.local::scheduled_job::frappe.website.doctype.personal_data_deletion_request.personal_data_deletion_request.process_data_deletion_request)
2026-03-27 06:52:57,557 home-wahyu260697-document-Erpnext-silverplast-frappe-bench:long: Job OK (dev.local::scheduled_job::frappe.website.doctype.personal_data_deletion_request.personal_data_deletion_request.process_data_deletion_request)
2026-03-27 06:52:57,558 Result is kept for 600 seconds
2026-03-27 06:52:57,575 home-wahyu260697-document-Erpnext-silverplast-frappe-bench:long: frappe.utils.background_jobs.execute_job(event=None, is_async=True, job_name='frappe.core.doctype.scheduled_job_type.scheduled_job_type.run_scheduled_jo..., kwargs={'job_type': 'frappe.core.doctype.user_invitation.user_invitation.mark_expi..., method='frappe.core.doctype.scheduled_job_type.scheduled_job_type.run_scheduled_jo..., site='dev.local', user='Administrator') (dev.local::scheduled_job::frappe.core.doctype.user_invitation.user_invitation.mark_expired_invitations)
2026-03-27 06:52:58,589 home-wahyu260697-document-Erpnext-silverplast-frappe-bench:long: Job OK (dev.local::scheduled_job::frappe.core.doctype.user_invitation.user_invitation.mark_expired_invitations)
2026-03-27 06:52:58,589 Result is kept for 600 seconds
2026-03-27 06:52:58,606 home-wahyu260697-document-Erpnext-silverplast-frappe-bench:long: frappe.utils.background_jobs.execute_job(event=None, is_async=True, job_name='frappe.core.doctype.scheduled_job_type.scheduled_job_type.run_scheduled_jo..., kwargs={'job_type': 'frappe.twofactor.delete_all_barcodes_for_users'}, method='frappe.core.doctype.scheduled_job_type.scheduled_job_type.run_scheduled_jo..., site='dev.local', user='Administrator') (dev.local::scheduled_job::frappe.twofactor.delete_all_barcodes_for_users)
2026-03-27 06:52:59,733 home-wahyu260697-document-Erpnext-silverplast-frappe-bench:long: Job OK (dev.local::scheduled_job::frappe.twofactor.delete_all_barcodes_for_users)
2026-03-27 06:52:59,733 Result is kept for 600 seconds
2026-03-27 06:52:59,748 home-wahyu260697-document-Erpnext-silverplast-frappe-bench:long: frappe.utils.background_jobs.execute_job(event=None, is_async=True, job_name='frappe.core.doctype.scheduled_job_type.scheduled_job_type.run_scheduled_jo..., kwargs={'job_type': 'frappe.desk.notifications.clear_notifications'}, method='frappe.core.doctype.scheduled_job_type.scheduled_job_type.run_scheduled_jo..., site='dev.local', user='Administrator') (dev.local::scheduled_job::frappe.desk.notifications.clear_notifications)
2026-03-27 06:53:00,780 home-wahyu260697-document-Erpnext-silverplast-frappe-bench:long: Job OK (dev.local::scheduled_job::frappe.desk.notifications.clear_notifications)
2026-03-27 06:53:00,781 Result is kept for 600 seconds
2026-03-27 06:53:00,798 home-wahyu260697-document-Erpnext-silverplast-frappe-bench:long: frappe.utils.background_jobs.execute_job(event=None, is_async=True, job_name='frappe.core.doctype.scheduled_job_type.scheduled_job_type.run_scheduled_jo..., kwargs={'job_type': 'frappe.integrations.doctype.dropbox_settings.dropbox_settings..., method='frappe.core.doctype.scheduled_job_type.scheduled_job_type.run_scheduled_jo..., site='dev.local', user='Administrator') (dev.local::scheduled_job::frappe.integrations.doctype.dropbox_settings.dropbox_settings.take_backups_daily)
2026-03-27 06:53:02,027 home-wahyu260697-document-Erpnext-silverplast-frappe-bench:long: Job OK (dev.local::scheduled_job::frappe.integrations.doctype.dropbox_settings.dropbox_settings.take_backups_daily)
2026-03-27 06:53:02,028 Result is kept for 600 seconds
2026-03-27 06:53:02,050 home-wahyu260697-document-Erpnext-silverplast-frappe-bench:long: frappe.utils.background_jobs.execute_job(event=None, is_async=True, job_name='frappe.core.doctype.scheduled_job_type.scheduled_job_type.run_scheduled_jo..., kwargs={'job_type': 'frappe.desk.utils.delete_old_exported_report_files'}, method='frappe.core.doctype.scheduled_job_type.scheduled_job_type.run_scheduled_jo..., site='dev.local', user='Administrator') (dev.local::scheduled_job::frappe.desk.utils.delete_old_exported_report_files)
2026-03-27 06:53:02,947 home-wahyu260697-document-Erpnext-silverplast-frappe-bench:long: Job OK (dev.local::scheduled_job::frappe.desk.utils.delete_old_exported_report_files)
2026-03-27 06:53:02,947 Result is kept for 600 seconds
2026-03-27 06:53:02,964 home-wahyu260697-document-Erpnext-silverplast-frappe-bench:long: frappe.utils.background_jobs.execute_job(event=None, is_async=True, job_name='frappe.automation.doctype.auto_repeat.auto_repeat.create_repeated_entries', kwargs={'data': []}, method='frappe.automation.doctype.auto_repeat.auto_repeat.create_repeated_entries', site='dev.local', user='Administrator') (dev.local::36e3ca9e-192c-4586-9ef5-5a351ad82443)
2026-03-27 06:53:04,017 home-wahyu260697-document-Erpnext-silverplast-frappe-bench:long: Job OK (dev.local::36e3ca9e-192c-4586-9ef5-5a351ad82443)
2026-03-27 06:53:04,017 Result is kept for 600 seconds
2026-03-27 06:56:01,374 home-wahyu260697-document-Erpnext-silverplast-frappe-bench:default: frappe.utils.background_jobs.execute_job(event=None, is_async=True, job_name='frappe.core.doctype.scheduled_job_type.scheduled_job_type.run_scheduled_jo..., kwargs={'job_type': 'frappe.email.queue.retry_sending_emails'}, method='frappe.core.doctype.scheduled_job_type.scheduled_job_type.run_scheduled_jo..., site='dev.local', user='Administrator') (dev.local::scheduled_job::frappe.email.queue.retry_sending_emails)
2026-03-27 06:56:04,588 home-wahyu260697-document-Erpnext-silverplast-frappe-bench:default: Job OK (dev.local::scheduled_job::frappe.email.queue.retry_sending_emails)
2026-03-27 06:56:04,589 Result is kept for 600 seconds
2026-03-27 06:56:04,603 home-wahyu260697-document-Erpnext-silverplast-frappe-bench:default: frappe.utils.background_jobs.execute_job(event=None, is_async=True, job_name='frappe.core.doctype.scheduled_job_type.scheduled_job_type.run_scheduled_jo..., kwargs={'job_type': 'frappe.integrations.doctype.google_calendar.google_calendar.s..., method='frappe.core.doctype.scheduled_job_type.scheduled_job_type.run_scheduled_jo..., site='dev.local', user='Administrator') (dev.local::scheduled_job::frappe.integrations.doctype.google_calendar.google_calendar.sync)
2026-03-27 06:56:05,935 home-wahyu260697-document-Erpnext-silverplast-frappe-bench:default: Job OK (dev.local::scheduled_job::frappe.integrations.doctype.google_calendar.google_calendar.sync)
2026-03-27 06:56:05,936 Result is kept for 600 seconds
2026-03-27 06:56:05,955 home-wahyu260697-document-Erpnext-silverplast-frappe-bench:default: frappe.utils.background_jobs.execute_job(event=None, is_async=True, job_name='frappe.core.doctype.scheduled_job_type.scheduled_job_type.run_scheduled_jo..., kwargs={'job_type': 'frappe.monitor.flush'}, method='frappe.core.doctype.scheduled_job_type.scheduled_job_type.run_scheduled_jo..., site='dev.local', user='Administrator') (dev.local::scheduled_job::frappe.monitor.flush)
2026-03-27 06:56:06,643 home-wahyu260697-document-Erpnext-silverplast-frappe-bench:default: Job OK (dev.local::scheduled_job::frappe.monitor.flush)
2026-03-27 06:56:06,643 Result is kept for 600 seconds
2026-03-27 06:56:06,660 home-wahyu260697-document-Erpnext-silverplast-frappe-bench:default: frappe.utils.background_jobs.execute_job(event=None, is_async=True, job_name='frappe.core.doctype.scheduled_job_type.scheduled_job_type.run_scheduled_jo..., kwargs={'job_type': 'frappe.email.queue.flush'}, method='frappe.core.doctype.scheduled_job_type.scheduled_job_type.run_scheduled_jo..., site='dev.local', user='Administrator') (dev.local::scheduled_job::frappe.email.queue.flush)
2026-03-27 06:56:07,564 home-wahyu260697-document-Erpnext-silverplast-frappe-bench:default: Job OK (dev.local::scheduled_job::frappe.email.queue.flush)
2026-03-27 06:56:07,565 Result is kept for 600 seconds
2026-03-27 07:00:15,382 home-wahyu260697-document-Erpnext-silverplast-frappe-bench:long: frappe.utils.background_jobs.execute_job(event=None, is_async=True, job_name='frappe.core.doctype.scheduled_job_type.scheduled_job_type.run_scheduled_jo..., kwargs={'job_type': 'frappe.desk.form.document_follow.send_hourly_updates'}, method='frappe.core.doctype.scheduled_job_type.scheduled_job_type.run_scheduled_jo..., site='dev.local', user='Administrator') (dev.local::scheduled_job::frappe.desk.form.document_follow.send_hourly_updates)
2026-03-27 07:00:16,513 home-wahyu260697-document-Erpnext-silverplast-frappe-bench:long: Job OK (dev.local::scheduled_job::frappe.desk.form.document_follow.send_hourly_updates)
2026-03-27 07:00:16,513 Result is kept for 600 seconds
2026-03-27 07:00:16,531 home-wahyu260697-document-Erpnext-silverplast-frappe-bench:default: frappe.utils.background_jobs.execute_job(event=None, is_async=True, job_name='frappe.core.doctype.scheduled_job_type.scheduled_job_type.run_scheduled_jo..., kwargs={'job_type': 'frappe.model.utils.link_count.update_link_count'}, method='frappe.core.doctype.scheduled_job_type.scheduled_job_type.run_scheduled_jo..., site='dev.local', user='Administrator') (dev.local::scheduled_job::frappe.model.utils.link_count.update_link_count)
2026-03-27 07:00:17,778 home-wahyu260697-document-Erpnext-silverplast-frappe-bench:default: Job OK (dev.local::scheduled_job::frappe.model.utils.link_count.update_link_count)
2026-03-27 07:00:17,779 Result is kept for 600 seconds
2026-03-27 07:00:17,794 home-wahyu260697-document-Erpnext-silverplast-frappe-bench:default: frappe.utils.background_jobs.execute_job(event=None, is_async=True, job_name='frappe.core.doctype.scheduled_job_type.scheduled_job_type.run_scheduled_jo..., kwargs={'job_type': 'frappe.utils.telemetry.pulse.client.send_queued_events'}, method='frappe.core.doctype.scheduled_job_type.scheduled_job_type.run_scheduled_jo..., site='dev.local', user='Administrator') (dev.local::scheduled_job::frappe.utils.telemetry.pulse.client.send_queued_events)
2026-03-27 07:00:18,910 home-wahyu260697-document-Erpnext-silverplast-frappe-bench:default: Job OK (dev.local::scheduled_job::frappe.utils.telemetry.pulse.client.send_queued_events)
2026-03-27 07:00:18,911 Result is kept for 600 seconds
2026-03-27 07:00:18,925 home-wahyu260697-document-Erpnext-silverplast-frappe-bench:default: frappe.utils.background_jobs.execute_job(event=None, is_async=True, job_name='frappe.core.doctype.scheduled_job_type.scheduled_job_type.run_scheduled_jo..., kwargs={'job_type': 'frappe.monitor.flush'}, method='frappe.core.doctype.scheduled_job_type.scheduled_job_type.run_scheduled_jo..., site='dev.local', user='Administrator') (dev.local::scheduled_job::frappe.monitor.flush)
2026-03-27 07:00:19,530 home-wahyu260697-document-Erpnext-silverplast-frappe-bench:default: Job OK (dev.local::scheduled_job::frappe.monitor.flush)
2026-03-27 07:00:19,531 Result is kept for 600 seconds
2026-03-27 07:00:19,549 home-wahyu260697-document-Erpnext-silverplast-frappe-bench:default: frappe.utils.background_jobs.execute_job(event=None, is_async=True, job_name='frappe.core.doctype.scheduled_job_type.scheduled_job_type.run_scheduled_jo..., kwargs={'job_type': 'frappe.deferred_insert.save_to_db'}, method='frappe.core.doctype.scheduled_job_type.scheduled_job_type.run_scheduled_jo..., site='dev.local', user='Administrator') (dev.local::scheduled_job::frappe.deferred_insert.save_to_db)
2026-03-27 07:00:20,368 home-wahyu260697-document-Erpnext-silverplast-frappe-bench:default: Job OK (dev.local::scheduled_job::frappe.deferred_insert.save_to_db)
2026-03-27 07:00:20,368 Result is kept for 600 seconds
2026-03-27 07:00:20,412 home-wahyu260697-document-Erpnext-silverplast-frappe-bench:default: frappe.utils.background_jobs.execute_job(event=None, is_async=True, job_name='frappe.core.doctype.scheduled_job_type.scheduled_job_type.run_scheduled_jo..., kwargs={'job_type': 'frappe.automation.doctype.reminder.reminder.send_reminders'}, method='frappe.core.doctype.scheduled_job_type.scheduled_job_type.run_scheduled_jo..., site='dev.local', user='Administrator') (dev.local::scheduled_job::frappe.automation.doctype.reminder.reminder.send_reminders)
2026-03-27 07:00:21,398 home-wahyu260697-document-Erpnext-silverplast-frappe-bench:default: Job OK (dev.local::scheduled_job::frappe.automation.doctype.reminder.reminder.send_reminders)
2026-03-27 07:00:21,398 Result is kept for 600 seconds
2026-03-27 07:00:21,420 home-wahyu260697-document-Erpnext-silverplast-frappe-bench:default: frappe.utils.background_jobs.execute_job(event=None, is_async=True, job_name='frappe.core.doctype.scheduled_job_type.scheduled_job_type.run_scheduled_jo..., kwargs={'job_type': 'frappe.email.doctype.email_account.email_account.pull'}, method='frappe.core.doctype.scheduled_job_type.scheduled_job_type.run_scheduled_jo..., site='dev.local', user='Administrator') (dev.local::scheduled_job::frappe.email.doctype.email_account.email_account.pull)
2026-03-27 07:00:22,648 home-wahyu260697-document-Erpnext-silverplast-frappe-bench:default: Job OK (dev.local::scheduled_job::frappe.email.doctype.email_account.email_account.pull)
2026-03-27 07:00:22,648 Result is kept for 600 seconds
2026-03-27 07:00:22,665 home-wahyu260697-document-Erpnext-silverplast-frappe-bench:default: frappe.utils.background_jobs.execute_job(event=None, is_async=True, job_name='frappe.core.doctype.scheduled_job_type.scheduled_job_type.run_scheduled_jo..., kwargs={'job_type': 'frappe.utils.global_search.sync_global_search'}, method='frappe.core.doctype.scheduled_job_type.scheduled_job_type.run_scheduled_jo..., site='dev.local', user='Administrator') (dev.local::scheduled_job::frappe.utils.global_search.sync_global_search)
2026-03-27 07:00:23,462 home-wahyu260697-document-Erpnext-silverplast-frappe-bench:default: Job OK (dev.local::scheduled_job::frappe.utils.global_search.sync_global_search)
2026-03-27 07:00:23,463 Result is kept for 600 seconds
2026-03-27 07:00:23,479 home-wahyu260697-document-Erpnext-silverplast-frappe-bench:default: frappe.utils.background_jobs.execute_job(event=None, is_async=True, job_name='frappe.core.doctype.scheduled_job_type.scheduled_job_type.run_scheduled_jo..., kwargs={'job_type': 'frappe.email.queue.flush'}, method='frappe.core.doctype.scheduled_job_type.scheduled_job_type.run_scheduled_jo..., site='dev.local', user='Administrator') (dev.local::scheduled_job::frappe.email.queue.flush)
2026-03-27 07:00:25,039 home-wahyu260697-document-Erpnext-silverplast-frappe-bench:default: Job OK (dev.local::scheduled_job::frappe.email.queue.flush)
2026-03-27 07:00:25,041 Result is kept for 600 seconds
2026-03-27 07:00:25,063 home-wahyu260697-document-Erpnext-silverplast-frappe-bench:default: frappe.utils.background_jobs.execute_job(event=None, is_async=True, job_name='frappe.core.doctype.scheduled_job_type.scheduled_job_type.run_scheduled_jo..., kwargs={'job_type': 'frappe.search.sqlite_search.build_index_if_not_exists'}, method='frappe.core.doctype.scheduled_job_type.scheduled_job_type.run_scheduled_jo..., site='dev.local', user='Administrator') (dev.local::scheduled_job::frappe.search.sqlite_search.build_index_if_not_exists)
2026-03-27 07:00:26,144 home-wahyu260697-document-Erpnext-silverplast-frappe-bench:default: Job OK (dev.local::scheduled_job::frappe.search.sqlite_search.build_index_if_not_exists)
2026-03-27 07:00:26,145 Result is kept for 600 seconds
2026-03-27 07:00:26,178 home-wahyu260697-document-Erpnext-silverplast-frappe-bench:default: frappe.utils.background_jobs.execute_job(event=None, is_async=True, job_name='frappe.core.doctype.scheduled_job_type.scheduled_job_type.run_scheduled_jo..., kwargs={'job_type': 'frappe.email.doctype.newsletter.newsletter.send_scheduled_ema..., method='frappe.core.doctype.scheduled_job_type.scheduled_job_type.run_scheduled_jo..., site='dev.local', user='Administrator') (dev.local::scheduled_job::frappe.email.doctype.newsletter.newsletter.send_scheduled_email)
2026-03-27 07:00:27,194 home-wahyu260697-document-Erpnext-silverplast-frappe-bench:default: Job OK (dev.local::scheduled_job::frappe.email.doctype.newsletter.newsletter.send_scheduled_email)
2026-03-27 07:00:27,195 Result is kept for 600 seconds
2026-03-27 07:00:27,214 home-wahyu260697-document-Erpnext-silverplast-frappe-bench:default: frappe.utils.background_jobs.execute_job(event=None, is_async=True, job_name='frappe.core.doctype.scheduled_job_type.scheduled_job_type.run_scheduled_jo..., kwargs={'job_type': 'frappe.email.doctype.email_account.email_account.notify_unrep..., method='frappe.core.doctype.scheduled_job_type.scheduled_job_type.run_scheduled_jo..., site='dev.local', user='Administrator') (dev.local::scheduled_job::frappe.email.doctype.email_account.email_account.notify_unreplied)
2026-03-27 07:00:28,607 home-wahyu260697-document-Erpnext-silverplast-frappe-bench:default: Job OK (dev.local::scheduled_job::frappe.email.doctype.email_account.email_account.notify_unreplied)
2026-03-27 07:00:28,609 Result is kept for 600 seconds
2026-03-27 07:00:28,633 home-wahyu260697-document-Erpnext-silverplast-frappe-bench:default: frappe.utils.background_jobs.execute_job(event=None, is_async=True, job_name='frappe.core.doctype.scheduled_job_type.scheduled_job_type.run_scheduled_jo..., kwargs={'job_type': 'frappe.integrations.doctype.google_calendar.google_calendar.s..., method='frappe.core.doctype.scheduled_job_type.scheduled_job_type.run_scheduled_jo..., site='dev.local', user='Administrator') (dev.local::scheduled_job::frappe.integrations.doctype.google_calendar.google_calendar.sync)
2026-03-27 07:00:30,361 home-wahyu260697-document-Erpnext-silverplast-frappe-bench:default: Job OK (dev.local::scheduled_job::frappe.integrations.doctype.google_calendar.google_calendar.sync)
2026-03-27 07:00:30,364 Result is kept for 600 seconds
2026-03-27 07:00:30,395 home-wahyu260697-document-Erpnext-silverplast-frappe-bench:default: frappe.utils.background_jobs.execute_job(event=None, is_async=True, job_name='frappe.core.doctype.scheduled_job_type.scheduled_job_type.run_scheduled_jo..., kwargs={'job_type': 'frappe.email.queue.retry_sending_emails'}, method='frappe.core.doctype.scheduled_job_type.scheduled_job_type.run_scheduled_jo..., site='dev.local', user='Administrator') (dev.local::scheduled_job::frappe.email.queue.retry_sending_emails)
2026-03-27 07:00:31,144 home-wahyu260697-document-Erpnext-silverplast-frappe-bench:default: Job OK (dev.local::scheduled_job::frappe.email.queue.retry_sending_emails)
2026-03-27 07:00:31,145 Result is kept for 600 seconds
2026-03-27 07:00:31,159 home-wahyu260697-document-Erpnext-silverplast-frappe-bench:long: frappe.utils.background_jobs.execute_job(event=None, is_async=True, job_name='frappe.core.doctype.scheduled_job_type.scheduled_job_type.run_scheduled_jo..., kwargs={'job_type': 'frappe.website.doctype.web_page.web_page.check_publish_status..., method='frappe.core.doctype.scheduled_job_type.scheduled_job_type.run_scheduled_jo..., site='dev.local', user='Administrator') (dev.local::scheduled_job::frappe.website.doctype.web_page.web_page.check_publish_status)
2026-03-27 07:00:31,928 home-wahyu260697-document-Erpnext-silverplast-frappe-bench:long: Job OK (dev.local::scheduled_job::frappe.website.doctype.web_page.web_page.check_publish_status)
2026-03-27 07:00:31,928 Result is kept for 600 seconds
2026-03-27 07:00:31,947 home-wahyu260697-document-Erpnext-silverplast-frappe-bench:long: frappe.utils.background_jobs.execute_job(event=None, is_async=True, job_name='frappe.core.doctype.scheduled_job_type.scheduled_job_type.run_scheduled_jo..., kwargs={'job_type': 'frappe.desk.page.backups.backups.delete_downloadable_backups'..., method='frappe.core.doctype.scheduled_job_type.scheduled_job_type.run_scheduled_jo..., site='dev.local', user='Administrator') (dev.local::scheduled_job::frappe.desk.page.backups.backups.delete_downloadable_backups)
2026-03-27 07:00:33,109 home-wahyu260697-document-Erpnext-silverplast-frappe-bench:long: Job OK (dev.local::scheduled_job::frappe.desk.page.backups.backups.delete_downloadable_backups)
2026-03-27 07:00:33,110 Result is kept for 600 seconds
2026-03-27 07:00:33,149 home-wahyu260697-document-Erpnext-silverplast-frappe-bench:long: frappe.utils.background_jobs.execute_job(event=None, is_async=True, job_name='frappe.core.doctype.scheduled_job_type.scheduled_job_type.run_scheduled_jo..., kwargs={'job_type': 'frappe.oauth.delete_oauth2_data'}, method='frappe.core.doctype.scheduled_job_type.scheduled_job_type.run_scheduled_jo..., site='dev.local', user='Administrator') (dev.local::scheduled_job::frappe.oauth.delete_oauth2_data)
2026-03-27 07:00:34,015 home-wahyu260697-document-Erpnext-silverplast-frappe-bench:long: Job OK (dev.local::scheduled_job::frappe.oauth.delete_oauth2_data)
2026-03-27 07:00:34,015 Result is kept for 600 seconds
2026-03-27 07:00:34,031 home-wahyu260697-document-Erpnext-silverplast-frappe-bench:long: frappe.utils.background_jobs.execute_job(event=None, is_async=True, job_name='frappe.core.doctype.scheduled_job_type.scheduled_job_type.run_scheduled_jo..., kwargs={'job_type': 'frappe.desk.utils.delete_old_exported_report_files'}, method='frappe.core.doctype.scheduled_job_type.scheduled_job_type.run_scheduled_jo..., site='dev.local', user='Administrator') (dev.local::scheduled_job::frappe.desk.utils.delete_old_exported_report_files)
2026-03-27 07:00:35,007 home-wahyu260697-document-Erpnext-silverplast-frappe-bench:long: Job OK (dev.local::scheduled_job::frappe.desk.utils.delete_old_exported_report_files)
2026-03-27 07:00:35,008 Result is kept for 600 seconds
2026-03-27 07:00:35,037 home-wahyu260697-document-Erpnext-silverplast-frappe-bench:long: frappe.utils.background_jobs.execute_job(event=None, is_async=True, job_name='frappe.core.doctype.scheduled_job_type.scheduled_job_type.run_scheduled_jo..., kwargs={'job_type': 'frappe.twofactor.delete_all_barcodes_for_users'}, method='frappe.core.doctype.scheduled_job_type.scheduled_job_type.run_scheduled_jo..., site='dev.local', user='Administrator') (dev.local::scheduled_job::frappe.twofactor.delete_all_barcodes_for_users)
2026-03-27 07:00:36,341 home-wahyu260697-document-Erpnext-silverplast-frappe-bench:long: Job OK (dev.local::scheduled_job::frappe.twofactor.delete_all_barcodes_for_users)
2026-03-27 07:00:36,343 Result is kept for 600 seconds
2026-03-27 07:00:36,387 home-wahyu260697-document-Erpnext-silverplast-frappe-bench:long: frappe.utils.background_jobs.execute_job(event=None, is_async=True, job_name='frappe.core.doctype.scheduled_job_type.scheduled_job_type.run_scheduled_jo..., kwargs={'job_type': 'frappe.website.doctype.personal_data_deletion_request.persona..., method='frappe.core.doctype.scheduled_job_type.scheduled_job_type.run_scheduled_jo..., site='dev.local', user='Administrator') (dev.local::scheduled_job::frappe.website.doctype.personal_data_deletion_request.personal_data_deletion_request.process_data_deletion_request)
2026-03-27 07:00:37,368 home-wahyu260697-document-Erpnext-silverplast-frappe-bench:long: Job OK (dev.local::scheduled_job::frappe.website.doctype.personal_data_deletion_request.personal_data_deletion_request.process_data_deletion_request)
2026-03-27 07:00:37,368 Result is kept for 600 seconds
2026-03-27 07:00:37,386 home-wahyu260697-document-Erpnext-silverplast-frappe-bench:long: frappe.utils.background_jobs.execute_job(event=None, is_async=True, job_name='frappe.core.doctype.scheduled_job_type.scheduled_job_type.run_scheduled_jo..., kwargs={'job_type': 'frappe.core.doctype.prepared_report.prepared_report.expire_st..., method='frappe.core.doctype.scheduled_job_type.scheduled_job_type.run_scheduled_jo..., site='dev.local', user='Administrator') (dev.local::scheduled_job::frappe.core.doctype.prepared_report.prepared_report.expire_stalled_report)
2026-03-27 07:00:38,542 home-wahyu260697-document-Erpnext-silverplast-frappe-bench:long: Job OK (dev.local::scheduled_job::frappe.core.doctype.prepared_report.prepared_report.expire_stalled_report)
2026-03-27 07:00:38,542 Result is kept for 600 seconds
2026-03-27 07:00:38,559 home-wahyu260697-document-Erpnext-silverplast-frappe-bench:long: frappe.utils.background_jobs.execute_job(event=None, is_async=True, job_name='frappe.core.doctype.scheduled_job_type.scheduled_job_type.run_scheduled_jo..., kwargs={'job_type': 'frappe.model.utils.user_settings.sync_user_settings'}, method='frappe.core.doctype.scheduled_job_type.scheduled_job_type.run_scheduled_jo..., site='dev.local', user='Administrator') (dev.local::scheduled_job::frappe.model.utils.user_settings.sync_user_settings)
2026-03-27 07:00:39,296 home-wahyu260697-document-Erpnext-silverplast-frappe-bench:long: Job OK (dev.local::scheduled_job::frappe.model.utils.user_settings.sync_user_settings)
2026-03-27 07:00:39,296 Result is kept for 600 seconds
2026-03-27 07:04:27,412 home-wahyu260697-document-Erpnext-silverplast-frappe-bench:default: frappe.utils.background_jobs.execute_job(event=None, is_async=True, job_name='frappe.core.doctype.scheduled_job_type.scheduled_job_type.run_scheduled_jo..., kwargs={'job_type': 'frappe.integrations.doctype.google_calendar.google_calendar.s..., method='frappe.core.doctype.scheduled_job_type.scheduled_job_type.run_scheduled_jo..., site='dev.local', user='Administrator') (dev.local::scheduled_job::frappe.integrations.doctype.google_calendar.google_calendar.sync)
2026-03-27 07:04:29,027 home-wahyu260697-document-Erpnext-silverplast-frappe-bench:default: Job OK (dev.local::scheduled_job::frappe.integrations.doctype.google_calendar.google_calendar.sync)
2026-03-27 07:04:29,028 Result is kept for 600 seconds
2026-03-27 07:04:29,056 home-wahyu260697-document-Erpnext-silverplast-frappe-bench:default: frappe.utils.background_jobs.execute_job(event=None, is_async=True, job_name='frappe.core.doctype.scheduled_job_type.scheduled_job_type.run_scheduled_jo..., kwargs={'job_type': 'frappe.email.queue.flush'}, method='frappe.core.doctype.scheduled_job_type.scheduled_job_type.run_scheduled_jo..., site='dev.local', user='Administrator') (dev.local::scheduled_job::frappe.email.queue.flush)
2026-03-27 07:04:30,124 home-wahyu260697-document-Erpnext-silverplast-frappe-bench:default: Job OK (dev.local::scheduled_job::frappe.email.queue.flush)
2026-03-27 07:04:30,125 Result is kept for 600 seconds
2026-03-27 07:04:30,146 home-wahyu260697-document-Erpnext-silverplast-frappe-bench:default: frappe.utils.background_jobs.execute_job(event=None, is_async=True, job_name='frappe.core.doctype.scheduled_job_type.scheduled_job_type.run_scheduled_jo..., kwargs={'job_type': 'frappe.email.queue.retry_sending_emails'}, method='frappe.core.doctype.scheduled_job_type.scheduled_job_type.run_scheduled_jo..., site='dev.local', user='Administrator') (dev.local::scheduled_job::frappe.email.queue.retry_sending_emails)
2026-03-27 07:04:30,860 home-wahyu260697-document-Erpnext-silverplast-frappe-bench:default: Job OK (dev.local::scheduled_job::frappe.email.queue.retry_sending_emails)
2026-03-27 07:04:30,860 Result is kept for 600 seconds
2026-03-27 07:04:30,875 home-wahyu260697-document-Erpnext-silverplast-frappe-bench:default: frappe.utils.background_jobs.execute_job(event=None, is_async=True, job_name='frappe.core.doctype.scheduled_job_type.scheduled_job_type.run_scheduled_jo..., kwargs={'job_type': 'frappe.monitor.flush'}, method='frappe.core.doctype.scheduled_job_type.scheduled_job_type.run_scheduled_jo..., site='dev.local', user='Administrator') (dev.local::scheduled_job::frappe.monitor.flush)
2026-03-27 07:04:31,657 home-wahyu260697-document-Erpnext-silverplast-frappe-bench:default: Job OK (dev.local::scheduled_job::frappe.monitor.flush)
2026-03-27 07:04:31,657 Result is kept for 600 seconds
2026-03-27 07:08:39,555 home-wahyu260697-document-Erpnext-silverplast-frappe-bench:default: frappe.utils.background_jobs.execute_job(event=None, is_async=True, job_name='frappe.core.doctype.scheduled_job_type.scheduled_job_type.run_scheduled_jo..., kwargs={'job_type': 'frappe.email.queue.flush'}, method='frappe.core.doctype.scheduled_job_type.scheduled_job_type.run_scheduled_jo..., site='dev.local', user='Administrator') (dev.local::scheduled_job::frappe.email.queue.flush)
2026-03-27 07:08:41,271 home-wahyu260697-document-Erpnext-silverplast-frappe-bench:default: Job OK (dev.local::scheduled_job::frappe.email.queue.flush)
2026-03-27 07:08:41,272 Result is kept for 600 seconds
2026-03-27 07:08:41,293 home-wahyu260697-document-Erpnext-silverplast-frappe-bench:default: frappe.utils.background_jobs.execute_job(event=None, is_async=True, job_name='frappe.core.doctype.scheduled_job_type.scheduled_job_type.run_scheduled_jo..., kwargs={'job_type': 'frappe.email.queue.retry_sending_emails'}, method='frappe.core.doctype.scheduled_job_type.scheduled_job_type.run_scheduled_jo..., site='dev.local', user='Administrator') (dev.local::scheduled_job::frappe.email.queue.retry_sending_emails)
2026-03-27 07:08:42,070 home-wahyu260697-document-Erpnext-silverplast-frappe-bench:default: Job OK (dev.local::scheduled_job::frappe.email.queue.retry_sending_emails)
2026-03-27 07:08:42,070 Result is kept for 600 seconds
2026-03-27 07:08:42,089 home-wahyu260697-document-Erpnext-silverplast-frappe-bench:default: frappe.utils.background_jobs.execute_job(event=None, is_async=True, job_name='frappe.core.doctype.scheduled_job_type.scheduled_job_type.run_scheduled_jo..., kwargs={'job_type': 'frappe.monitor.flush'}, method='frappe.core.doctype.scheduled_job_type.scheduled_job_type.run_scheduled_jo..., site='dev.local', user='Administrator') (dev.local::scheduled_job::frappe.monitor.flush)
2026-03-27 07:08:42,853 home-wahyu260697-document-Erpnext-silverplast-frappe-bench:default: Job OK (dev.local::scheduled_job::frappe.monitor.flush)
2026-03-27 07:08:42,853 Result is kept for 600 seconds
2026-03-27 07:08:42,868 home-wahyu260697-document-Erpnext-silverplast-frappe-bench:default: frappe.utils.background_jobs.execute_job(event=None, is_async=True, job_name='frappe.core.doctype.scheduled_job_type.scheduled_job_type.run_scheduled_jo..., kwargs={'job_type': 'frappe.integrations.doctype.google_calendar.google_calendar.s..., method='frappe.core.doctype.scheduled_job_type.scheduled_job_type.run_scheduled_jo..., site='dev.local', user='Administrator') (dev.local::scheduled_job::frappe.integrations.doctype.google_calendar.google_calendar.sync)
2026-03-27 07:08:43,986 home-wahyu260697-document-Erpnext-silverplast-frappe-bench:default: Job OK (dev.local::scheduled_job::frappe.integrations.doctype.google_calendar.google_calendar.sync)
2026-03-27 07:08:43,987 Result is kept for 600 seconds
2026-03-27 07:10:45,558 home-wahyu260697-document-Erpnext-silverplast-frappe-bench:default: frappe.utils.background_jobs.execute_job(event=None, is_async=True, job_name='frappe.core.doctype.scheduled_job_type.scheduled_job_type.run_scheduled_jo..., kwargs={'job_type': 'frappe.email.doctype.email_account.email_account.pull'}, method='frappe.core.doctype.scheduled_job_type.scheduled_job_type.run_scheduled_jo..., site='dev.local', user='Administrator') (dev.local::scheduled_job::frappe.email.doctype.email_account.email_account.pull)
2026-03-27 07:10:46,633 home-wahyu260697-document-Erpnext-silverplast-frappe-bench:default: Job OK (dev.local::scheduled_job::frappe.email.doctype.email_account.email_account.pull)
2026-03-27 07:10:46,634 Result is kept for 600 seconds
2026-03-27 07:12:51,397 home-wahyu260697-document-Erpnext-silverplast-frappe-bench:default: frappe.utils.background_jobs.execute_job(event=None, is_async=True, job_name='frappe.core.doctype.scheduled_job_type.scheduled_job_type.run_scheduled_jo..., kwargs={'job_type': 'frappe.email.queue.retry_sending_emails'}, method='frappe.core.doctype.scheduled_job_type.scheduled_job_type.run_scheduled_jo..., site='dev.local', user='Administrator') (dev.local::scheduled_job::frappe.email.queue.retry_sending_emails)
2026-03-27 07:12:52,107 home-wahyu260697-document-Erpnext-silverplast-frappe-bench:default: Job OK (dev.local::scheduled_job::frappe.email.queue.retry_sending_emails)
2026-03-27 07:12:52,107 Result is kept for 600 seconds
2026-03-27 07:12:52,120 home-wahyu260697-document-Erpnext-silverplast-frappe-bench:default: frappe.utils.background_jobs.execute_job(event=None, is_async=True, job_name='frappe.core.doctype.scheduled_job_type.scheduled_job_type.run_scheduled_jo..., kwargs={'job_type': 'frappe.monitor.flush'}, method='frappe.core.doctype.scheduled_job_type.scheduled_job_type.run_scheduled_jo..., site='dev.local', user='Administrator') (dev.local::scheduled_job::frappe.monitor.flush)
2026-03-27 07:12:52,809 home-wahyu260697-document-Erpnext-silverplast-frappe-bench:default: Job OK (dev.local::scheduled_job::frappe.monitor.flush)
2026-03-27 07:12:52,809 Result is kept for 600 seconds
2026-03-27 07:12:52,825 home-wahyu260697-document-Erpnext-silverplast-frappe-bench:default: frappe.utils.background_jobs.execute_job(event=None, is_async=True, job_name='frappe.core.doctype.scheduled_job_type.scheduled_job_type.run_scheduled_jo..., kwargs={'job_type': 'frappe.email.queue.flush'}, method='frappe.core.doctype.scheduled_job_type.scheduled_job_type.run_scheduled_jo..., site='dev.local', user='Administrator') (dev.local::scheduled_job::frappe.email.queue.flush)
2026-03-27 07:12:53,894 home-wahyu260697-document-Erpnext-silverplast-frappe-bench:default: Job OK (dev.local::scheduled_job::frappe.email.queue.flush)
2026-03-27 07:12:53,894 Result is kept for 600 seconds
2026-03-27 07:12:53,916 home-wahyu260697-document-Erpnext-silverplast-frappe-bench:default: frappe.utils.background_jobs.execute_job(event=None, is_async=True, job_name='frappe.core.doctype.scheduled_job_type.scheduled_job_type.run_scheduled_jo..., kwargs={'job_type': 'frappe.integrations.doctype.google_calendar.google_calendar.s..., method='frappe.core.doctype.scheduled_job_type.scheduled_job_type.run_scheduled_jo..., site='dev.local', user='Administrator') (dev.local::scheduled_job::frappe.integrations.doctype.google_calendar.google_calendar.sync)
2026-03-27 07:12:54,962 home-wahyu260697-document-Erpnext-silverplast-frappe-bench:default: Job OK (dev.local::scheduled_job::frappe.integrations.doctype.google_calendar.google_calendar.sync)
2026-03-27 07:12:54,962 Result is kept for 600 seconds
2026-03-27 07:16:00,171 home-wahyu260697-document-Erpnext-silverplast-frappe-bench:default: frappe.utils.background_jobs.execute_job(event=None, is_async=True, job_name='frappe.core.doctype.scheduled_job_type.scheduled_job_type.run_scheduled_jo..., kwargs={'job_type': 'frappe.utils.global_search.sync_global_search'}, method='frappe.core.doctype.scheduled_job_type.scheduled_job_type.run_scheduled_jo..., site='dev.local', user='Administrator') (dev.local::scheduled_job::frappe.utils.global_search.sync_global_search)
2026-03-27 07:16:01,121 home-wahyu260697-document-Erpnext-silverplast-frappe-bench:default: Job OK (dev.local::scheduled_job::frappe.utils.global_search.sync_global_search)
2026-03-27 07:16:01,121 Result is kept for 600 seconds
2026-03-27 07:16:01,139 Cleaning registries for queue: home-wahyu260697-document-Erpnext-silverplast-frappe-bench:short
2026-03-27 07:16:01,151 Cleaning registries for queue: home-wahyu260697-document-Erpnext-silverplast-frappe-bench:default
2026-03-27 07:16:01,159 Cleaning registries for queue: home-wahyu260697-document-Erpnext-silverplast-frappe-bench:long
2026-03-27 07:16:01,172 home-wahyu260697-document-Erpnext-silverplast-frappe-bench:default: frappe.utils.background_jobs.execute_job(event=None, is_async=True, job_name='frappe.core.doctype.scheduled_job_type.scheduled_job_type.run_scheduled_jo..., kwargs={'job_type': 'frappe.model.utils.link_count.update_link_count'}, method='frappe.core.doctype.scheduled_job_type.scheduled_job_type.run_scheduled_jo..., site='dev.local', user='Administrator') (dev.local::scheduled_job::frappe.model.utils.link_count.update_link_count)
2026-03-27 07:16:01,962 home-wahyu260697-document-Erpnext-silverplast-frappe-bench:default: Job OK (dev.local::scheduled_job::frappe.model.utils.link_count.update_link_count)
2026-03-27 07:16:01,962 Result is kept for 600 seconds
2026-03-27 07:16:01,984 home-wahyu260697-document-Erpnext-silverplast-frappe-bench:default: frappe.utils.background_jobs.execute_job(event=None, is_async=True, job_name='frappe.core.doctype.scheduled_job_type.scheduled_job_type.run_scheduled_jo..., kwargs={'job_type': 'frappe.utils.telemetry.pulse.client.send_queued_events'}, method='frappe.core.doctype.scheduled_job_type.scheduled_job_type.run_scheduled_jo..., site='dev.local', user='Administrator') (dev.local::scheduled_job::frappe.utils.telemetry.pulse.client.send_queued_events)
2026-03-27 07:16:02,904 home-wahyu260697-document-Erpnext-silverplast-frappe-bench:default: Job OK (dev.local::scheduled_job::frappe.utils.telemetry.pulse.client.send_queued_events)
2026-03-27 07:16:02,905 Result is kept for 600 seconds
2026-03-27 07:16:02,927 home-wahyu260697-document-Erpnext-silverplast-frappe-bench:default: frappe.utils.background_jobs.execute_job(event=None, is_async=True, job_name='frappe.core.doctype.scheduled_job_type.scheduled_job_type.run_scheduled_jo..., kwargs={'job_type': 'frappe.email.doctype.email_account.email_account.notify_unrep..., method='frappe.core.doctype.scheduled_job_type.scheduled_job_type.run_scheduled_jo..., site='dev.local', user='Administrator') (dev.local::scheduled_job::frappe.email.doctype.email_account.email_account.notify_unreplied)
2026-03-27 07:16:03,850 home-wahyu260697-document-Erpnext-silverplast-frappe-bench:default: Job OK (dev.local::scheduled_job::frappe.email.doctype.email_account.email_account.notify_unreplied)
2026-03-27 07:16:03,851 Result is kept for 600 seconds
2026-03-27 07:16:03,886 home-wahyu260697-document-Erpnext-silverplast-frappe-bench:default: frappe.utils.background_jobs.execute_job(event=None, is_async=True, job_name='frappe.core.doctype.scheduled_job_type.scheduled_job_type.run_scheduled_jo..., kwargs={'job_type': 'frappe.integrations.doctype.google_calendar.google_calendar.s..., method='frappe.core.doctype.scheduled_job_type.scheduled_job_type.run_scheduled_jo..., site='dev.local', user='Administrator') (dev.local::scheduled_job::frappe.integrations.doctype.google_calendar.google_calendar.sync)
2026-03-27 07:16:05,211 home-wahyu260697-document-Erpnext-silverplast-frappe-bench:default: Job OK (dev.local::scheduled_job::frappe.integrations.doctype.google_calendar.google_calendar.sync)
2026-03-27 07:16:05,211 Result is kept for 600 seconds
2026-03-27 07:16:05,227 home-wahyu260697-document-Erpnext-silverplast-frappe-bench:default: frappe.utils.background_jobs.execute_job(event=None, is_async=True, job_name='frappe.core.doctype.scheduled_job_type.scheduled_job_type.run_scheduled_jo..., kwargs={'job_type': 'frappe.email.queue.flush'}, method='frappe.core.doctype.scheduled_job_type.scheduled_job_type.run_scheduled_jo..., site='dev.local', user='Administrator') (dev.local::scheduled_job::frappe.email.queue.flush)
2026-03-27 07:16:06,327 home-wahyu260697-document-Erpnext-silverplast-frappe-bench:default: Job OK (dev.local::scheduled_job::frappe.email.queue.flush)
2026-03-27 07:16:06,328 Result is kept for 600 seconds
2026-03-27 07:16:06,369 home-wahyu260697-document-Erpnext-silverplast-frappe-bench:default: frappe.utils.background_jobs.execute_job(event=None, is_async=True, job_name='frappe.core.doctype.scheduled_job_type.scheduled_job_type.run_scheduled_jo..., kwargs={'job_type': 'frappe.automation.doctype.reminder.reminder.send_reminders'}, method='frappe.core.doctype.scheduled_job_type.scheduled_job_type.run_scheduled_jo..., site='dev.local', user='Administrator') (dev.local::scheduled_job::frappe.automation.doctype.reminder.reminder.send_reminders)
2026-03-27 07:16:07,433 home-wahyu260697-document-Erpnext-silverplast-frappe-bench:default: Job OK (dev.local::scheduled_job::frappe.automation.doctype.reminder.reminder.send_reminders)
2026-03-27 07:16:07,433 Result is kept for 600 seconds
2026-03-27 07:16:07,451 home-wahyu260697-document-Erpnext-silverplast-frappe-bench:default: frappe.utils.background_jobs.execute_job(event=None, is_async=True, job_name='frappe.core.doctype.scheduled_job_type.scheduled_job_type.run_scheduled_jo..., kwargs={'job_type': 'frappe.search.sqlite_search.build_index_if_not_exists'}, method='frappe.core.doctype.scheduled_job_type.scheduled_job_type.run_scheduled_jo..., site='dev.local', user='Administrator') (dev.local::scheduled_job::frappe.search.sqlite_search.build_index_if_not_exists)
2026-03-27 07:16:08,284 home-wahyu260697-document-Erpnext-silverplast-frappe-bench:default: Job OK (dev.local::scheduled_job::frappe.search.sqlite_search.build_index_if_not_exists)
2026-03-27 07:16:08,284 Result is kept for 600 seconds
2026-03-27 07:16:08,304 home-wahyu260697-document-Erpnext-silverplast-frappe-bench:default: frappe.utils.background_jobs.execute_job(event=None, is_async=True, job_name='frappe.core.doctype.scheduled_job_type.scheduled_job_type.run_scheduled_jo..., kwargs={'job_type': 'frappe.email.queue.retry_sending_emails'}, method='frappe.core.doctype.scheduled_job_type.scheduled_job_type.run_scheduled_jo..., site='dev.local', user='Administrator') (dev.local::scheduled_job::frappe.email.queue.retry_sending_emails)
2026-03-27 07:16:08,953 home-wahyu260697-document-Erpnext-silverplast-frappe-bench:default: Job OK (dev.local::scheduled_job::frappe.email.queue.retry_sending_emails)
2026-03-27 07:16:08,954 Result is kept for 600 seconds
2026-03-27 07:16:08,974 home-wahyu260697-document-Erpnext-silverplast-frappe-bench:default: frappe.utils.background_jobs.execute_job(event=None, is_async=True, job_name='frappe.core.doctype.scheduled_job_type.scheduled_job_type.run_scheduled_jo..., kwargs={'job_type': 'frappe.monitor.flush'}, method='frappe.core.doctype.scheduled_job_type.scheduled_job_type.run_scheduled_jo..., site='dev.local', user='Administrator') (dev.local::scheduled_job::frappe.monitor.flush)
2026-03-27 07:16:09,633 home-wahyu260697-document-Erpnext-silverplast-frappe-bench:default: Job OK (dev.local::scheduled_job::frappe.monitor.flush)
2026-03-27 07:16:09,634 Result is kept for 600 seconds
2026-03-27 07:16:09,653 home-wahyu260697-document-Erpnext-silverplast-frappe-bench:default: frappe.utils.background_jobs.execute_job(event=None, is_async=True, job_name='frappe.core.doctype.scheduled_job_type.scheduled_job_type.run_scheduled_jo..., kwargs={'job_type': 'frappe.deferred_insert.save_to_db'}, method='frappe.core.doctype.scheduled_job_type.scheduled_job_type.run_scheduled_jo..., site='dev.local', user='Administrator') (dev.local::scheduled_job::frappe.deferred_insert.save_to_db)
2026-03-27 07:16:10,570 home-wahyu260697-document-Erpnext-silverplast-frappe-bench:default: Job OK (dev.local::scheduled_job::frappe.deferred_insert.save_to_db)
2026-03-27 07:16:10,570 Result is kept for 600 seconds
2026-03-27 07:20:11,598 home-wahyu260697-document-Erpnext-silverplast-frappe-bench:default: frappe.utils.background_jobs.execute_job(event=None, is_async=True, job_name='frappe.core.doctype.scheduled_job_type.scheduled_job_type.run_scheduled_jo..., kwargs={'job_type': 'frappe.email.doctype.email_account.email_account.pull'}, method='frappe.core.doctype.scheduled_job_type.scheduled_job_type.run_scheduled_jo..., site='dev.local', user='Administrator') (dev.local::scheduled_job::frappe.email.doctype.email_account.email_account.pull)
2026-03-27 07:20:12,059 home-wahyu260697-document-Erpnext-silverplast-frappe-bench:default: Job OK (dev.local::scheduled_job::frappe.email.doctype.email_account.email_account.pull)
2026-03-27 07:20:12,059 Result is kept for 600 seconds
2026-03-27 07:20:12,070 home-wahyu260697-document-Erpnext-silverplast-frappe-bench:default: frappe.utils.background_jobs.execute_job(event=None, is_async=True, job_name='frappe.core.doctype.scheduled_job_type.scheduled_job_type.run_scheduled_jo..., kwargs={'job_type': 'frappe.email.queue.flush'}, method='frappe.core.doctype.scheduled_job_type.scheduled_job_type.run_scheduled_jo..., site='dev.local', user='Administrator') (dev.local::scheduled_job::frappe.email.queue.flush)
2026-03-27 07:20:12,602 home-wahyu260697-document-Erpnext-silverplast-frappe-bench:default: Job OK (dev.local::scheduled_job::frappe.email.queue.flush)
2026-03-27 07:20:12,602 Result is kept for 600 seconds
2026-03-27 07:20:12,613 home-wahyu260697-document-Erpnext-silverplast-frappe-bench:default: frappe.utils.background_jobs.execute_job(event=None, is_async=True, job_name='frappe.core.doctype.scheduled_job_type.scheduled_job_type.run_scheduled_jo..., kwargs={'job_type': 'frappe.integrations.doctype.google_calendar.google_calendar.s..., method='frappe.core.doctype.scheduled_job_type.scheduled_job_type.run_scheduled_jo..., site='dev.local', user='Administrator') (dev.local::scheduled_job::frappe.integrations.doctype.google_calendar.google_calendar.sync)
2026-03-27 07:20:13,279 home-wahyu260697-document-Erpnext-silverplast-frappe-bench:default: Job OK (dev.local::scheduled_job::frappe.integrations.doctype.google_calendar.google_calendar.sync)
2026-03-27 07:20:13,279 Result is kept for 600 seconds
2026-03-27 07:20:13,289 home-wahyu260697-document-Erpnext-silverplast-frappe-bench:default: frappe.utils.background_jobs.execute_job(event=None, is_async=True, job_name='frappe.core.doctype.scheduled_job_type.scheduled_job_type.run_scheduled_jo..., kwargs={'job_type': 'frappe.email.queue.retry_sending_emails'}, method='frappe.core.doctype.scheduled_job_type.scheduled_job_type.run_scheduled_jo..., site='dev.local', user='Administrator') (dev.local::scheduled_job::frappe.email.queue.retry_sending_emails)
2026-03-27 07:20:13,679 home-wahyu260697-document-Erpnext-silverplast-frappe-bench:default: Job OK (dev.local::scheduled_job::frappe.email.queue.retry_sending_emails)
2026-03-27 07:20:13,679 Result is kept for 600 seconds
2026-03-27 07:20:13,689 home-wahyu260697-document-Erpnext-silverplast-frappe-bench:default: frappe.utils.background_jobs.execute_job(event=None, is_async=True, job_name='frappe.core.doctype.scheduled_job_type.scheduled_job_type.run_scheduled_jo..., kwargs={'job_type': 'frappe.monitor.flush'}, method='frappe.core.doctype.scheduled_job_type.scheduled_job_type.run_scheduled_jo..., site='dev.local', user='Administrator') (dev.local::scheduled_job::frappe.monitor.flush)
2026-03-27 07:20:14,043 home-wahyu260697-document-Erpnext-silverplast-frappe-bench:default: Job OK (dev.local::scheduled_job::frappe.monitor.flush)
2026-03-27 07:20:14,043 Result is kept for 600 seconds
2026-03-27 07:24:22,613 home-wahyu260697-document-Erpnext-silverplast-frappe-bench:default: frappe.utils.background_jobs.execute_job(event=None, is_async=True, job_name='frappe.core.doctype.scheduled_job_type.scheduled_job_type.run_scheduled_jo..., kwargs={'job_type': 'frappe.monitor.flush'}, method='frappe.core.doctype.scheduled_job_type.scheduled_job_type.run_scheduled_jo..., site='dev.local', user='Administrator') (dev.local::scheduled_job::frappe.monitor.flush)
2026-03-27 07:24:23,004 home-wahyu260697-document-Erpnext-silverplast-frappe-bench:default: Job OK (dev.local::scheduled_job::frappe.monitor.flush)
2026-03-27 07:24:23,004 Result is kept for 600 seconds
2026-03-27 07:24:23,014 home-wahyu260697-document-Erpnext-silverplast-frappe-bench:default: frappe.utils.background_jobs.execute_job(event=None, is_async=True, job_name='frappe.core.doctype.scheduled_job_type.scheduled_job_type.run_scheduled_jo..., kwargs={'job_type': 'frappe.email.queue.retry_sending_emails'}, method='frappe.core.doctype.scheduled_job_type.scheduled_job_type.run_scheduled_jo..., site='dev.local', user='Administrator') (dev.local::scheduled_job::frappe.email.queue.retry_sending_emails)
2026-03-27 07:24:23,381 home-wahyu260697-document-Erpnext-silverplast-frappe-bench:default: Job OK (dev.local::scheduled_job::frappe.email.queue.retry_sending_emails)
2026-03-27 07:24:23,381 Result is kept for 600 seconds
2026-03-27 07:24:23,391 home-wahyu260697-document-Erpnext-silverplast-frappe-bench:default: frappe.utils.background_jobs.execute_job(event=None, is_async=True, job_name='frappe.core.doctype.scheduled_job_type.scheduled_job_type.run_scheduled_jo..., kwargs={'job_type': 'frappe.integrations.doctype.google_calendar.google_calendar.s..., method='frappe.core.doctype.scheduled_job_type.scheduled_job_type.run_scheduled_jo..., site='dev.local', user='Administrator') (dev.local::scheduled_job::frappe.integrations.doctype.google_calendar.google_calendar.sync)
2026-03-27 07:24:24,181 home-wahyu260697-document-Erpnext-silverplast-frappe-bench:default: Job OK (dev.local::scheduled_job::frappe.integrations.doctype.google_calendar.google_calendar.sync)
2026-03-27 07:24:24,181 Result is kept for 600 seconds
2026-03-27 07:24:24,192 home-wahyu260697-document-Erpnext-silverplast-frappe-bench:default: frappe.utils.background_jobs.execute_job(event=None, is_async=True, job_name='frappe.core.doctype.scheduled_job_type.scheduled_job_type.run_scheduled_jo..., kwargs={'job_type': 'frappe.email.queue.flush'}, method='frappe.core.doctype.scheduled_job_type.scheduled_job_type.run_scheduled_jo..., site='dev.local', user='Administrator') (dev.local::scheduled_job::frappe.email.queue.flush)
2026-03-27 07:24:24,747 home-wahyu260697-document-Erpnext-silverplast-frappe-bench:default: Job OK (dev.local::scheduled_job::frappe.email.queue.flush)
2026-03-27 07:24:24,748 Result is kept for 600 seconds
2026-03-27 07:28:33,231 home-wahyu260697-document-Erpnext-silverplast-frappe-bench:default: frappe.utils.background_jobs.execute_job(event=None, is_async=True, job_name='frappe.core.doctype.scheduled_job_type.scheduled_job_type.run_scheduled_jo..., kwargs={'job_type': 'frappe.integrations.doctype.google_calendar.google_calendar.s..., method='frappe.core.doctype.scheduled_job_type.scheduled_job_type.run_scheduled_jo..., site='dev.local', user='Administrator') (dev.local::scheduled_job::frappe.integrations.doctype.google_calendar.google_calendar.sync)
2026-03-27 07:28:34,192 home-wahyu260697-document-Erpnext-silverplast-frappe-bench:default: Job OK (dev.local::scheduled_job::frappe.integrations.doctype.google_calendar.google_calendar.sync)
2026-03-27 07:28:34,192 Result is kept for 600 seconds
2026-03-27 07:28:34,210 home-wahyu260697-document-Erpnext-silverplast-frappe-bench:default: frappe.utils.background_jobs.execute_job(event=None, is_async=True, job_name='frappe.core.doctype.scheduled_job_type.scheduled_job_type.run_scheduled_jo..., kwargs={'job_type': 'frappe.email.queue.retry_sending_emails'}, method='frappe.core.doctype.scheduled_job_type.scheduled_job_type.run_scheduled_jo..., site='dev.local', user='Administrator') (dev.local::scheduled_job::frappe.email.queue.retry_sending_emails)
2026-03-27 07:28:34,619 home-wahyu260697-document-Erpnext-silverplast-frappe-bench:default: Job OK (dev.local::scheduled_job::frappe.email.queue.retry_sending_emails)
2026-03-27 07:28:34,619 Result is kept for 600 seconds
2026-03-27 07:28:34,629 home-wahyu260697-document-Erpnext-silverplast-frappe-bench:default: frappe.utils.background_jobs.execute_job(event=None, is_async=True, job_name='frappe.core.doctype.scheduled_job_type.scheduled_job_type.run_scheduled_jo..., kwargs={'job_type': 'frappe.monitor.flush'}, method='frappe.core.doctype.scheduled_job_type.scheduled_job_type.run_scheduled_jo..., site='dev.local', user='Administrator') (dev.local::scheduled_job::frappe.monitor.flush)
2026-03-27 07:28:35,114 home-wahyu260697-document-Erpnext-silverplast-frappe-bench:default: Job OK (dev.local::scheduled_job::frappe.monitor.flush)
2026-03-27 07:28:35,114 Result is kept for 600 seconds
2026-03-27 07:28:35,127 home-wahyu260697-document-Erpnext-silverplast-frappe-bench:default: frappe.utils.background_jobs.execute_job(event=None, is_async=True, job_name='frappe.core.doctype.scheduled_job_type.scheduled_job_type.run_scheduled_jo..., kwargs={'job_type': 'frappe.email.queue.flush'}, method='frappe.core.doctype.scheduled_job_type.scheduled_job_type.run_scheduled_jo..., site='dev.local', user='Administrator') (dev.local::scheduled_job::frappe.email.queue.flush)
2026-03-27 07:28:36,253 home-wahyu260697-document-Erpnext-silverplast-frappe-bench:default: Job OK (dev.local::scheduled_job::frappe.email.queue.flush)
2026-03-27 07:28:36,253 Result is kept for 600 seconds
2026-03-27 07:30:38,642 home-wahyu260697-document-Erpnext-silverplast-frappe-bench:default: frappe.utils.background_jobs.execute_job(event=None, is_async=True, job_name='frappe.core.doctype.scheduled_job_type.scheduled_job_type.run_scheduled_jo..., kwargs={'job_type': 'frappe.deferred_insert.save_to_db'}, method='frappe.core.doctype.scheduled_job_type.scheduled_job_type.run_scheduled_jo..., site='dev.local', user='Administrator') (dev.local::scheduled_job::frappe.deferred_insert.save_to_db)
2026-03-27 07:30:39,245 home-wahyu260697-document-Erpnext-silverplast-frappe-bench:default: Job OK (dev.local::scheduled_job::frappe.deferred_insert.save_to_db)
2026-03-27 07:30:39,245 Result is kept for 600 seconds
2026-03-27 07:30:39,255 home-wahyu260697-document-Erpnext-silverplast-frappe-bench:default: frappe.utils.background_jobs.execute_job(event=None, is_async=True, job_name='frappe.core.doctype.scheduled_job_type.scheduled_job_type.run_scheduled_jo..., kwargs={'job_type': 'frappe.email.doctype.email_account.email_account.notify_unrep..., method='frappe.core.doctype.scheduled_job_type.scheduled_job_type.run_scheduled_jo..., site='dev.local', user='Administrator') (dev.local::scheduled_job::frappe.email.doctype.email_account.email_account.notify_unreplied)
2026-03-27 07:30:39,692 home-wahyu260697-document-Erpnext-silverplast-frappe-bench:default: Job OK (dev.local::scheduled_job::frappe.email.doctype.email_account.email_account.notify_unreplied)
2026-03-27 07:30:39,692 Result is kept for 600 seconds
2026-03-27 07:30:39,704 home-wahyu260697-document-Erpnext-silverplast-frappe-bench:default: frappe.utils.background_jobs.execute_job(event=None, is_async=True, job_name='frappe.core.doctype.scheduled_job_type.scheduled_job_type.run_scheduled_jo..., kwargs={'job_type': 'frappe.search.sqlite_search.build_index_if_not_exists'}, method='frappe.core.doctype.scheduled_job_type.scheduled_job_type.run_scheduled_jo..., site='dev.local', user='Administrator') (dev.local::scheduled_job::frappe.search.sqlite_search.build_index_if_not_exists)
2026-03-27 07:30:40,122 home-wahyu260697-document-Erpnext-silverplast-frappe-bench:default: Job OK (dev.local::scheduled_job::frappe.search.sqlite_search.build_index_if_not_exists)
2026-03-27 07:30:40,122 Result is kept for 600 seconds
2026-03-27 07:30:40,132 home-wahyu260697-document-Erpnext-silverplast-frappe-bench:default: frappe.utils.background_jobs.execute_job(event=None, is_async=True, job_name='frappe.core.doctype.scheduled_job_type.scheduled_job_type.run_scheduled_jo..., kwargs={'job_type': 'frappe.utils.telemetry.pulse.client.send_queued_events'}, method='frappe.core.doctype.scheduled_job_type.scheduled_job_type.run_scheduled_jo..., site='dev.local', user='Administrator') (dev.local::scheduled_job::frappe.utils.telemetry.pulse.client.send_queued_events)
2026-03-27 07:30:40,561 home-wahyu260697-document-Erpnext-silverplast-frappe-bench:default: Job OK (dev.local::scheduled_job::frappe.utils.telemetry.pulse.client.send_queued_events)
2026-03-27 07:30:40,562 Result is kept for 600 seconds
2026-03-27 07:30:40,576 home-wahyu260697-document-Erpnext-silverplast-frappe-bench:default: frappe.utils.background_jobs.execute_job(event=None, is_async=True, job_name='frappe.core.doctype.scheduled_job_type.scheduled_job_type.run_scheduled_jo..., kwargs={'job_type': 'frappe.email.doctype.email_account.email_account.pull'}, method='frappe.core.doctype.scheduled_job_type.scheduled_job_type.run_scheduled_jo..., site='dev.local', user='Administrator') (dev.local::scheduled_job::frappe.email.doctype.email_account.email_account.pull)
2026-03-27 07:30:41,079 home-wahyu260697-document-Erpnext-silverplast-frappe-bench:default: Job OK (dev.local::scheduled_job::frappe.email.doctype.email_account.email_account.pull)
2026-03-27 07:30:41,080 Result is kept for 600 seconds
2026-03-27 07:30:41,090 home-wahyu260697-document-Erpnext-silverplast-frappe-bench:default: frappe.utils.background_jobs.execute_job(event=None, is_async=True, job_name='frappe.core.doctype.scheduled_job_type.scheduled_job_type.run_scheduled_jo..., kwargs={'job_type': 'frappe.automation.doctype.reminder.reminder.send_reminders'}, method='frappe.core.doctype.scheduled_job_type.scheduled_job_type.run_scheduled_jo..., site='dev.local', user='Administrator') (dev.local::scheduled_job::frappe.automation.doctype.reminder.reminder.send_reminders)
2026-03-27 07:30:41,513 home-wahyu260697-document-Erpnext-silverplast-frappe-bench:default: Job OK (dev.local::scheduled_job::frappe.automation.doctype.reminder.reminder.send_reminders)
2026-03-27 07:30:41,513 Result is kept for 600 seconds
2026-03-27 07:30:41,524 home-wahyu260697-document-Erpnext-silverplast-frappe-bench:default: frappe.utils.background_jobs.execute_job(event=None, is_async=True, job_name='frappe.core.doctype.scheduled_job_type.scheduled_job_type.run_scheduled_jo..., kwargs={'job_type': 'frappe.model.utils.link_count.update_link_count'}, method='frappe.core.doctype.scheduled_job_type.scheduled_job_type.run_scheduled_jo..., site='dev.local', user='Administrator') (dev.local::scheduled_job::frappe.model.utils.link_count.update_link_count)
2026-03-27 07:30:41,918 home-wahyu260697-document-Erpnext-silverplast-frappe-bench:default: Job OK (dev.local::scheduled_job::frappe.model.utils.link_count.update_link_count)
2026-03-27 07:30:41,919 Result is kept for 600 seconds
2026-03-27 07:30:41,927 home-wahyu260697-document-Erpnext-silverplast-frappe-bench:default: frappe.utils.background_jobs.execute_job(event=None, is_async=True, job_name='frappe.core.doctype.scheduled_job_type.scheduled_job_type.run_scheduled_jo..., kwargs={'job_type': 'frappe.utils.global_search.sync_global_search'}, method='frappe.core.doctype.scheduled_job_type.scheduled_job_type.run_scheduled_jo..., site='dev.local', user='Administrator') (dev.local::scheduled_job::frappe.utils.global_search.sync_global_search)
2026-03-27 07:30:42,331 home-wahyu260697-document-Erpnext-silverplast-frappe-bench:default: Job OK (dev.local::scheduled_job::frappe.utils.global_search.sync_global_search)
2026-03-27 07:30:42,331 Result is kept for 600 seconds
2026-03-27 07:32:44,015 home-wahyu260697-document-Erpnext-silverplast-frappe-bench:default: frappe.utils.background_jobs.execute_job(event=None, is_async=True, job_name='frappe.core.doctype.scheduled_job_type.scheduled_job_type.run_scheduled_jo..., kwargs={'job_type': 'frappe.email.queue.retry_sending_emails'}, method='frappe.core.doctype.scheduled_job_type.scheduled_job_type.run_scheduled_jo..., site='dev.local', user='Administrator') (dev.local::scheduled_job::frappe.email.queue.retry_sending_emails)
2026-03-27 07:32:44,389 home-wahyu260697-document-Erpnext-silverplast-frappe-bench:default: Job OK (dev.local::scheduled_job::frappe.email.queue.retry_sending_emails)
2026-03-27 07:32:44,389 Result is kept for 600 seconds
2026-03-27 07:32:44,398 home-wahyu260697-document-Erpnext-silverplast-frappe-bench:default: frappe.utils.background_jobs.execute_job(event=None, is_async=True, job_name='frappe.core.doctype.scheduled_job_type.scheduled_job_type.run_scheduled_jo..., kwargs={'job_type': 'frappe.email.queue.flush'}, method='frappe.core.doctype.scheduled_job_type.scheduled_job_type.run_scheduled_jo..., site='dev.local', user='Administrator') (dev.local::scheduled_job::frappe.email.queue.flush)
2026-03-27 07:32:44,932 home-wahyu260697-document-Erpnext-silverplast-frappe-bench:default: Job OK (dev.local::scheduled_job::frappe.email.queue.flush)
2026-03-27 07:32:44,932 Result is kept for 600 seconds
2026-03-27 07:32:44,943 home-wahyu260697-document-Erpnext-silverplast-frappe-bench:default: frappe.utils.background_jobs.execute_job(event=None, is_async=True, job_name='frappe.core.doctype.scheduled_job_type.scheduled_job_type.run_scheduled_jo..., kwargs={'job_type': 'frappe.integrations.doctype.google_calendar.google_calendar.s..., method='frappe.core.doctype.scheduled_job_type.scheduled_job_type.run_scheduled_jo..., site='dev.local', user='Administrator') (dev.local::scheduled_job::frappe.integrations.doctype.google_calendar.google_calendar.sync)
2026-03-27 07:32:45,719 home-wahyu260697-document-Erpnext-silverplast-frappe-bench:default: Job OK (dev.local::scheduled_job::frappe.integrations.doctype.google_calendar.google_calendar.sync)
2026-03-27 07:32:45,719 Result is kept for 600 seconds
2026-03-27 07:32:45,729 home-wahyu260697-document-Erpnext-silverplast-frappe-bench:default: frappe.utils.background_jobs.execute_job(event=None, is_async=True, job_name='frappe.core.doctype.scheduled_job_type.scheduled_job_type.run_scheduled_jo..., kwargs={'job_type': 'frappe.monitor.flush'}, method='frappe.core.doctype.scheduled_job_type.scheduled_job_type.run_scheduled_jo..., site='dev.local', user='Administrator') (dev.local::scheduled_job::frappe.monitor.flush)
2026-03-27 07:32:46,130 home-wahyu260697-document-Erpnext-silverplast-frappe-bench:default: Job OK (dev.local::scheduled_job::frappe.monitor.flush)
2026-03-27 07:32:46,130 Result is kept for 600 seconds
2026-03-27 07:36:54,599 home-wahyu260697-document-Erpnext-silverplast-frappe-bench:default: frappe.utils.background_jobs.execute_job(event=None, is_async=True, job_name='frappe.core.doctype.scheduled_job_type.scheduled_job_type.run_scheduled_jo..., kwargs={'job_type': 'frappe.email.queue.flush'}, method='frappe.core.doctype.scheduled_job_type.scheduled_job_type.run_scheduled_jo..., site='dev.local', user='Administrator') (dev.local::scheduled_job::frappe.email.queue.flush)
2026-03-27 07:36:55,197 home-wahyu260697-document-Erpnext-silverplast-frappe-bench:default: Job OK (dev.local::scheduled_job::frappe.email.queue.flush)
2026-03-27 07:36:55,197 Result is kept for 600 seconds
2026-03-27 07:36:55,207 home-wahyu260697-document-Erpnext-silverplast-frappe-bench:default: frappe.utils.background_jobs.execute_job(event=None, is_async=True, job_name='frappe.core.doctype.scheduled_job_type.scheduled_job_type.run_scheduled_jo..., kwargs={'job_type': 'frappe.integrations.doctype.google_calendar.google_calendar.s..., method='frappe.core.doctype.scheduled_job_type.scheduled_job_type.run_scheduled_jo..., site='dev.local', user='Administrator') (dev.local::scheduled_job::frappe.integrations.doctype.google_calendar.google_calendar.sync)
2026-03-27 07:36:55,819 home-wahyu260697-document-Erpnext-silverplast-frappe-bench:default: Job OK (dev.local::scheduled_job::frappe.integrations.doctype.google_calendar.google_calendar.sync)
2026-03-27 07:36:55,820 Result is kept for 600 seconds
2026-03-27 07:36:55,830 home-wahyu260697-document-Erpnext-silverplast-frappe-bench:default: frappe.utils.background_jobs.execute_job(event=None, is_async=True, job_name='frappe.core.doctype.scheduled_job_type.scheduled_job_type.run_scheduled_jo..., kwargs={'job_type': 'frappe.email.queue.retry_sending_emails'}, method='frappe.core.doctype.scheduled_job_type.scheduled_job_type.run_scheduled_jo..., site='dev.local', user='Administrator') (dev.local::scheduled_job::frappe.email.queue.retry_sending_emails)
2026-03-27 07:36:56,267 home-wahyu260697-document-Erpnext-silverplast-frappe-bench:default: Job OK (dev.local::scheduled_job::frappe.email.queue.retry_sending_emails)
2026-03-27 07:36:56,267 Result is kept for 600 seconds
2026-03-27 07:36:56,276 home-wahyu260697-document-Erpnext-silverplast-frappe-bench:default: frappe.utils.background_jobs.execute_job(event=None, is_async=True, job_name='frappe.core.doctype.scheduled_job_type.scheduled_job_type.run_scheduled_jo..., kwargs={'job_type': 'frappe.monitor.flush'}, method='frappe.core.doctype.scheduled_job_type.scheduled_job_type.run_scheduled_jo..., site='dev.local', user='Administrator') (dev.local::scheduled_job::frappe.monitor.flush)
2026-03-27 07:36:56,630 home-wahyu260697-document-Erpnext-silverplast-frappe-bench:default: Job OK (dev.local::scheduled_job::frappe.monitor.flush)
2026-03-27 07:36:56,630 Result is kept for 600 seconds
2026-03-27 07:40:02,585 home-wahyu260697-document-Erpnext-silverplast-frappe-bench:default: frappe.utils.background_jobs.execute_job(event=None, is_async=True, job_name='frappe.core.doctype.scheduled_job_type.scheduled_job_type.run_scheduled_jo..., kwargs={'job_type': 'frappe.email.queue.retry_sending_emails'}, method='frappe.core.doctype.scheduled_job_type.scheduled_job_type.run_scheduled_jo..., site='dev.local', user='Administrator') (dev.local::scheduled_job::frappe.email.queue.retry_sending_emails)
2026-03-27 07:40:02,979 home-wahyu260697-document-Erpnext-silverplast-frappe-bench:default: Job OK (dev.local::scheduled_job::frappe.email.queue.retry_sending_emails)
2026-03-27 07:40:02,979 Result is kept for 600 seconds
2026-03-27 07:40:02,988 Cleaning registries for queue: home-wahyu260697-document-Erpnext-silverplast-frappe-bench:short
2026-03-27 07:40:02,993 Cleaning registries for queue: home-wahyu260697-document-Erpnext-silverplast-frappe-bench:default
2026-03-27 07:40:02,997 Cleaning registries for queue: home-wahyu260697-document-Erpnext-silverplast-frappe-bench:long
2026-03-27 07:40:03,003 home-wahyu260697-document-Erpnext-silverplast-frappe-bench:default: frappe.utils.background_jobs.execute_job(event=None, is_async=True, job_name='frappe.core.doctype.scheduled_job_type.scheduled_job_type.run_scheduled_jo..., kwargs={'job_type': 'frappe.integrations.doctype.google_calendar.google_calendar.s..., method='frappe.core.doctype.scheduled_job_type.scheduled_job_type.run_scheduled_jo..., site='dev.local', user='Administrator') (dev.local::scheduled_job::frappe.integrations.doctype.google_calendar.google_calendar.sync)
2026-03-27 07:40:03,786 home-wahyu260697-document-Erpnext-silverplast-frappe-bench:default: Job OK (dev.local::scheduled_job::frappe.integrations.doctype.google_calendar.google_calendar.sync)
2026-03-27 07:40:03,787 Result is kept for 600 seconds
2026-03-27 07:40:03,801 home-wahyu260697-document-Erpnext-silverplast-frappe-bench:default: frappe.utils.background_jobs.execute_job(event=None, is_async=True, job_name='frappe.core.doctype.scheduled_job_type.scheduled_job_type.run_scheduled_jo..., kwargs={'job_type': 'frappe.email.queue.flush'}, method='frappe.core.doctype.scheduled_job_type.scheduled_job_type.run_scheduled_jo..., site='dev.local', user='Administrator') (dev.local::scheduled_job::frappe.email.queue.flush)
2026-03-27 07:40:04,390 home-wahyu260697-document-Erpnext-silverplast-frappe-bench:default: Job OK (dev.local::scheduled_job::frappe.email.queue.flush)
2026-03-27 07:40:04,390 Result is kept for 600 seconds
2026-03-27 07:40:04,401 home-wahyu260697-document-Erpnext-silverplast-frappe-bench:default: frappe.utils.background_jobs.execute_job(event=None, is_async=True, job_name='frappe.core.doctype.scheduled_job_type.scheduled_job_type.run_scheduled_jo..., kwargs={'job_type': 'frappe.email.doctype.email_account.email_account.pull'}, method='frappe.core.doctype.scheduled_job_type.scheduled_job_type.run_scheduled_jo..., site='dev.local', user='Administrator') (dev.local::scheduled_job::frappe.email.doctype.email_account.email_account.pull)
2026-03-27 07:40:04,839 home-wahyu260697-document-Erpnext-silverplast-frappe-bench:default: Job OK (dev.local::scheduled_job::frappe.email.doctype.email_account.email_account.pull)
2026-03-27 07:40:04,839 Result is kept for 600 seconds
2026-03-27 07:40:04,850 home-wahyu260697-document-Erpnext-silverplast-frappe-bench:default: frappe.utils.background_jobs.execute_job(event=None, is_async=True, job_name='frappe.core.doctype.scheduled_job_type.scheduled_job_type.run_scheduled_jo..., kwargs={'job_type': 'frappe.monitor.flush'}, method='frappe.core.doctype.scheduled_job_type.scheduled_job_type.run_scheduled_jo..., site='dev.local', user='Administrator') (dev.local::scheduled_job::frappe.monitor.flush)
2026-03-27 07:40:05,567 home-wahyu260697-document-Erpnext-silverplast-frappe-bench:default: Job OK (dev.local::scheduled_job::frappe.monitor.flush)
2026-03-27 07:40:05,568 Result is kept for 600 seconds
2026-03-27 07:44:13,111 home-wahyu260697-document-Erpnext-silverplast-frappe-bench:default: frappe.utils.background_jobs.execute_job(event=None, is_async=True, job_name='frappe.core.doctype.scheduled_job_type.scheduled_job_type.run_scheduled_jo..., kwargs={'job_type': 'frappe.email.queue.flush'}, method='frappe.core.doctype.scheduled_job_type.scheduled_job_type.run_scheduled_jo..., site='dev.local', user='Administrator') (dev.local::scheduled_job::frappe.email.queue.flush)
2026-03-27 07:44:13,787 home-wahyu260697-document-Erpnext-silverplast-frappe-bench:default: Job OK (dev.local::scheduled_job::frappe.email.queue.flush)
2026-03-27 07:44:13,792 Result is kept for 600 seconds
2026-03-27 07:44:13,824 home-wahyu260697-document-Erpnext-silverplast-frappe-bench:default: frappe.utils.background_jobs.execute_job(event=None, is_async=True, job_name='frappe.core.doctype.scheduled_job_type.scheduled_job_type.run_scheduled_jo..., kwargs={'job_type': 'frappe.integrations.doctype.google_calendar.google_calendar.s..., method='frappe.core.doctype.scheduled_job_type.scheduled_job_type.run_scheduled_jo..., site='dev.local', user='Administrator') (dev.local::scheduled_job::frappe.integrations.doctype.google_calendar.google_calendar.sync)
2026-03-27 07:44:14,409 home-wahyu260697-document-Erpnext-silverplast-frappe-bench:default: Job OK (dev.local::scheduled_job::frappe.integrations.doctype.google_calendar.google_calendar.sync)
2026-03-27 07:44:14,409 Result is kept for 600 seconds
2026-03-27 07:44:14,419 home-wahyu260697-document-Erpnext-silverplast-frappe-bench:default: frappe.utils.background_jobs.execute_job(event=None, is_async=True, job_name='frappe.core.doctype.scheduled_job_type.scheduled_job_type.run_scheduled_jo..., kwargs={'job_type': 'frappe.monitor.flush'}, method='frappe.core.doctype.scheduled_job_type.scheduled_job_type.run_scheduled_jo..., site='dev.local', user='Administrator') (dev.local::scheduled_job::frappe.monitor.flush)
2026-03-27 07:44:14,774 home-wahyu260697-document-Erpnext-silverplast-frappe-bench:default: Job OK (dev.local::scheduled_job::frappe.monitor.flush)
2026-03-27 07:44:14,774 Result is kept for 600 seconds
2026-03-27 07:44:14,782 home-wahyu260697-document-Erpnext-silverplast-frappe-bench:default: frappe.utils.background_jobs.execute_job(event=None, is_async=True, job_name='frappe.core.doctype.scheduled_job_type.scheduled_job_type.run_scheduled_jo..., kwargs={'job_type': 'frappe.email.queue.retry_sending_emails'}, method='frappe.core.doctype.scheduled_job_type.scheduled_job_type.run_scheduled_jo..., site='dev.local', user='Administrator') (dev.local::scheduled_job::frappe.email.queue.retry_sending_emails)
2026-03-27 07:44:15,215 home-wahyu260697-document-Erpnext-silverplast-frappe-bench:default: Job OK (dev.local::scheduled_job::frappe.email.queue.retry_sending_emails)
2026-03-27 07:44:15,215 Result is kept for 600 seconds
2026-03-27 07:45:15,789 home-wahyu260697-document-Erpnext-silverplast-frappe-bench:default: frappe.utils.background_jobs.execute_job(event=None, is_async=True, job_name='frappe.core.doctype.scheduled_job_type.scheduled_job_type.run_scheduled_jo..., kwargs={'job_type': 'frappe.model.utils.link_count.update_link_count'}, method='frappe.core.doctype.scheduled_job_type.scheduled_job_type.run_scheduled_jo..., site='dev.local', user='Administrator') (dev.local::scheduled_job::frappe.model.utils.link_count.update_link_count)
2026-03-27 07:45:16,267 home-wahyu260697-document-Erpnext-silverplast-frappe-bench:default: Job OK (dev.local::scheduled_job::frappe.model.utils.link_count.update_link_count)
2026-03-27 07:45:16,267 Result is kept for 600 seconds
2026-03-27 07:45:16,276 home-wahyu260697-document-Erpnext-silverplast-frappe-bench:default: frappe.utils.background_jobs.execute_job(event=None, is_async=True, job_name='frappe.core.doctype.scheduled_job_type.scheduled_job_type.run_scheduled_jo..., kwargs={'job_type': 'frappe.search.sqlite_search.build_index_if_not_exists'}, method='frappe.core.doctype.scheduled_job_type.scheduled_job_type.run_scheduled_jo..., site='dev.local', user='Administrator') (dev.local::scheduled_job::frappe.search.sqlite_search.build_index_if_not_exists)
2026-03-27 07:45:16,833 home-wahyu260697-document-Erpnext-silverplast-frappe-bench:default: Job OK (dev.local::scheduled_job::frappe.search.sqlite_search.build_index_if_not_exists)
2026-03-27 07:45:16,833 Result is kept for 600 seconds
2026-03-27 07:45:16,844 home-wahyu260697-document-Erpnext-silverplast-frappe-bench:default: frappe.utils.background_jobs.execute_job(event=None, is_async=True, job_name='frappe.core.doctype.scheduled_job_type.scheduled_job_type.run_scheduled_jo..., kwargs={'job_type': 'frappe.utils.telemetry.pulse.client.send_queued_events'}, method='frappe.core.doctype.scheduled_job_type.scheduled_job_type.run_scheduled_jo..., site='dev.local', user='Administrator') (dev.local::scheduled_job::frappe.utils.telemetry.pulse.client.send_queued_events)
2026-03-27 07:45:17,261 home-wahyu260697-document-Erpnext-silverplast-frappe-bench:default: Job OK (dev.local::scheduled_job::frappe.utils.telemetry.pulse.client.send_queued_events)
2026-03-27 07:45:17,261 Result is kept for 600 seconds
2026-03-27 07:45:17,270 home-wahyu260697-document-Erpnext-silverplast-frappe-bench:default: frappe.utils.background_jobs.execute_job(event=None, is_async=True, job_name='frappe.core.doctype.scheduled_job_type.scheduled_job_type.run_scheduled_jo..., kwargs={'job_type': 'frappe.deferred_insert.save_to_db'}, method='frappe.core.doctype.scheduled_job_type.scheduled_job_type.run_scheduled_jo..., site='dev.local', user='Administrator') (dev.local::scheduled_job::frappe.deferred_insert.save_to_db)
2026-03-27 07:45:17,694 home-wahyu260697-document-Erpnext-silverplast-frappe-bench:default: Job OK (dev.local::scheduled_job::frappe.deferred_insert.save_to_db)
2026-03-27 07:45:17,694 Result is kept for 600 seconds
2026-03-27 07:45:17,703 home-wahyu260697-document-Erpnext-silverplast-frappe-bench:default: frappe.utils.background_jobs.execute_job(event=None, is_async=True, job_name='frappe.core.doctype.scheduled_job_type.scheduled_job_type.run_scheduled_jo..., kwargs={'job_type': 'frappe.utils.global_search.sync_global_search'}, method='frappe.core.doctype.scheduled_job_type.scheduled_job_type.run_scheduled_jo..., site='dev.local', user='Administrator') (dev.local::scheduled_job::frappe.utils.global_search.sync_global_search)
2026-03-27 07:45:18,103 home-wahyu260697-document-Erpnext-silverplast-frappe-bench:default: Job OK (dev.local::scheduled_job::frappe.utils.global_search.sync_global_search)
2026-03-27 07:45:18,103 Result is kept for 600 seconds
2026-03-27 07:45:18,113 home-wahyu260697-document-Erpnext-silverplast-frappe-bench:default: frappe.utils.background_jobs.execute_job(event=None, is_async=True, job_name='frappe.core.doctype.scheduled_job_type.scheduled_job_type.run_scheduled_jo..., kwargs={'job_type': 'frappe.email.doctype.email_account.email_account.notify_unrep..., method='frappe.core.doctype.scheduled_job_type.scheduled_job_type.run_scheduled_jo..., site='dev.local', user='Administrator') (dev.local::scheduled_job::frappe.email.doctype.email_account.email_account.notify_unreplied)
2026-03-27 07:45:18,529 home-wahyu260697-document-Erpnext-silverplast-frappe-bench:default: Job OK (dev.local::scheduled_job::frappe.email.doctype.email_account.email_account.notify_unreplied)
2026-03-27 07:45:18,529 Result is kept for 600 seconds
2026-03-27 07:45:18,538 home-wahyu260697-document-Erpnext-silverplast-frappe-bench:default: frappe.utils.background_jobs.execute_job(event=None, is_async=True, job_name='frappe.core.doctype.scheduled_job_type.scheduled_job_type.run_scheduled_jo..., kwargs={'job_type': 'frappe.automation.doctype.reminder.reminder.send_reminders'}, method='frappe.core.doctype.scheduled_job_type.scheduled_job_type.run_scheduled_jo..., site='dev.local', user='Administrator') (dev.local::scheduled_job::frappe.automation.doctype.reminder.reminder.send_reminders)
2026-03-27 07:45:18,931 home-wahyu260697-document-Erpnext-silverplast-frappe-bench:default: Job OK (dev.local::scheduled_job::frappe.automation.doctype.reminder.reminder.send_reminders)
2026-03-27 07:45:18,931 Result is kept for 600 seconds
2026-03-27 07:48:23,732 home-wahyu260697-document-Erpnext-silverplast-frappe-bench:default: frappe.utils.background_jobs.execute_job(event=None, is_async=True, job_name='frappe.core.doctype.scheduled_job_type.scheduled_job_type.run_scheduled_jo..., kwargs={'job_type': 'frappe.integrations.doctype.google_calendar.google_calendar.s..., method='frappe.core.doctype.scheduled_job_type.scheduled_job_type.run_scheduled_jo..., site='dev.local', user='Administrator') (dev.local::scheduled_job::frappe.integrations.doctype.google_calendar.google_calendar.sync)
2026-03-27 07:48:24,317 home-wahyu260697-document-Erpnext-silverplast-frappe-bench:default: Job OK (dev.local::scheduled_job::frappe.integrations.doctype.google_calendar.google_calendar.sync)
2026-03-27 07:48:24,318 Result is kept for 600 seconds
2026-03-27 07:48:24,328 home-wahyu260697-document-Erpnext-silverplast-frappe-bench:default: frappe.utils.background_jobs.execute_job(event=None, is_async=True, job_name='frappe.core.doctype.scheduled_job_type.scheduled_job_type.run_scheduled_jo..., kwargs={'job_type': 'frappe.email.queue.flush'}, method='frappe.core.doctype.scheduled_job_type.scheduled_job_type.run_scheduled_jo..., site='dev.local', user='Administrator') (dev.local::scheduled_job::frappe.email.queue.flush)
2026-03-27 07:48:24,808 home-wahyu260697-document-Erpnext-silverplast-frappe-bench:default: Job OK (dev.local::scheduled_job::frappe.email.queue.flush)
2026-03-27 07:48:24,808 Result is kept for 600 seconds
2026-03-27 07:48:24,818 home-wahyu260697-document-Erpnext-silverplast-frappe-bench:default: frappe.utils.background_jobs.execute_job(event=None, is_async=True, job_name='frappe.core.doctype.scheduled_job_type.scheduled_job_type.run_scheduled_jo..., kwargs={'job_type': 'frappe.monitor.flush'}, method='frappe.core.doctype.scheduled_job_type.scheduled_job_type.run_scheduled_jo..., site='dev.local', user='Administrator') (dev.local::scheduled_job::frappe.monitor.flush)
2026-03-27 07:48:25,205 home-wahyu260697-document-Erpnext-silverplast-frappe-bench:default: Job OK (dev.local::scheduled_job::frappe.monitor.flush)
2026-03-27 07:48:25,205 Result is kept for 600 seconds
2026-03-27 07:48:25,214 home-wahyu260697-document-Erpnext-silverplast-frappe-bench:default: frappe.utils.background_jobs.execute_job(event=None, is_async=True, job_name='frappe.core.doctype.scheduled_job_type.scheduled_job_type.run_scheduled_jo..., kwargs={'job_type': 'frappe.email.queue.retry_sending_emails'}, method='frappe.core.doctype.scheduled_job_type.scheduled_job_type.run_scheduled_jo..., site='dev.local', user='Administrator') (dev.local::scheduled_job::frappe.email.queue.retry_sending_emails)
2026-03-27 07:48:25,558 home-wahyu260697-document-Erpnext-silverplast-frappe-bench:default: Job OK (dev.local::scheduled_job::frappe.email.queue.retry_sending_emails)
2026-03-27 07:48:25,558 Result is kept for 600 seconds
2026-03-27 07:50:28,997 home-wahyu260697-document-Erpnext-silverplast-frappe-bench:default: frappe.utils.background_jobs.execute_job(event=None, is_async=True, job_name='frappe.core.doctype.scheduled_job_type.scheduled_job_type.run_scheduled_jo..., kwargs={'job_type': 'frappe.email.doctype.email_account.email_account.pull'}, method='frappe.core.doctype.scheduled_job_type.scheduled_job_type.run_scheduled_jo..., site='dev.local', user='Administrator') (dev.local::scheduled_job::frappe.email.doctype.email_account.email_account.pull)
2026-03-27 07:50:29,417 home-wahyu260697-document-Erpnext-silverplast-frappe-bench:default: Job OK (dev.local::scheduled_job::frappe.email.doctype.email_account.email_account.pull)
2026-03-27 07:50:29,417 Result is kept for 600 seconds
2026-03-27 07:52:34,259 home-wahyu260697-document-Erpnext-silverplast-frappe-bench:default: frappe.utils.background_jobs.execute_job(event=None, is_async=True, job_name='frappe.core.doctype.scheduled_job_type.scheduled_job_type.run_scheduled_jo..., kwargs={'job_type': 'frappe.email.queue.flush'}, method='frappe.core.doctype.scheduled_job_type.scheduled_job_type.run_scheduled_jo..., site='dev.local', user='Administrator') (dev.local::scheduled_job::frappe.email.queue.flush)
2026-03-27 07:52:34,761 home-wahyu260697-document-Erpnext-silverplast-frappe-bench:default: Job OK (dev.local::scheduled_job::frappe.email.queue.flush)
2026-03-27 07:52:34,762 Result is kept for 600 seconds
2026-03-27 07:52:34,771 home-wahyu260697-document-Erpnext-silverplast-frappe-bench:default: frappe.utils.background_jobs.execute_job(event=None, is_async=True, job_name='frappe.core.doctype.scheduled_job_type.scheduled_job_type.run_scheduled_jo..., kwargs={'job_type': 'frappe.integrations.doctype.google_calendar.google_calendar.s..., method='frappe.core.doctype.scheduled_job_type.scheduled_job_type.run_scheduled_jo..., site='dev.local', user='Administrator') (dev.local::scheduled_job::frappe.integrations.doctype.google_calendar.google_calendar.sync)
2026-03-27 07:52:35,329 home-wahyu260697-document-Erpnext-silverplast-frappe-bench:default: Job OK (dev.local::scheduled_job::frappe.integrations.doctype.google_calendar.google_calendar.sync)
2026-03-27 07:52:35,329 Result is kept for 600 seconds
2026-03-27 07:52:35,337 home-wahyu260697-document-Erpnext-silverplast-frappe-bench:default: frappe.utils.background_jobs.execute_job(event=None, is_async=True, job_name='frappe.core.doctype.scheduled_job_type.scheduled_job_type.run_scheduled_jo..., kwargs={'job_type': 'frappe.monitor.flush'}, method='frappe.core.doctype.scheduled_job_type.scheduled_job_type.run_scheduled_jo..., site='dev.local', user='Administrator') (dev.local::scheduled_job::frappe.monitor.flush)
2026-03-27 07:52:35,675 home-wahyu260697-document-Erpnext-silverplast-frappe-bench:default: Job OK (dev.local::scheduled_job::frappe.monitor.flush)
2026-03-27 07:52:35,676 Result is kept for 600 seconds
2026-03-27 07:52:35,685 home-wahyu260697-document-Erpnext-silverplast-frappe-bench:default: frappe.utils.background_jobs.execute_job(event=None, is_async=True, job_name='frappe.core.doctype.scheduled_job_type.scheduled_job_type.run_scheduled_jo..., kwargs={'job_type': 'frappe.email.queue.retry_sending_emails'}, method='frappe.core.doctype.scheduled_job_type.scheduled_job_type.run_scheduled_jo..., site='dev.local', user='Administrator') (dev.local::scheduled_job::frappe.email.queue.retry_sending_emails)
2026-03-27 07:52:36,136 home-wahyu260697-document-Erpnext-silverplast-frappe-bench:default: Job OK (dev.local::scheduled_job::frappe.email.queue.retry_sending_emails)
2026-03-27 07:52:36,136 Result is kept for 600 seconds
2026-03-27 07:56:44,821 home-wahyu260697-document-Erpnext-silverplast-frappe-bench:default: frappe.utils.background_jobs.execute_job(event=None, is_async=True, job_name='frappe.core.doctype.scheduled_job_type.scheduled_job_type.run_scheduled_jo..., kwargs={'job_type': 'frappe.email.queue.retry_sending_emails'}, method='frappe.core.doctype.scheduled_job_type.scheduled_job_type.run_scheduled_jo..., site='dev.local', user='Administrator') (dev.local::scheduled_job::frappe.email.queue.retry_sending_emails)
2026-03-27 07:56:45,187 home-wahyu260697-document-Erpnext-silverplast-frappe-bench:default: Job OK (dev.local::scheduled_job::frappe.email.queue.retry_sending_emails)
2026-03-27 07:56:45,187 Result is kept for 600 seconds
2026-03-27 07:56:45,197 home-wahyu260697-document-Erpnext-silverplast-frappe-bench:default: frappe.utils.background_jobs.execute_job(event=None, is_async=True, job_name='frappe.core.doctype.scheduled_job_type.scheduled_job_type.run_scheduled_jo..., kwargs={'job_type': 'frappe.integrations.doctype.google_calendar.google_calendar.s..., method='frappe.core.doctype.scheduled_job_type.scheduled_job_type.run_scheduled_jo..., site='dev.local', user='Administrator') (dev.local::scheduled_job::frappe.integrations.doctype.google_calendar.google_calendar.sync)
2026-03-27 07:56:45,742 home-wahyu260697-document-Erpnext-silverplast-frappe-bench:default: Job OK (dev.local::scheduled_job::frappe.integrations.doctype.google_calendar.google_calendar.sync)
2026-03-27 07:56:45,742 Result is kept for 600 seconds
2026-03-27 07:56:45,753 home-wahyu260697-document-Erpnext-silverplast-frappe-bench:default: frappe.utils.background_jobs.execute_job(event=None, is_async=True, job_name='frappe.core.doctype.scheduled_job_type.scheduled_job_type.run_scheduled_jo..., kwargs={'job_type': 'frappe.monitor.flush'}, method='frappe.core.doctype.scheduled_job_type.scheduled_job_type.run_scheduled_jo..., site='dev.local', user='Administrator') (dev.local::scheduled_job::frappe.monitor.flush)
2026-03-27 07:56:46,092 home-wahyu260697-document-Erpnext-silverplast-frappe-bench:default: Job OK (dev.local::scheduled_job::frappe.monitor.flush)
2026-03-27 07:56:46,092 Result is kept for 600 seconds
2026-03-27 07:56:46,101 home-wahyu260697-document-Erpnext-silverplast-frappe-bench:default: frappe.utils.background_jobs.execute_job(event=None, is_async=True, job_name='frappe.core.doctype.scheduled_job_type.scheduled_job_type.run_scheduled_jo..., kwargs={'job_type': 'frappe.email.queue.flush'}, method='frappe.core.doctype.scheduled_job_type.scheduled_job_type.run_scheduled_jo..., site='dev.local', user='Administrator') (dev.local::scheduled_job::frappe.email.queue.flush)
2026-03-27 07:56:46,606 home-wahyu260697-document-Erpnext-silverplast-frappe-bench:default: Job OK (dev.local::scheduled_job::frappe.email.queue.flush)
2026-03-27 07:56:46,606 Result is kept for 600 seconds
2026-03-27 08:00:55,401 home-wahyu260697-document-Erpnext-silverplast-frappe-bench:default: frappe.utils.background_jobs.execute_job(event=None, is_async=True, job_name='frappe.core.doctype.scheduled_job_type.scheduled_job_type.run_scheduled_jo..., kwargs={'job_type': 'frappe.monitor.flush'}, method='frappe.core.doctype.scheduled_job_type.scheduled_job_type.run_scheduled_jo..., site='dev.local', user='Administrator') (dev.local::scheduled_job::frappe.monitor.flush)
2026-03-27 08:00:55,815 home-wahyu260697-document-Erpnext-silverplast-frappe-bench:default: Job OK (dev.local::scheduled_job::frappe.monitor.flush)
2026-03-27 08:00:55,815 Result is kept for 600 seconds
2026-03-27 08:00:55,822 Cleaning registries for queue: home-wahyu260697-document-Erpnext-silverplast-frappe-bench:short
2026-03-27 08:00:55,827 Cleaning registries for queue: home-wahyu260697-document-Erpnext-silverplast-frappe-bench:default
2026-03-27 08:00:55,830 Cleaning registries for queue: home-wahyu260697-document-Erpnext-silverplast-frappe-bench:long
2026-03-27 08:00:55,835 home-wahyu260697-document-Erpnext-silverplast-frappe-bench:default: frappe.utils.background_jobs.execute_job(event=None, is_async=True, job_name='frappe.core.doctype.scheduled_job_type.scheduled_job_type.run_scheduled_jo..., kwargs={'job_type': 'frappe.email.doctype.email_account.email_account.pull'}, method='frappe.core.doctype.scheduled_job_type.scheduled_job_type.run_scheduled_jo..., site='dev.local', user='Administrator') (dev.local::scheduled_job::frappe.email.doctype.email_account.email_account.pull)
2026-03-27 08:00:56,388 home-wahyu260697-document-Erpnext-silverplast-frappe-bench:default: Job OK (dev.local::scheduled_job::frappe.email.doctype.email_account.email_account.pull)
2026-03-27 08:00:56,388 Result is kept for 600 seconds
2026-03-27 08:00:56,399 home-wahyu260697-document-Erpnext-silverplast-frappe-bench:default: frappe.utils.background_jobs.execute_job(event=None, is_async=True, job_name='frappe.core.doctype.scheduled_job_type.scheduled_job_type.run_scheduled_jo..., kwargs={'job_type': 'frappe.utils.global_search.sync_global_search'}, method='frappe.core.doctype.scheduled_job_type.scheduled_job_type.run_scheduled_jo..., site='dev.local', user='Administrator') (dev.local::scheduled_job::frappe.utils.global_search.sync_global_search)
2026-03-27 08:00:56,790 home-wahyu260697-document-Erpnext-silverplast-frappe-bench:default: Job OK (dev.local::scheduled_job::frappe.utils.global_search.sync_global_search)
2026-03-27 08:00:56,790 Result is kept for 600 seconds
2026-03-27 08:00:56,799 home-wahyu260697-document-Erpnext-silverplast-frappe-bench:default: frappe.utils.background_jobs.execute_job(event=None, is_async=True, job_name='frappe.core.doctype.scheduled_job_type.scheduled_job_type.run_scheduled_jo..., kwargs={'job_type': 'frappe.integrations.doctype.google_calendar.google_calendar.s..., method='frappe.core.doctype.scheduled_job_type.scheduled_job_type.run_scheduled_jo..., site='dev.local', user='Administrator') (dev.local::scheduled_job::frappe.integrations.doctype.google_calendar.google_calendar.sync)
2026-03-27 08:00:57,332 home-wahyu260697-document-Erpnext-silverplast-frappe-bench:default: Job OK (dev.local::scheduled_job::frappe.integrations.doctype.google_calendar.google_calendar.sync)
2026-03-27 08:00:57,332 Result is kept for 600 seconds
2026-03-27 08:00:57,342 home-wahyu260697-document-Erpnext-silverplast-frappe-bench:default: frappe.utils.background_jobs.execute_job(event=None, is_async=True, job_name='frappe.core.doctype.scheduled_job_type.scheduled_job_type.run_scheduled_jo..., kwargs={'job_type': 'frappe.deferred_insert.save_to_db'}, method='frappe.core.doctype.scheduled_job_type.scheduled_job_type.run_scheduled_jo..., site='dev.local', user='Administrator') (dev.local::scheduled_job::frappe.deferred_insert.save_to_db)
2026-03-27 08:00:57,733 home-wahyu260697-document-Erpnext-silverplast-frappe-bench:default: Job OK (dev.local::scheduled_job::frappe.deferred_insert.save_to_db)
2026-03-27 08:00:57,734 Result is kept for 600 seconds
2026-03-27 08:00:57,743 home-wahyu260697-document-Erpnext-silverplast-frappe-bench:default: frappe.utils.background_jobs.execute_job(event=None, is_async=True, job_name='frappe.core.doctype.scheduled_job_type.scheduled_job_type.run_scheduled_jo..., kwargs={'job_type': 'frappe.automation.doctype.reminder.reminder.send_reminders'}, method='frappe.core.doctype.scheduled_job_type.scheduled_job_type.run_scheduled_jo..., site='dev.local', user='Administrator') (dev.local::scheduled_job::frappe.automation.doctype.reminder.reminder.send_reminders)
2026-03-27 08:00:58,145 home-wahyu260697-document-Erpnext-silverplast-frappe-bench:default: Job OK (dev.local::scheduled_job::frappe.automation.doctype.reminder.reminder.send_reminders)
2026-03-27 08:00:58,145 Result is kept for 600 seconds
2026-03-27 08:00:58,154 home-wahyu260697-document-Erpnext-silverplast-frappe-bench:default: frappe.utils.background_jobs.execute_job(event=None, is_async=True, job_name='frappe.core.doctype.scheduled_job_type.scheduled_job_type.run_scheduled_jo..., kwargs={'job_type': 'frappe.email.doctype.newsletter.newsletter.send_scheduled_ema..., method='frappe.core.doctype.scheduled_job_type.scheduled_job_type.run_scheduled_jo..., site='dev.local', user='Administrator') (dev.local::scheduled_job::frappe.email.doctype.newsletter.newsletter.send_scheduled_email)
2026-03-27 08:00:58,575 home-wahyu260697-document-Erpnext-silverplast-frappe-bench:default: Job OK (dev.local::scheduled_job::frappe.email.doctype.newsletter.newsletter.send_scheduled_email)
2026-03-27 08:00:58,575 Result is kept for 600 seconds
2026-03-27 08:00:58,584 home-wahyu260697-document-Erpnext-silverplast-frappe-bench:default: frappe.utils.background_jobs.execute_job(event=None, is_async=True, job_name='frappe.core.doctype.scheduled_job_type.scheduled_job_type.run_scheduled_jo..., kwargs={'job_type': 'frappe.model.utils.link_count.update_link_count'}, method='frappe.core.doctype.scheduled_job_type.scheduled_job_type.run_scheduled_jo..., site='dev.local', user='Administrator') (dev.local::scheduled_job::frappe.model.utils.link_count.update_link_count)
2026-03-27 08:00:59,013 home-wahyu260697-document-Erpnext-silverplast-frappe-bench:default: Job OK (dev.local::scheduled_job::frappe.model.utils.link_count.update_link_count)
2026-03-27 08:00:59,013 Result is kept for 600 seconds
2026-03-27 08:00:59,029 home-wahyu260697-document-Erpnext-silverplast-frappe-bench:default: frappe.utils.background_jobs.execute_job(event=None, is_async=True, job_name='frappe.core.doctype.scheduled_job_type.scheduled_job_type.run_scheduled_jo..., kwargs={'job_type': 'frappe.email.doctype.email_account.email_account.notify_unrep..., method='frappe.core.doctype.scheduled_job_type.scheduled_job_type.run_scheduled_jo..., site='dev.local', user='Administrator') (dev.local::scheduled_job::frappe.email.doctype.email_account.email_account.notify_unreplied)
2026-03-27 08:00:59,428 home-wahyu260697-document-Erpnext-silverplast-frappe-bench:default: Job OK (dev.local::scheduled_job::frappe.email.doctype.email_account.email_account.notify_unreplied)
2026-03-27 08:00:59,428 Result is kept for 600 seconds
2026-03-27 08:00:59,438 home-wahyu260697-document-Erpnext-silverplast-frappe-bench:default: frappe.utils.background_jobs.execute_job(event=None, is_async=True, job_name='frappe.core.doctype.scheduled_job_type.scheduled_job_type.run_scheduled_jo..., kwargs={'job_type': 'frappe.email.queue.flush'}, method='frappe.core.doctype.scheduled_job_type.scheduled_job_type.run_scheduled_jo..., site='dev.local', user='Administrator') (dev.local::scheduled_job::frappe.email.queue.flush)
2026-03-27 08:00:59,915 home-wahyu260697-document-Erpnext-silverplast-frappe-bench:default: Job OK (dev.local::scheduled_job::frappe.email.queue.flush)
2026-03-27 08:00:59,915 Result is kept for 600 seconds
2026-03-27 08:00:59,925 home-wahyu260697-document-Erpnext-silverplast-frappe-bench:default: frappe.utils.background_jobs.execute_job(event=None, is_async=True, job_name='frappe.core.doctype.scheduled_job_type.scheduled_job_type.run_scheduled_jo..., kwargs={'job_type': 'frappe.email.queue.retry_sending_emails'}, method='frappe.core.doctype.scheduled_job_type.scheduled_job_type.run_scheduled_jo..., site='dev.local', user='Administrator') (dev.local::scheduled_job::frappe.email.queue.retry_sending_emails)
2026-03-27 08:01:00,278 home-wahyu260697-document-Erpnext-silverplast-frappe-bench:default: Job OK (dev.local::scheduled_job::frappe.email.queue.retry_sending_emails)
2026-03-27 08:01:00,279 Result is kept for 600 seconds
2026-03-27 08:01:00,288 home-wahyu260697-document-Erpnext-silverplast-frappe-bench:default: frappe.utils.background_jobs.execute_job(event=None, is_async=True, job_name='frappe.core.doctype.scheduled_job_type.scheduled_job_type.run_scheduled_jo..., kwargs={'job_type': 'frappe.search.sqlite_search.build_index_if_not_exists'}, method='frappe.core.doctype.scheduled_job_type.scheduled_job_type.run_scheduled_jo..., site='dev.local', user='Administrator') (dev.local::scheduled_job::frappe.search.sqlite_search.build_index_if_not_exists)
2026-03-27 08:01:00,662 home-wahyu260697-document-Erpnext-silverplast-frappe-bench:default: Job OK (dev.local::scheduled_job::frappe.search.sqlite_search.build_index_if_not_exists)
2026-03-27 08:01:00,662 Result is kept for 600 seconds
2026-03-27 08:01:00,671 home-wahyu260697-document-Erpnext-silverplast-frappe-bench:default: frappe.utils.background_jobs.execute_job(event=None, is_async=True, job_name='frappe.core.doctype.scheduled_job_type.scheduled_job_type.run_scheduled_jo..., kwargs={'job_type': 'frappe.utils.telemetry.pulse.client.send_queued_events'}, method='frappe.core.doctype.scheduled_job_type.scheduled_job_type.run_scheduled_jo..., site='dev.local', user='Administrator') (dev.local::scheduled_job::frappe.utils.telemetry.pulse.client.send_queued_events)
2026-03-27 08:01:01,060 home-wahyu260697-document-Erpnext-silverplast-frappe-bench:default: Job OK (dev.local::scheduled_job::frappe.utils.telemetry.pulse.client.send_queued_events)
2026-03-27 08:01:01,060 Result is kept for 600 seconds
2026-03-27 08:01:01,069 home-wahyu260697-document-Erpnext-silverplast-frappe-bench:long: frappe.utils.background_jobs.execute_job(event=None, is_async=True, job_name='frappe.core.doctype.scheduled_job_type.scheduled_job_type.run_scheduled_jo..., kwargs={'job_type': 'frappe.website.doctype.personal_data_deletion_request.persona..., method='frappe.core.doctype.scheduled_job_type.scheduled_job_type.run_scheduled_jo..., site='dev.local', user='Administrator') (dev.local::scheduled_job::frappe.website.doctype.personal_data_deletion_request.personal_data_deletion_request.process_data_deletion_request)
2026-03-27 08:01:01,466 home-wahyu260697-document-Erpnext-silverplast-frappe-bench:long: Job OK (dev.local::scheduled_job::frappe.website.doctype.personal_data_deletion_request.personal_data_deletion_request.process_data_deletion_request)
2026-03-27 08:01:01,466 Result is kept for 600 seconds
2026-03-27 08:01:01,475 home-wahyu260697-document-Erpnext-silverplast-frappe-bench:long: frappe.utils.background_jobs.execute_job(event=None, is_async=True, job_name='frappe.core.doctype.scheduled_job_type.scheduled_job_type.run_scheduled_jo..., kwargs={'job_type': 'frappe.model.utils.user_settings.sync_user_settings'}, method='frappe.core.doctype.scheduled_job_type.scheduled_job_type.run_scheduled_jo..., site='dev.local', user='Administrator') (dev.local::scheduled_job::frappe.model.utils.user_settings.sync_user_settings)
2026-03-27 08:01:01,857 home-wahyu260697-document-Erpnext-silverplast-frappe-bench:long: Job OK (dev.local::scheduled_job::frappe.model.utils.user_settings.sync_user_settings)
2026-03-27 08:01:01,857 Result is kept for 600 seconds
2026-03-27 08:01:01,866 home-wahyu260697-document-Erpnext-silverplast-frappe-bench:long: frappe.utils.background_jobs.execute_job(event=None, is_async=True, job_name='frappe.core.doctype.scheduled_job_type.scheduled_job_type.run_scheduled_jo..., kwargs={'job_type': 'frappe.core.doctype.prepared_report.prepared_report.expire_st..., method='frappe.core.doctype.scheduled_job_type.scheduled_job_type.run_scheduled_jo..., site='dev.local', user='Administrator') (dev.local::scheduled_job::frappe.core.doctype.prepared_report.prepared_report.expire_stalled_report)
2026-03-27 08:01:02,259 home-wahyu260697-document-Erpnext-silverplast-frappe-bench:long: Job OK (dev.local::scheduled_job::frappe.core.doctype.prepared_report.prepared_report.expire_stalled_report)
2026-03-27 08:01:02,259 Result is kept for 600 seconds
2026-03-27 08:01:02,269 home-wahyu260697-document-Erpnext-silverplast-frappe-bench:long: frappe.utils.background_jobs.execute_job(event=None, is_async=True, job_name='frappe.core.doctype.scheduled_job_type.scheduled_job_type.run_scheduled_jo..., kwargs={'job_type': 'frappe.twofactor.delete_all_barcodes_for_users'}, method='frappe.core.doctype.scheduled_job_type.scheduled_job_type.run_scheduled_jo..., site='dev.local', user='Administrator') (dev.local::scheduled_job::frappe.twofactor.delete_all_barcodes_for_users)
2026-03-27 08:01:02,760 home-wahyu260697-document-Erpnext-silverplast-frappe-bench:long: Job OK (dev.local::scheduled_job::frappe.twofactor.delete_all_barcodes_for_users)
2026-03-27 08:01:02,761 Result is kept for 600 seconds
2026-03-27 08:01:02,769 home-wahyu260697-document-Erpnext-silverplast-frappe-bench:long: frappe.utils.background_jobs.execute_job(event=None, is_async=True, job_name='frappe.core.doctype.scheduled_job_type.scheduled_job_type.run_scheduled_jo..., kwargs={'job_type': 'frappe.desk.utils.delete_old_exported_report_files'}, method='frappe.core.doctype.scheduled_job_type.scheduled_job_type.run_scheduled_jo..., site='dev.local', user='Administrator') (dev.local::scheduled_job::frappe.desk.utils.delete_old_exported_report_files)
2026-03-27 08:01:03,168 home-wahyu260697-document-Erpnext-silverplast-frappe-bench:long: Job OK (dev.local::scheduled_job::frappe.desk.utils.delete_old_exported_report_files)
2026-03-27 08:01:03,169 Result is kept for 600 seconds
2026-03-27 08:01:03,179 home-wahyu260697-document-Erpnext-silverplast-frappe-bench:long: frappe.utils.background_jobs.execute_job(event=None, is_async=True, job_name='frappe.core.doctype.scheduled_job_type.scheduled_job_type.run_scheduled_jo..., kwargs={'job_type': 'frappe.oauth.delete_oauth2_data'}, method='frappe.core.doctype.scheduled_job_type.scheduled_job_type.run_scheduled_jo..., site='dev.local', user='Administrator') (dev.local::scheduled_job::frappe.oauth.delete_oauth2_data)
2026-03-27 08:01:03,616 home-wahyu260697-document-Erpnext-silverplast-frappe-bench:long: Job OK (dev.local::scheduled_job::frappe.oauth.delete_oauth2_data)
2026-03-27 08:01:03,616 Result is kept for 600 seconds
2026-03-27 08:01:03,626 home-wahyu260697-document-Erpnext-silverplast-frappe-bench:long: frappe.utils.background_jobs.execute_job(event=None, is_async=True, job_name='frappe.core.doctype.scheduled_job_type.scheduled_job_type.run_scheduled_jo..., kwargs={'job_type': 'frappe.desk.form.document_follow.send_hourly_updates'}, method='frappe.core.doctype.scheduled_job_type.scheduled_job_type.run_scheduled_jo..., site='dev.local', user='Administrator') (dev.local::scheduled_job::frappe.desk.form.document_follow.send_hourly_updates)
2026-03-27 08:01:04,001 home-wahyu260697-document-Erpnext-silverplast-frappe-bench:long: Job OK (dev.local::scheduled_job::frappe.desk.form.document_follow.send_hourly_updates)
2026-03-27 08:01:04,001 Result is kept for 600 seconds
2026-03-27 08:01:04,010 home-wahyu260697-document-Erpnext-silverplast-frappe-bench:long: frappe.utils.background_jobs.execute_job(event=None, is_async=True, job_name='frappe.core.doctype.scheduled_job_type.scheduled_job_type.run_scheduled_jo..., kwargs={'job_type': 'frappe.desk.page.backups.backups.delete_downloadable_backups'..., method='frappe.core.doctype.scheduled_job_type.scheduled_job_type.run_scheduled_jo..., site='dev.local', user='Administrator') (dev.local::scheduled_job::frappe.desk.page.backups.backups.delete_downloadable_backups)
2026-03-27 08:01:04,395 home-wahyu260697-document-Erpnext-silverplast-frappe-bench:long: Job OK (dev.local::scheduled_job::frappe.desk.page.backups.backups.delete_downloadable_backups)
2026-03-27 08:01:04,396 Result is kept for 600 seconds
2026-03-27 08:01:04,405 home-wahyu260697-document-Erpnext-silverplast-frappe-bench:long: frappe.utils.background_jobs.execute_job(event=None, is_async=True, job_name='frappe.core.doctype.scheduled_job_type.scheduled_job_type.run_scheduled_jo..., kwargs={'job_type': 'frappe.website.doctype.web_page.web_page.check_publish_status..., method='frappe.core.doctype.scheduled_job_type.scheduled_job_type.run_scheduled_jo..., site='dev.local', user='Administrator') (dev.local::scheduled_job::frappe.website.doctype.web_page.web_page.check_publish_status)
2026-03-27 08:01:04,830 home-wahyu260697-document-Erpnext-silverplast-frappe-bench:long: Job OK (dev.local::scheduled_job::frappe.website.doctype.web_page.web_page.check_publish_status)
2026-03-27 08:01:04,830 Result is kept for 600 seconds
2026-03-27 08:04:03,363 home-wahyu260697-document-Erpnext-silverplast-frappe-bench:default: frappe.utils.background_jobs.execute_job(event=None, is_async=True, job_name='frappe.core.doctype.scheduled_job_type.scheduled_job_type.run_scheduled_jo..., kwargs={'job_type': 'frappe.integrations.doctype.google_calendar.google_calendar.s..., method='frappe.core.doctype.scheduled_job_type.scheduled_job_type.run_scheduled_jo..., site='dev.local', user='Administrator') (dev.local::scheduled_job::frappe.integrations.doctype.google_calendar.google_calendar.sync)
2026-03-27 08:04:03,952 home-wahyu260697-document-Erpnext-silverplast-frappe-bench:default: Job OK (dev.local::scheduled_job::frappe.integrations.doctype.google_calendar.google_calendar.sync)
2026-03-27 08:04:03,952 Result is kept for 600 seconds
2026-03-27 08:04:03,963 home-wahyu260697-document-Erpnext-silverplast-frappe-bench:default: frappe.utils.background_jobs.execute_job(event=None, is_async=True, job_name='frappe.core.doctype.scheduled_job_type.scheduled_job_type.run_scheduled_jo..., kwargs={'job_type': 'frappe.email.queue.retry_sending_emails'}, method='frappe.core.doctype.scheduled_job_type.scheduled_job_type.run_scheduled_jo..., site='dev.local', user='Administrator') (dev.local::scheduled_job::frappe.email.queue.retry_sending_emails)
2026-03-27 08:04:04,310 home-wahyu260697-document-Erpnext-silverplast-frappe-bench:default: Job OK (dev.local::scheduled_job::frappe.email.queue.retry_sending_emails)
2026-03-27 08:04:04,310 Result is kept for 600 seconds
2026-03-27 08:04:04,319 home-wahyu260697-document-Erpnext-silverplast-frappe-bench:default: frappe.utils.background_jobs.execute_job(event=None, is_async=True, job_name='frappe.core.doctype.scheduled_job_type.scheduled_job_type.run_scheduled_jo..., kwargs={'job_type': 'frappe.email.queue.flush'}, method='frappe.core.doctype.scheduled_job_type.scheduled_job_type.run_scheduled_jo..., site='dev.local', user='Administrator') (dev.local::scheduled_job::frappe.email.queue.flush)
2026-03-27 08:04:04,800 home-wahyu260697-document-Erpnext-silverplast-frappe-bench:default: Job OK (dev.local::scheduled_job::frappe.email.queue.flush)
2026-03-27 08:04:04,800 Result is kept for 600 seconds
2026-03-27 08:04:04,810 home-wahyu260697-document-Erpnext-silverplast-frappe-bench:default: frappe.utils.background_jobs.execute_job(event=None, is_async=True, job_name='frappe.core.doctype.scheduled_job_type.scheduled_job_type.run_scheduled_jo..., kwargs={'job_type': 'frappe.monitor.flush'}, method='frappe.core.doctype.scheduled_job_type.scheduled_job_type.run_scheduled_jo..., site='dev.local', user='Administrator') (dev.local::scheduled_job::frappe.monitor.flush)
2026-03-27 08:04:05,140 home-wahyu260697-document-Erpnext-silverplast-frappe-bench:default: Job OK (dev.local::scheduled_job::frappe.monitor.flush)
2026-03-27 08:04:05,140 Result is kept for 600 seconds
2026-03-27 08:08:14,028 home-wahyu260697-document-Erpnext-silverplast-frappe-bench:default: frappe.utils.background_jobs.execute_job(event=None, is_async=True, job_name='frappe.core.doctype.scheduled_job_type.scheduled_job_type.run_scheduled_jo..., kwargs={'job_type': 'frappe.email.queue.flush'}, method='frappe.core.doctype.scheduled_job_type.scheduled_job_type.run_scheduled_jo..., site='dev.local', user='Administrator') (dev.local::scheduled_job::frappe.email.queue.flush)
2026-03-27 08:08:14,591 home-wahyu260697-document-Erpnext-silverplast-frappe-bench:default: Job OK (dev.local::scheduled_job::frappe.email.queue.flush)
2026-03-27 08:08:14,591 Result is kept for 600 seconds
2026-03-27 08:08:14,602 home-wahyu260697-document-Erpnext-silverplast-frappe-bench:default: frappe.utils.background_jobs.execute_job(event=None, is_async=True, job_name='frappe.core.doctype.scheduled_job_type.scheduled_job_type.run_scheduled_jo..., kwargs={'job_type': 'frappe.monitor.flush'}, method='frappe.core.doctype.scheduled_job_type.scheduled_job_type.run_scheduled_jo..., site='dev.local', user='Administrator') (dev.local::scheduled_job::frappe.monitor.flush)
2026-03-27 08:08:14,957 home-wahyu260697-document-Erpnext-silverplast-frappe-bench:default: Job OK (dev.local::scheduled_job::frappe.monitor.flush)
2026-03-27 08:08:14,958 Result is kept for 600 seconds
2026-03-27 08:08:14,966 home-wahyu260697-document-Erpnext-silverplast-frappe-bench:default: frappe.utils.background_jobs.execute_job(event=None, is_async=True, job_name='frappe.core.doctype.scheduled_job_type.scheduled_job_type.run_scheduled_jo..., kwargs={'job_type': 'frappe.email.queue.retry_sending_emails'}, method='frappe.core.doctype.scheduled_job_type.scheduled_job_type.run_scheduled_jo..., site='dev.local', user='Administrator') (dev.local::scheduled_job::frappe.email.queue.retry_sending_emails)
2026-03-27 08:08:15,309 home-wahyu260697-document-Erpnext-silverplast-frappe-bench:default: Job OK (dev.local::scheduled_job::frappe.email.queue.retry_sending_emails)
2026-03-27 08:08:15,309 Result is kept for 600 seconds
2026-03-27 08:08:15,318 home-wahyu260697-document-Erpnext-silverplast-frappe-bench:default: frappe.utils.background_jobs.execute_job(event=None, is_async=True, job_name='frappe.core.doctype.scheduled_job_type.scheduled_job_type.run_scheduled_jo..., kwargs={'job_type': 'frappe.integrations.doctype.google_calendar.google_calendar.s..., method='frappe.core.doctype.scheduled_job_type.scheduled_job_type.run_scheduled_jo..., site='dev.local', user='Administrator') (dev.local::scheduled_job::frappe.integrations.doctype.google_calendar.google_calendar.sync)
2026-03-27 08:08:15,860 home-wahyu260697-document-Erpnext-silverplast-frappe-bench:default: Job OK (dev.local::scheduled_job::frappe.integrations.doctype.google_calendar.google_calendar.sync)
2026-03-27 08:08:15,861 Result is kept for 600 seconds
2026-03-27 08:10:19,382 home-wahyu260697-document-Erpnext-silverplast-frappe-bench:default: frappe.utils.background_jobs.execute_job(event=None, is_async=True, job_name='frappe.core.doctype.scheduled_job_type.scheduled_job_type.run_scheduled_jo..., kwargs={'job_type': 'frappe.email.doctype.email_account.email_account.pull'}, method='frappe.core.doctype.scheduled_job_type.scheduled_job_type.run_scheduled_jo..., site='dev.local', user='Administrator') (dev.local::scheduled_job::frappe.email.doctype.email_account.email_account.pull)
2026-03-27 08:10:19,806 home-wahyu260697-document-Erpnext-silverplast-frappe-bench:default: Job OK (dev.local::scheduled_job::frappe.email.doctype.email_account.email_account.pull)
2026-03-27 08:10:19,806 Result is kept for 600 seconds
2026-03-27 08:12:24,660 home-wahyu260697-document-Erpnext-silverplast-frappe-bench:default: frappe.utils.background_jobs.execute_job(event=None, is_async=True, job_name='frappe.core.doctype.scheduled_job_type.scheduled_job_type.run_scheduled_jo..., kwargs={'job_type': 'frappe.integrations.doctype.google_calendar.google_calendar.s..., method='frappe.core.doctype.scheduled_job_type.scheduled_job_type.run_scheduled_jo..., site='dev.local', user='Administrator') (dev.local::scheduled_job::frappe.integrations.doctype.google_calendar.google_calendar.sync)
2026-03-27 08:12:25,198 home-wahyu260697-document-Erpnext-silverplast-frappe-bench:default: Job OK (dev.local::scheduled_job::frappe.integrations.doctype.google_calendar.google_calendar.sync)
2026-03-27 08:12:25,198 Result is kept for 600 seconds
2026-03-27 08:12:25,213 home-wahyu260697-document-Erpnext-silverplast-frappe-bench:default: frappe.utils.background_jobs.execute_job(event=None, is_async=True, job_name='frappe.core.doctype.scheduled_job_type.scheduled_job_type.run_scheduled_jo..., kwargs={'job_type': 'frappe.monitor.flush'}, method='frappe.core.doctype.scheduled_job_type.scheduled_job_type.run_scheduled_jo..., site='dev.local', user='Administrator') (dev.local::scheduled_job::frappe.monitor.flush)
2026-03-27 08:12:25,549 home-wahyu260697-document-Erpnext-silverplast-frappe-bench:default: Job OK (dev.local::scheduled_job::frappe.monitor.flush)
2026-03-27 08:12:25,549 Result is kept for 600 seconds
2026-03-27 08:12:25,559 home-wahyu260697-document-Erpnext-silverplast-frappe-bench:default: frappe.utils.background_jobs.execute_job(event=None, is_async=True, job_name='frappe.core.doctype.scheduled_job_type.scheduled_job_type.run_scheduled_jo..., kwargs={'job_type': 'frappe.email.queue.retry_sending_emails'}, method='frappe.core.doctype.scheduled_job_type.scheduled_job_type.run_scheduled_jo..., site='dev.local', user='Administrator') (dev.local::scheduled_job::frappe.email.queue.retry_sending_emails)
2026-03-27 08:12:25,910 home-wahyu260697-document-Erpnext-silverplast-frappe-bench:default: Job OK (dev.local::scheduled_job::frappe.email.queue.retry_sending_emails)
2026-03-27 08:12:25,910 Result is kept for 600 seconds
2026-03-27 08:12:25,920 home-wahyu260697-document-Erpnext-silverplast-frappe-bench:default: frappe.utils.background_jobs.execute_job(event=None, is_async=True, job_name='frappe.core.doctype.scheduled_job_type.scheduled_job_type.run_scheduled_jo..., kwargs={'job_type': 'frappe.email.queue.flush'}, method='frappe.core.doctype.scheduled_job_type.scheduled_job_type.run_scheduled_jo..., site='dev.local', user='Administrator') (dev.local::scheduled_job::frappe.email.queue.flush)
2026-03-27 08:12:26,376 home-wahyu260697-document-Erpnext-silverplast-frappe-bench:default: Job OK (dev.local::scheduled_job::frappe.email.queue.flush)
2026-03-27 08:12:26,376 Result is kept for 600 seconds
2026-03-27 08:15:32,583 home-wahyu260697-document-Erpnext-silverplast-frappe-bench:default: frappe.utils.background_jobs.execute_job(event=None, is_async=True, job_name='frappe.core.doctype.scheduled_job_type.scheduled_job_type.run_scheduled_jo..., kwargs={'job_type': 'frappe.automation.doctype.reminder.reminder.send_reminders'}, method='frappe.core.doctype.scheduled_job_type.scheduled_job_type.run_scheduled_jo..., site='dev.local', user='Administrator') (dev.local::scheduled_job::frappe.automation.doctype.reminder.reminder.send_reminders)
2026-03-27 08:15:33,055 home-wahyu260697-document-Erpnext-silverplast-frappe-bench:default: Job OK (dev.local::scheduled_job::frappe.automation.doctype.reminder.reminder.send_reminders)
2026-03-27 08:15:33,055 Result is kept for 600 seconds
2026-03-27 08:15:33,065 home-wahyu260697-document-Erpnext-silverplast-frappe-bench:default: frappe.utils.background_jobs.execute_job(event=None, is_async=True, job_name='frappe.core.doctype.scheduled_job_type.scheduled_job_type.run_scheduled_jo..., kwargs={'job_type': 'frappe.email.doctype.email_account.email_account.notify_unrep..., method='frappe.core.doctype.scheduled_job_type.scheduled_job_type.run_scheduled_jo..., site='dev.local', user='Administrator') (dev.local::scheduled_job::frappe.email.doctype.email_account.email_account.notify_unreplied)
2026-03-27 08:15:33,485 home-wahyu260697-document-Erpnext-silverplast-frappe-bench:default: Job OK (dev.local::scheduled_job::frappe.email.doctype.email_account.email_account.notify_unreplied)
2026-03-27 08:15:33,485 Result is kept for 600 seconds
2026-03-27 08:15:33,495 home-wahyu260697-document-Erpnext-silverplast-frappe-bench:default: frappe.utils.background_jobs.execute_job(event=None, is_async=True, job_name='frappe.core.doctype.scheduled_job_type.scheduled_job_type.run_scheduled_jo..., kwargs={'job_type': 'frappe.utils.telemetry.pulse.client.send_queued_events'}, method='frappe.core.doctype.scheduled_job_type.scheduled_job_type.run_scheduled_jo..., site='dev.local', user='Administrator') (dev.local::scheduled_job::frappe.utils.telemetry.pulse.client.send_queued_events)
2026-03-27 08:15:33,940 home-wahyu260697-document-Erpnext-silverplast-frappe-bench:default: Job OK (dev.local::scheduled_job::frappe.utils.telemetry.pulse.client.send_queued_events)
2026-03-27 08:15:33,940 Result is kept for 600 seconds
2026-03-27 08:15:33,949 home-wahyu260697-document-Erpnext-silverplast-frappe-bench:default: frappe.utils.background_jobs.execute_job(event=None, is_async=True, job_name='frappe.core.doctype.scheduled_job_type.scheduled_job_type.run_scheduled_jo..., kwargs={'job_type': 'frappe.search.sqlite_search.build_index_if_not_exists'}, method='frappe.core.doctype.scheduled_job_type.scheduled_job_type.run_scheduled_jo..., site='dev.local', user='Administrator') (dev.local::scheduled_job::frappe.search.sqlite_search.build_index_if_not_exists)
2026-03-27 08:15:34,331 home-wahyu260697-document-Erpnext-silverplast-frappe-bench:default: Job OK (dev.local::scheduled_job::frappe.search.sqlite_search.build_index_if_not_exists)
2026-03-27 08:15:34,331 Result is kept for 600 seconds
2026-03-27 08:15:34,340 home-wahyu260697-document-Erpnext-silverplast-frappe-bench:default: frappe.utils.background_jobs.execute_job(event=None, is_async=True, job_name='frappe.core.doctype.scheduled_job_type.scheduled_job_type.run_scheduled_jo..., kwargs={'job_type': 'frappe.model.utils.link_count.update_link_count'}, method='frappe.core.doctype.scheduled_job_type.scheduled_job_type.run_scheduled_jo..., site='dev.local', user='Administrator') (dev.local::scheduled_job::frappe.model.utils.link_count.update_link_count)
2026-03-27 08:15:34,726 home-wahyu260697-document-Erpnext-silverplast-frappe-bench:default: Job OK (dev.local::scheduled_job::frappe.model.utils.link_count.update_link_count)
2026-03-27 08:15:34,726 Result is kept for 600 seconds
2026-03-27 08:15:34,735 home-wahyu260697-document-Erpnext-silverplast-frappe-bench:default: frappe.utils.background_jobs.execute_job(event=None, is_async=True, job_name='frappe.core.doctype.scheduled_job_type.scheduled_job_type.run_scheduled_jo..., kwargs={'job_type': 'frappe.deferred_insert.save_to_db'}, method='frappe.core.doctype.scheduled_job_type.scheduled_job_type.run_scheduled_jo..., site='dev.local', user='Administrator') (dev.local::scheduled_job::frappe.deferred_insert.save_to_db)
2026-03-27 08:15:35,141 home-wahyu260697-document-Erpnext-silverplast-frappe-bench:default: Job OK (dev.local::scheduled_job::frappe.deferred_insert.save_to_db)
2026-03-27 08:15:35,141 Result is kept for 600 seconds
2026-03-27 08:15:35,151 home-wahyu260697-document-Erpnext-silverplast-frappe-bench:default: frappe.utils.background_jobs.execute_job(event=None, is_async=True, job_name='frappe.core.doctype.scheduled_job_type.scheduled_job_type.run_scheduled_jo..., kwargs={'job_type': 'frappe.utils.global_search.sync_global_search'}, method='frappe.core.doctype.scheduled_job_type.scheduled_job_type.run_scheduled_jo..., site='dev.local', user='Administrator') (dev.local::scheduled_job::frappe.utils.global_search.sync_global_search)
2026-03-27 08:15:35,527 home-wahyu260697-document-Erpnext-silverplast-frappe-bench:default: Job OK (dev.local::scheduled_job::frappe.utils.global_search.sync_global_search)
2026-03-27 08:15:35,527 Result is kept for 600 seconds
2026-03-27 08:16:35,269 home-wahyu260697-document-Erpnext-silverplast-frappe-bench:default: frappe.utils.background_jobs.execute_job(event=None, is_async=True, job_name='frappe.core.doctype.scheduled_job_type.scheduled_job_type.run_scheduled_jo..., kwargs={'job_type': 'frappe.email.queue.flush'}, method='frappe.core.doctype.scheduled_job_type.scheduled_job_type.run_scheduled_jo..., site='dev.local', user='Administrator') (dev.local::scheduled_job::frappe.email.queue.flush)
2026-03-27 08:16:35,793 home-wahyu260697-document-Erpnext-silverplast-frappe-bench:default: Job OK (dev.local::scheduled_job::frappe.email.queue.flush)
2026-03-27 08:16:35,793 Result is kept for 600 seconds
2026-03-27 08:16:35,803 home-wahyu260697-document-Erpnext-silverplast-frappe-bench:default: frappe.utils.background_jobs.execute_job(event=None, is_async=True, job_name='frappe.core.doctype.scheduled_job_type.scheduled_job_type.run_scheduled_jo..., kwargs={'job_type': 'frappe.email.queue.retry_sending_emails'}, method='frappe.core.doctype.scheduled_job_type.scheduled_job_type.run_scheduled_jo..., site='dev.local', user='Administrator') (dev.local::scheduled_job::frappe.email.queue.retry_sending_emails)
2026-03-27 08:16:36,133 home-wahyu260697-document-Erpnext-silverplast-frappe-bench:default: Job OK (dev.local::scheduled_job::frappe.email.queue.retry_sending_emails)
2026-03-27 08:16:36,133 Result is kept for 600 seconds
2026-03-27 08:16:36,142 home-wahyu260697-document-Erpnext-silverplast-frappe-bench:default: frappe.utils.background_jobs.execute_job(event=None, is_async=True, job_name='frappe.core.doctype.scheduled_job_type.scheduled_job_type.run_scheduled_jo..., kwargs={'job_type': 'frappe.integrations.doctype.google_calendar.google_calendar.s..., method='frappe.core.doctype.scheduled_job_type.scheduled_job_type.run_scheduled_jo..., site='dev.local', user='Administrator') (dev.local::scheduled_job::frappe.integrations.doctype.google_calendar.google_calendar.sync)
2026-03-27 08:16:36,654 home-wahyu260697-document-Erpnext-silverplast-frappe-bench:default: Job OK (dev.local::scheduled_job::frappe.integrations.doctype.google_calendar.google_calendar.sync)
2026-03-27 08:16:36,654 Result is kept for 600 seconds
2026-03-27 08:16:36,664 home-wahyu260697-document-Erpnext-silverplast-frappe-bench:default: frappe.utils.background_jobs.execute_job(event=None, is_async=True, job_name='frappe.core.doctype.scheduled_job_type.scheduled_job_type.run_scheduled_jo..., kwargs={'job_type': 'frappe.monitor.flush'}, method='frappe.core.doctype.scheduled_job_type.scheduled_job_type.run_scheduled_jo..., site='dev.local', user='Administrator') (dev.local::scheduled_job::frappe.monitor.flush)
2026-03-27 08:16:36,988 home-wahyu260697-document-Erpnext-silverplast-frappe-bench:default: Job OK (dev.local::scheduled_job::frappe.monitor.flush)
2026-03-27 08:16:36,988 Result is kept for 600 seconds
2026-03-27 08:20:45,901 home-wahyu260697-document-Erpnext-silverplast-frappe-bench:default: frappe.utils.background_jobs.execute_job(event=None, is_async=True, job_name='frappe.core.doctype.scheduled_job_type.scheduled_job_type.run_scheduled_jo..., kwargs={'job_type': 'frappe.email.doctype.email_account.email_account.pull'}, method='frappe.core.doctype.scheduled_job_type.scheduled_job_type.run_scheduled_jo..., site='dev.local', user='Administrator') (dev.local::scheduled_job::frappe.email.doctype.email_account.email_account.pull)
2026-03-27 08:20:46,330 home-wahyu260697-document-Erpnext-silverplast-frappe-bench:default: Job OK (dev.local::scheduled_job::frappe.email.doctype.email_account.email_account.pull)
2026-03-27 08:20:46,331 Result is kept for 600 seconds
2026-03-27 08:20:46,340 home-wahyu260697-document-Erpnext-silverplast-frappe-bench:default: frappe.utils.background_jobs.execute_job(event=None, is_async=True, job_name='frappe.core.doctype.scheduled_job_type.scheduled_job_type.run_scheduled_jo..., kwargs={'job_type': 'frappe.email.queue.retry_sending_emails'}, method='frappe.core.doctype.scheduled_job_type.scheduled_job_type.run_scheduled_jo..., site='dev.local', user='Administrator') (dev.local::scheduled_job::frappe.email.queue.retry_sending_emails)
2026-03-27 08:20:46,680 home-wahyu260697-document-Erpnext-silverplast-frappe-bench:default: Job OK (dev.local::scheduled_job::frappe.email.queue.retry_sending_emails)
2026-03-27 08:20:46,681 Result is kept for 600 seconds
2026-03-27 08:20:46,689 home-wahyu260697-document-Erpnext-silverplast-frappe-bench:default: frappe.utils.background_jobs.execute_job(event=None, is_async=True, job_name='frappe.core.doctype.scheduled_job_type.scheduled_job_type.run_scheduled_jo..., kwargs={'job_type': 'frappe.integrations.doctype.google_calendar.google_calendar.s..., method='frappe.core.doctype.scheduled_job_type.scheduled_job_type.run_scheduled_jo..., site='dev.local', user='Administrator') (dev.local::scheduled_job::frappe.integrations.doctype.google_calendar.google_calendar.sync)
2026-03-27 08:20:47,250 home-wahyu260697-document-Erpnext-silverplast-frappe-bench:default: Job OK (dev.local::scheduled_job::frappe.integrations.doctype.google_calendar.google_calendar.sync)
2026-03-27 08:20:47,250 Result is kept for 600 seconds
2026-03-27 08:20:47,260 home-wahyu260697-document-Erpnext-silverplast-frappe-bench:default: frappe.utils.background_jobs.execute_job(event=None, is_async=True, job_name='frappe.core.doctype.scheduled_job_type.scheduled_job_type.run_scheduled_jo..., kwargs={'job_type': 'frappe.monitor.flush'}, method='frappe.core.doctype.scheduled_job_type.scheduled_job_type.run_scheduled_jo..., site='dev.local', user='Administrator') (dev.local::scheduled_job::frappe.monitor.flush)
2026-03-27 08:20:47,593 home-wahyu260697-document-Erpnext-silverplast-frappe-bench:default: Job OK (dev.local::scheduled_job::frappe.monitor.flush)
2026-03-27 08:20:47,593 Result is kept for 600 seconds
2026-03-27 08:20:47,602 home-wahyu260697-document-Erpnext-silverplast-frappe-bench:default: frappe.utils.background_jobs.execute_job(event=None, is_async=True, job_name='frappe.core.doctype.scheduled_job_type.scheduled_job_type.run_scheduled_jo..., kwargs={'job_type': 'frappe.email.queue.flush'}, method='frappe.core.doctype.scheduled_job_type.scheduled_job_type.run_scheduled_jo..., site='dev.local', user='Administrator') (dev.local::scheduled_job::frappe.email.queue.flush)
2026-03-27 08:20:48,074 home-wahyu260697-document-Erpnext-silverplast-frappe-bench:default: Job OK (dev.local::scheduled_job::frappe.email.queue.flush)
2026-03-27 08:20:48,075 Result is kept for 600 seconds
2026-03-27 08:24:56,718 home-wahyu260697-document-Erpnext-silverplast-frappe-bench:default: frappe.utils.background_jobs.execute_job(event=None, is_async=True, job_name='frappe.core.doctype.scheduled_job_type.scheduled_job_type.run_scheduled_jo..., kwargs={'job_type': 'frappe.email.queue.retry_sending_emails'}, method='frappe.core.doctype.scheduled_job_type.scheduled_job_type.run_scheduled_jo..., site='dev.local', user='Administrator') (dev.local::scheduled_job::frappe.email.queue.retry_sending_emails)
2026-03-27 08:24:57,109 home-wahyu260697-document-Erpnext-silverplast-frappe-bench:default: Job OK (dev.local::scheduled_job::frappe.email.queue.retry_sending_emails)
2026-03-27 08:24:57,109 Result is kept for 600 seconds
2026-03-27 08:24:57,116 Cleaning registries for queue: home-wahyu260697-document-Erpnext-silverplast-frappe-bench:short
2026-03-27 08:24:57,120 Cleaning registries for queue: home-wahyu260697-document-Erpnext-silverplast-frappe-bench:default
2026-03-27 08:24:57,123 Cleaning registries for queue: home-wahyu260697-document-Erpnext-silverplast-frappe-bench:long
2026-03-27 08:24:57,128 home-wahyu260697-document-Erpnext-silverplast-frappe-bench:default: frappe.utils.background_jobs.execute_job(event=None, is_async=True, job_name='frappe.core.doctype.scheduled_job_type.scheduled_job_type.run_scheduled_jo..., kwargs={'job_type': 'frappe.monitor.flush'}, method='frappe.core.doctype.scheduled_job_type.scheduled_job_type.run_scheduled_jo..., site='dev.local', user='Administrator') (dev.local::scheduled_job::frappe.monitor.flush)
2026-03-27 08:24:57,471 home-wahyu260697-document-Erpnext-silverplast-frappe-bench:default: Job OK (dev.local::scheduled_job::frappe.monitor.flush)
2026-03-27 08:24:57,472 Result is kept for 600 seconds
2026-03-27 08:24:57,481 home-wahyu260697-document-Erpnext-silverplast-frappe-bench:default: frappe.utils.background_jobs.execute_job(event=None, is_async=True, job_name='frappe.core.doctype.scheduled_job_type.scheduled_job_type.run_scheduled_jo..., kwargs={'job_type': 'frappe.email.queue.flush'}, method='frappe.core.doctype.scheduled_job_type.scheduled_job_type.run_scheduled_jo..., site='dev.local', user='Administrator') (dev.local::scheduled_job::frappe.email.queue.flush)
2026-03-27 08:24:57,966 home-wahyu260697-document-Erpnext-silverplast-frappe-bench:default: Job OK (dev.local::scheduled_job::frappe.email.queue.flush)
2026-03-27 08:24:57,966 Result is kept for 600 seconds
2026-03-27 08:24:57,977 home-wahyu260697-document-Erpnext-silverplast-frappe-bench:default: frappe.utils.background_jobs.execute_job(event=None, is_async=True, job_name='frappe.core.doctype.scheduled_job_type.scheduled_job_type.run_scheduled_jo..., kwargs={'job_type': 'frappe.integrations.doctype.google_calendar.google_calendar.s..., method='frappe.core.doctype.scheduled_job_type.scheduled_job_type.run_scheduled_jo..., site='dev.local', user='Administrator') (dev.local::scheduled_job::frappe.integrations.doctype.google_calendar.google_calendar.sync)
2026-03-27 08:24:58,499 home-wahyu260697-document-Erpnext-silverplast-frappe-bench:default: Job OK (dev.local::scheduled_job::frappe.integrations.doctype.google_calendar.google_calendar.sync)
2026-03-27 08:24:58,499 Result is kept for 600 seconds
2026-03-27 08:28:04,834 home-wahyu260697-document-Erpnext-silverplast-frappe-bench:default: frappe.utils.background_jobs.execute_job(event=None, is_async=True, job_name='frappe.core.doctype.scheduled_job_type.scheduled_job_type.run_scheduled_jo..., kwargs={'job_type': 'frappe.integrations.doctype.google_calendar.google_calendar.s..., method='frappe.core.doctype.scheduled_job_type.scheduled_job_type.run_scheduled_jo..., site='dev.local', user='Administrator') (dev.local::scheduled_job::frappe.integrations.doctype.google_calendar.google_calendar.sync)
2026-03-27 08:28:05,382 home-wahyu260697-document-Erpnext-silverplast-frappe-bench:default: Job OK (dev.local::scheduled_job::frappe.integrations.doctype.google_calendar.google_calendar.sync)
2026-03-27 08:28:05,382 Result is kept for 600 seconds
2026-03-27 08:28:05,393 home-wahyu260697-document-Erpnext-silverplast-frappe-bench:default: frappe.utils.background_jobs.execute_job(event=None, is_async=True, job_name='frappe.core.doctype.scheduled_job_type.scheduled_job_type.run_scheduled_jo..., kwargs={'job_type': 'frappe.email.queue.retry_sending_emails'}, method='frappe.core.doctype.scheduled_job_type.scheduled_job_type.run_scheduled_jo..., site='dev.local', user='Administrator') (dev.local::scheduled_job::frappe.email.queue.retry_sending_emails)
2026-03-27 08:28:05,748 home-wahyu260697-document-Erpnext-silverplast-frappe-bench:default: Job OK (dev.local::scheduled_job::frappe.email.queue.retry_sending_emails)
2026-03-27 08:28:05,749 Result is kept for 600 seconds
2026-03-27 08:28:05,758 home-wahyu260697-document-Erpnext-silverplast-frappe-bench:default: frappe.utils.background_jobs.execute_job(event=None, is_async=True, job_name='frappe.core.doctype.scheduled_job_type.scheduled_job_type.run_scheduled_jo..., kwargs={'job_type': 'frappe.monitor.flush'}, method='frappe.core.doctype.scheduled_job_type.scheduled_job_type.run_scheduled_jo..., site='dev.local', user='Administrator') (dev.local::scheduled_job::frappe.monitor.flush)
2026-03-27 08:28:06,080 home-wahyu260697-document-Erpnext-silverplast-frappe-bench:default: Job OK (dev.local::scheduled_job::frappe.monitor.flush)
2026-03-27 08:28:06,080 Result is kept for 600 seconds
2026-03-27 08:28:06,088 home-wahyu260697-document-Erpnext-silverplast-frappe-bench:default: frappe.utils.background_jobs.execute_job(event=None, is_async=True, job_name='frappe.core.doctype.scheduled_job_type.scheduled_job_type.run_scheduled_jo..., kwargs={'job_type': 'frappe.email.queue.flush'}, method='frappe.core.doctype.scheduled_job_type.scheduled_job_type.run_scheduled_jo..., site='dev.local', user='Administrator') (dev.local::scheduled_job::frappe.email.queue.flush)
2026-03-27 08:28:06,565 home-wahyu260697-document-Erpnext-silverplast-frappe-bench:default: Job OK (dev.local::scheduled_job::frappe.email.queue.flush)
2026-03-27 08:28:06,566 Result is kept for 600 seconds
2026-03-27 08:30:10,198 home-wahyu260697-document-Erpnext-silverplast-frappe-bench:default: frappe.utils.background_jobs.execute_job(event=None, is_async=True, job_name='frappe.core.doctype.scheduled_job_type.scheduled_job_type.run_scheduled_jo..., kwargs={'job_type': 'frappe.deferred_insert.save_to_db'}, method='frappe.core.doctype.scheduled_job_type.scheduled_job_type.run_scheduled_jo..., site='dev.local', user='Administrator') (dev.local::scheduled_job::frappe.deferred_insert.save_to_db)
2026-03-27 08:30:10,635 home-wahyu260697-document-Erpnext-silverplast-frappe-bench:default: Job OK (dev.local::scheduled_job::frappe.deferred_insert.save_to_db)
2026-03-27 08:30:10,635 Result is kept for 600 seconds
2026-03-27 08:30:10,645 home-wahyu260697-document-Erpnext-silverplast-frappe-bench:default: frappe.utils.background_jobs.execute_job(event=None, is_async=True, job_name='frappe.core.doctype.scheduled_job_type.scheduled_job_type.run_scheduled_jo..., kwargs={'job_type': 'frappe.utils.global_search.sync_global_search'}, method='frappe.core.doctype.scheduled_job_type.scheduled_job_type.run_scheduled_jo..., site='dev.local', user='Administrator') (dev.local::scheduled_job::frappe.utils.global_search.sync_global_search)
2026-03-27 08:30:11,037 home-wahyu260697-document-Erpnext-silverplast-frappe-bench:default: Job OK (dev.local::scheduled_job::frappe.utils.global_search.sync_global_search)
2026-03-27 08:30:11,038 Result is kept for 600 seconds
2026-03-27 08:30:11,047 home-wahyu260697-document-Erpnext-silverplast-frappe-bench:default: frappe.utils.background_jobs.execute_job(event=None, is_async=True, job_name='frappe.core.doctype.scheduled_job_type.scheduled_job_type.run_scheduled_jo..., kwargs={'job_type': 'frappe.search.sqlite_search.build_index_if_not_exists'}, method='frappe.core.doctype.scheduled_job_type.scheduled_job_type.run_scheduled_jo..., site='dev.local', user='Administrator') (dev.local::scheduled_job::frappe.search.sqlite_search.build_index_if_not_exists)
2026-03-27 08:30:11,428 home-wahyu260697-document-Erpnext-silverplast-frappe-bench:default: Job OK (dev.local::scheduled_job::frappe.search.sqlite_search.build_index_if_not_exists)
2026-03-27 08:30:11,428 Result is kept for 600 seconds
2026-03-27 08:30:11,438 home-wahyu260697-document-Erpnext-silverplast-frappe-bench:default: frappe.utils.background_jobs.execute_job(event=None, is_async=True, job_name='frappe.core.doctype.scheduled_job_type.scheduled_job_type.run_scheduled_jo..., kwargs={'job_type': 'frappe.email.doctype.email_account.email_account.notify_unrep..., method='frappe.core.doctype.scheduled_job_type.scheduled_job_type.run_scheduled_jo..., site='dev.local', user='Administrator') (dev.local::scheduled_job::frappe.email.doctype.email_account.email_account.notify_unreplied)
2026-03-27 08:30:11,839 home-wahyu260697-document-Erpnext-silverplast-frappe-bench:default: Job OK (dev.local::scheduled_job::frappe.email.doctype.email_account.email_account.notify_unreplied)
2026-03-27 08:30:11,839 Result is kept for 600 seconds
2026-03-27 08:30:11,849 home-wahyu260697-document-Erpnext-silverplast-frappe-bench:default: frappe.utils.background_jobs.execute_job(event=None, is_async=True, job_name='frappe.core.doctype.scheduled_job_type.scheduled_job_type.run_scheduled_jo..., kwargs={'job_type': 'frappe.automation.doctype.reminder.reminder.send_reminders'}, method='frappe.core.doctype.scheduled_job_type.scheduled_job_type.run_scheduled_jo..., site='dev.local', user='Administrator') (dev.local::scheduled_job::frappe.automation.doctype.reminder.reminder.send_reminders)
2026-03-27 08:30:12,266 home-wahyu260697-document-Erpnext-silverplast-frappe-bench:default: Job OK (dev.local::scheduled_job::frappe.automation.doctype.reminder.reminder.send_reminders)
2026-03-27 08:30:12,266 Result is kept for 600 seconds
2026-03-27 08:30:12,276 home-wahyu260697-document-Erpnext-silverplast-frappe-bench:default: frappe.utils.background_jobs.execute_job(event=None, is_async=True, job_name='frappe.core.doctype.scheduled_job_type.scheduled_job_type.run_scheduled_jo..., kwargs={'job_type': 'frappe.email.doctype.email_account.email_account.pull'}, method='frappe.core.doctype.scheduled_job_type.scheduled_job_type.run_scheduled_jo..., site='dev.local', user='Administrator') (dev.local::scheduled_job::frappe.email.doctype.email_account.email_account.pull)
2026-03-27 08:30:12,670 home-wahyu260697-document-Erpnext-silverplast-frappe-bench:default: Job OK (dev.local::scheduled_job::frappe.email.doctype.email_account.email_account.pull)
2026-03-27 08:30:12,671 Result is kept for 600 seconds
2026-03-27 08:30:12,681 home-wahyu260697-document-Erpnext-silverplast-frappe-bench:default: frappe.utils.background_jobs.execute_job(event=None, is_async=True, job_name='frappe.core.doctype.scheduled_job_type.scheduled_job_type.run_scheduled_jo..., kwargs={'job_type': 'frappe.model.utils.link_count.update_link_count'}, method='frappe.core.doctype.scheduled_job_type.scheduled_job_type.run_scheduled_jo..., site='dev.local', user='Administrator') (dev.local::scheduled_job::frappe.model.utils.link_count.update_link_count)
2026-03-27 08:30:13,065 home-wahyu260697-document-Erpnext-silverplast-frappe-bench:default: Job OK (dev.local::scheduled_job::frappe.model.utils.link_count.update_link_count)
2026-03-27 08:30:13,066 Result is kept for 600 seconds
2026-03-27 08:30:13,075 home-wahyu260697-document-Erpnext-silverplast-frappe-bench:default: frappe.utils.background_jobs.execute_job(event=None, is_async=True, job_name='frappe.core.doctype.scheduled_job_type.scheduled_job_type.run_scheduled_jo..., kwargs={'job_type': 'frappe.utils.telemetry.pulse.client.send_queued_events'}, method='frappe.core.doctype.scheduled_job_type.scheduled_job_type.run_scheduled_jo..., site='dev.local', user='Administrator') (dev.local::scheduled_job::frappe.utils.telemetry.pulse.client.send_queued_events)
2026-03-27 08:30:13,456 home-wahyu260697-document-Erpnext-silverplast-frappe-bench:default: Job OK (dev.local::scheduled_job::frappe.utils.telemetry.pulse.client.send_queued_events)
2026-03-27 08:30:13,456 Result is kept for 600 seconds
2026-03-27 08:32:15,546 home-wahyu260697-document-Erpnext-silverplast-frappe-bench:default: frappe.utils.background_jobs.execute_job(event=None, is_async=True, job_name='frappe.core.doctype.scheduled_job_type.scheduled_job_type.run_scheduled_jo..., kwargs={'job_type': 'frappe.monitor.flush'}, method='frappe.core.doctype.scheduled_job_type.scheduled_job_type.run_scheduled_jo..., site='dev.local', user='Administrator') (dev.local::scheduled_job::frappe.monitor.flush)
2026-03-27 08:32:15,895 home-wahyu260697-document-Erpnext-silverplast-frappe-bench:default: Job OK (dev.local::scheduled_job::frappe.monitor.flush)
2026-03-27 08:32:15,895 Result is kept for 600 seconds
2026-03-27 08:32:15,908 home-wahyu260697-document-Erpnext-silverplast-frappe-bench:default: frappe.utils.background_jobs.execute_job(event=None, is_async=True, job_name='frappe.core.doctype.scheduled_job_type.scheduled_job_type.run_scheduled_jo..., kwargs={'job_type': 'frappe.integrations.doctype.google_calendar.google_calendar.s..., method='frappe.core.doctype.scheduled_job_type.scheduled_job_type.run_scheduled_jo..., site='dev.local', user='Administrator') (dev.local::scheduled_job::frappe.integrations.doctype.google_calendar.google_calendar.sync)
2026-03-27 08:32:16,426 home-wahyu260697-document-Erpnext-silverplast-frappe-bench:default: Job OK (dev.local::scheduled_job::frappe.integrations.doctype.google_calendar.google_calendar.sync)
2026-03-27 08:32:16,426 Result is kept for 600 seconds
2026-03-27 08:32:16,435 home-wahyu260697-document-Erpnext-silverplast-frappe-bench:default: frappe.utils.background_jobs.execute_job(event=None, is_async=True, job_name='frappe.core.doctype.scheduled_job_type.scheduled_job_type.run_scheduled_jo..., kwargs={'job_type': 'frappe.email.queue.retry_sending_emails'}, method='frappe.core.doctype.scheduled_job_type.scheduled_job_type.run_scheduled_jo..., site='dev.local', user='Administrator') (dev.local::scheduled_job::frappe.email.queue.retry_sending_emails)
2026-03-27 08:32:16,835 home-wahyu260697-document-Erpnext-silverplast-frappe-bench:default: Job OK (dev.local::scheduled_job::frappe.email.queue.retry_sending_emails)
2026-03-27 08:32:16,835 Result is kept for 600 seconds
2026-03-27 08:32:16,843 home-wahyu260697-document-Erpnext-silverplast-frappe-bench:default: frappe.utils.background_jobs.execute_job(event=None, is_async=True, job_name='frappe.core.doctype.scheduled_job_type.scheduled_job_type.run_scheduled_jo..., kwargs={'job_type': 'frappe.email.queue.flush'}, method='frappe.core.doctype.scheduled_job_type.scheduled_job_type.run_scheduled_jo..., site='dev.local', user='Administrator') (dev.local::scheduled_job::frappe.email.queue.flush)
2026-03-27 08:32:17,336 home-wahyu260697-document-Erpnext-silverplast-frappe-bench:default: Job OK (dev.local::scheduled_job::frappe.email.queue.flush)
2026-03-27 08:32:17,336 Result is kept for 600 seconds
2026-03-27 08:36:26,289 home-wahyu260697-document-Erpnext-silverplast-frappe-bench:default: frappe.utils.background_jobs.execute_job(event=None, is_async=True, job_name='frappe.core.doctype.scheduled_job_type.scheduled_job_type.run_scheduled_jo..., kwargs={'job_type': 'frappe.monitor.flush'}, method='frappe.core.doctype.scheduled_job_type.scheduled_job_type.run_scheduled_jo..., site='dev.local', user='Administrator') (dev.local::scheduled_job::frappe.monitor.flush)
2026-03-27 08:36:26,646 home-wahyu260697-document-Erpnext-silverplast-frappe-bench:default: Job OK (dev.local::scheduled_job::frappe.monitor.flush)
2026-03-27 08:36:26,646 Result is kept for 600 seconds
2026-03-27 08:36:26,658 home-wahyu260697-document-Erpnext-silverplast-frappe-bench:default: frappe.utils.background_jobs.execute_job(event=None, is_async=True, job_name='frappe.core.doctype.scheduled_job_type.scheduled_job_type.run_scheduled_jo..., kwargs={'job_type': 'frappe.email.queue.flush'}, method='frappe.core.doctype.scheduled_job_type.scheduled_job_type.run_scheduled_jo..., site='dev.local', user='Administrator') (dev.local::scheduled_job::frappe.email.queue.flush)
2026-03-27 08:36:27,149 home-wahyu260697-document-Erpnext-silverplast-frappe-bench:default: Job OK (dev.local::scheduled_job::frappe.email.queue.flush)
2026-03-27 08:36:27,150 Result is kept for 600 seconds
2026-03-27 08:36:27,159 home-wahyu260697-document-Erpnext-silverplast-frappe-bench:default: frappe.utils.background_jobs.execute_job(event=None, is_async=True, job_name='frappe.core.doctype.scheduled_job_type.scheduled_job_type.run_scheduled_jo..., kwargs={'job_type': 'frappe.integrations.doctype.google_calendar.google_calendar.s..., method='frappe.core.doctype.scheduled_job_type.scheduled_job_type.run_scheduled_jo..., site='dev.local', user='Administrator') (dev.local::scheduled_job::frappe.integrations.doctype.google_calendar.google_calendar.sync)
2026-03-27 08:36:27,700 home-wahyu260697-document-Erpnext-silverplast-frappe-bench:default: Job OK (dev.local::scheduled_job::frappe.integrations.doctype.google_calendar.google_calendar.sync)
2026-03-27 08:36:27,700 Result is kept for 600 seconds
2026-03-27 08:36:27,709 home-wahyu260697-document-Erpnext-silverplast-frappe-bench:default: frappe.utils.background_jobs.execute_job(event=None, is_async=True, job_name='frappe.core.doctype.scheduled_job_type.scheduled_job_type.run_scheduled_jo..., kwargs={'job_type': 'frappe.email.queue.retry_sending_emails'}, method='frappe.core.doctype.scheduled_job_type.scheduled_job_type.run_scheduled_jo..., site='dev.local', user='Administrator') (dev.local::scheduled_job::frappe.email.queue.retry_sending_emails)
2026-03-27 08:36:28,044 home-wahyu260697-document-Erpnext-silverplast-frappe-bench:default: Job OK (dev.local::scheduled_job::frappe.email.queue.retry_sending_emails)
2026-03-27 08:36:28,044 Result is kept for 600 seconds
2026-03-27 08:40:36,956 home-wahyu260697-document-Erpnext-silverplast-frappe-bench:default: frappe.utils.background_jobs.execute_job(event=None, is_async=True, job_name='frappe.core.doctype.scheduled_job_type.scheduled_job_type.run_scheduled_jo..., kwargs={'job_type': 'frappe.monitor.flush'}, method='frappe.core.doctype.scheduled_job_type.scheduled_job_type.run_scheduled_jo..., site='dev.local', user='Administrator') (dev.local::scheduled_job::frappe.monitor.flush)
2026-03-27 08:40:37,378 home-wahyu260697-document-Erpnext-silverplast-frappe-bench:default: Job OK (dev.local::scheduled_job::frappe.monitor.flush)
2026-03-27 08:40:37,378 Result is kept for 600 seconds
2026-03-27 08:40:37,389 home-wahyu260697-document-Erpnext-silverplast-frappe-bench:default: frappe.utils.background_jobs.execute_job(event=None, is_async=True, job_name='frappe.core.doctype.scheduled_job_type.scheduled_job_type.run_scheduled_jo..., kwargs={'job_type': 'frappe.email.doctype.email_account.email_account.pull'}, method='frappe.core.doctype.scheduled_job_type.scheduled_job_type.run_scheduled_jo..., site='dev.local', user='Administrator') (dev.local::scheduled_job::frappe.email.doctype.email_account.email_account.pull)
2026-03-27 08:40:37,886 home-wahyu260697-document-Erpnext-silverplast-frappe-bench:default: Job OK (dev.local::scheduled_job::frappe.email.doctype.email_account.email_account.pull)
2026-03-27 08:40:37,886 Result is kept for 600 seconds
2026-03-27 08:40:37,898 home-wahyu260697-document-Erpnext-silverplast-frappe-bench:default: frappe.utils.background_jobs.execute_job(event=None, is_async=True, job_name='frappe.core.doctype.scheduled_job_type.scheduled_job_type.run_scheduled_jo..., kwargs={'job_type': 'frappe.email.queue.flush'}, method='frappe.core.doctype.scheduled_job_type.scheduled_job_type.run_scheduled_jo..., site='dev.local', user='Administrator') (dev.local::scheduled_job::frappe.email.queue.flush)
2026-03-27 08:40:38,508 home-wahyu260697-document-Erpnext-silverplast-frappe-bench:default: Job OK (dev.local::scheduled_job::frappe.email.queue.flush)
2026-03-27 08:40:38,509 Result is kept for 600 seconds
2026-03-27 08:40:38,518 home-wahyu260697-document-Erpnext-silverplast-frappe-bench:default: frappe.utils.background_jobs.execute_job(event=None, is_async=True, job_name='frappe.core.doctype.scheduled_job_type.scheduled_job_type.run_scheduled_jo..., kwargs={'job_type': 'frappe.integrations.doctype.google_calendar.google_calendar.s..., method='frappe.core.doctype.scheduled_job_type.scheduled_job_type.run_scheduled_jo..., site='dev.local', user='Administrator') (dev.local::scheduled_job::frappe.integrations.doctype.google_calendar.google_calendar.sync)
2026-03-27 08:40:39,183 home-wahyu260697-document-Erpnext-silverplast-frappe-bench:default: Job OK (dev.local::scheduled_job::frappe.integrations.doctype.google_calendar.google_calendar.sync)
2026-03-27 08:40:39,184 Result is kept for 600 seconds
2026-03-27 08:40:39,193 home-wahyu260697-document-Erpnext-silverplast-frappe-bench:default: frappe.utils.background_jobs.execute_job(event=None, is_async=True, job_name='frappe.core.doctype.scheduled_job_type.scheduled_job_type.run_scheduled_jo..., kwargs={'job_type': 'frappe.email.queue.retry_sending_emails'}, method='frappe.core.doctype.scheduled_job_type.scheduled_job_type.run_scheduled_jo..., site='dev.local', user='Administrator') (dev.local::scheduled_job::frappe.email.queue.retry_sending_emails)
2026-03-27 08:40:39,537 home-wahyu260697-document-Erpnext-silverplast-frappe-bench:default: Job OK (dev.local::scheduled_job::frappe.email.queue.retry_sending_emails)
2026-03-27 08:40:39,538 Result is kept for 600 seconds
2026-03-27 08:44:47,722 home-wahyu260697-document-Erpnext-silverplast-frappe-bench:default: frappe.utils.background_jobs.execute_job(event=None, is_async=True, job_name='frappe.core.doctype.scheduled_job_type.scheduled_job_type.run_scheduled_jo..., kwargs={'job_type': 'frappe.email.queue.flush'}, method='frappe.core.doctype.scheduled_job_type.scheduled_job_type.run_scheduled_jo..., site='dev.local', user='Administrator') (dev.local::scheduled_job::frappe.email.queue.flush)
2026-03-27 08:44:48,266 home-wahyu260697-document-Erpnext-silverplast-frappe-bench:default: Job OK (dev.local::scheduled_job::frappe.email.queue.flush)
2026-03-27 08:44:48,266 Result is kept for 600 seconds
2026-03-27 08:44:48,276 home-wahyu260697-document-Erpnext-silverplast-frappe-bench:default: frappe.utils.background_jobs.execute_job(event=None, is_async=True, job_name='frappe.core.doctype.scheduled_job_type.scheduled_job_type.run_scheduled_jo..., kwargs={'job_type': 'frappe.integrations.doctype.google_calendar.google_calendar.s..., method='frappe.core.doctype.scheduled_job_type.scheduled_job_type.run_scheduled_jo..., site='dev.local', user='Administrator') (dev.local::scheduled_job::frappe.integrations.doctype.google_calendar.google_calendar.sync)
2026-03-27 08:44:48,813 home-wahyu260697-document-Erpnext-silverplast-frappe-bench:default: Job OK (dev.local::scheduled_job::frappe.integrations.doctype.google_calendar.google_calendar.sync)
2026-03-27 08:44:48,815 Result is kept for 600 seconds
2026-03-27 08:44:48,827 home-wahyu260697-document-Erpnext-silverplast-frappe-bench:default: frappe.utils.background_jobs.execute_job(event=None, is_async=True, job_name='frappe.core.doctype.scheduled_job_type.scheduled_job_type.run_scheduled_jo..., kwargs={'job_type': 'frappe.email.queue.retry_sending_emails'}, method='frappe.core.doctype.scheduled_job_type.scheduled_job_type.run_scheduled_jo..., site='dev.local', user='Administrator') (dev.local::scheduled_job::frappe.email.queue.retry_sending_emails)
2026-03-27 08:44:49,206 home-wahyu260697-document-Erpnext-silverplast-frappe-bench:default: Job OK (dev.local::scheduled_job::frappe.email.queue.retry_sending_emails)
2026-03-27 08:44:49,207 Result is kept for 600 seconds
2026-03-27 08:44:49,215 home-wahyu260697-document-Erpnext-silverplast-frappe-bench:default: frappe.utils.background_jobs.execute_job(event=None, is_async=True, job_name='frappe.core.doctype.scheduled_job_type.scheduled_job_type.run_scheduled_jo..., kwargs={'job_type': 'frappe.monitor.flush'}, method='frappe.core.doctype.scheduled_job_type.scheduled_job_type.run_scheduled_jo..., site='dev.local', user='Administrator') (dev.local::scheduled_job::frappe.monitor.flush)
2026-03-27 08:44:49,555 home-wahyu260697-document-Erpnext-silverplast-frappe-bench:default: Job OK (dev.local::scheduled_job::frappe.monitor.flush)
2026-03-27 08:44:49,555 Result is kept for 600 seconds
2026-03-27 08:45:50,457 home-wahyu260697-document-Erpnext-silverplast-frappe-bench:default: frappe.utils.background_jobs.execute_job(event=None, is_async=True, job_name='frappe.core.doctype.scheduled_job_type.scheduled_job_type.run_scheduled_jo..., kwargs={'job_type': 'frappe.utils.global_search.sync_global_search'}, method='frappe.core.doctype.scheduled_job_type.scheduled_job_type.run_scheduled_jo..., site='dev.local', user='Administrator') (dev.local::scheduled_job::frappe.utils.global_search.sync_global_search)
2026-03-27 08:45:51,041 home-wahyu260697-document-Erpnext-silverplast-frappe-bench:default: Job OK (dev.local::scheduled_job::frappe.utils.global_search.sync_global_search)
2026-03-27 08:45:51,042 Result is kept for 600 seconds
2026-03-27 08:45:51,052 home-wahyu260697-document-Erpnext-silverplast-frappe-bench:default: frappe.utils.background_jobs.execute_job(event=None, is_async=True, job_name='frappe.core.doctype.scheduled_job_type.scheduled_job_type.run_scheduled_jo..., kwargs={'job_type': 'frappe.search.sqlite_search.build_index_if_not_exists'}, method='frappe.core.doctype.scheduled_job_type.scheduled_job_type.run_scheduled_jo..., site='dev.local', user='Administrator') (dev.local::scheduled_job::frappe.search.sqlite_search.build_index_if_not_exists)
2026-03-27 08:45:51,457 home-wahyu260697-document-Erpnext-silverplast-frappe-bench:default: Job OK (dev.local::scheduled_job::frappe.search.sqlite_search.build_index_if_not_exists)
2026-03-27 08:45:51,457 Result is kept for 600 seconds
2026-03-27 08:45:51,466 home-wahyu260697-document-Erpnext-silverplast-frappe-bench:default: frappe.utils.background_jobs.execute_job(event=None, is_async=True, job_name='frappe.core.doctype.scheduled_job_type.scheduled_job_type.run_scheduled_jo..., kwargs={'job_type': 'frappe.automation.doctype.reminder.reminder.send_reminders'}, method='frappe.core.doctype.scheduled_job_type.scheduled_job_type.run_scheduled_jo..., site='dev.local', user='Administrator') (dev.local::scheduled_job::frappe.automation.doctype.reminder.reminder.send_reminders)
2026-03-27 08:45:51,884 home-wahyu260697-document-Erpnext-silverplast-frappe-bench:default: Job OK (dev.local::scheduled_job::frappe.automation.doctype.reminder.reminder.send_reminders)
2026-03-27 08:45:51,884 Result is kept for 600 seconds
2026-03-27 08:45:51,894 home-wahyu260697-document-Erpnext-silverplast-frappe-bench:default: frappe.utils.background_jobs.execute_job(event=None, is_async=True, job_name='frappe.core.doctype.scheduled_job_type.scheduled_job_type.run_scheduled_jo..., kwargs={'job_type': 'frappe.model.utils.link_count.update_link_count'}, method='frappe.core.doctype.scheduled_job_type.scheduled_job_type.run_scheduled_jo..., site='dev.local', user='Administrator') (dev.local::scheduled_job::frappe.model.utils.link_count.update_link_count)
2026-03-27 08:45:52,314 home-wahyu260697-document-Erpnext-silverplast-frappe-bench:default: Job OK (dev.local::scheduled_job::frappe.model.utils.link_count.update_link_count)
2026-03-27 08:45:52,315 Result is kept for 600 seconds
2026-03-27 08:45:52,323 home-wahyu260697-document-Erpnext-silverplast-frappe-bench:default: frappe.utils.background_jobs.execute_job(event=None, is_async=True, job_name='frappe.core.doctype.scheduled_job_type.scheduled_job_type.run_scheduled_jo..., kwargs={'job_type': 'frappe.email.doctype.email_account.email_account.notify_unrep..., method='frappe.core.doctype.scheduled_job_type.scheduled_job_type.run_scheduled_jo..., site='dev.local', user='Administrator') (dev.local::scheduled_job::frappe.email.doctype.email_account.email_account.notify_unreplied)
2026-03-27 08:45:52,768 home-wahyu260697-document-Erpnext-silverplast-frappe-bench:default: Job OK (dev.local::scheduled_job::frappe.email.doctype.email_account.email_account.notify_unreplied)
2026-03-27 08:45:52,769 Result is kept for 600 seconds
2026-03-27 08:45:52,779 home-wahyu260697-document-Erpnext-silverplast-frappe-bench:default: frappe.utils.background_jobs.execute_job(event=None, is_async=True, job_name='frappe.core.doctype.scheduled_job_type.scheduled_job_type.run_scheduled_jo..., kwargs={'job_type': 'frappe.deferred_insert.save_to_db'}, method='frappe.core.doctype.scheduled_job_type.scheduled_job_type.run_scheduled_jo..., site='dev.local', user='Administrator') (dev.local::scheduled_job::frappe.deferred_insert.save_to_db)
2026-03-27 08:45:53,202 home-wahyu260697-document-Erpnext-silverplast-frappe-bench:default: Job OK (dev.local::scheduled_job::frappe.deferred_insert.save_to_db)
2026-03-27 08:45:53,202 Result is kept for 600 seconds
2026-03-27 08:45:53,212 home-wahyu260697-document-Erpnext-silverplast-frappe-bench:default: frappe.utils.background_jobs.execute_job(event=None, is_async=True, job_name='frappe.core.doctype.scheduled_job_type.scheduled_job_type.run_scheduled_jo..., kwargs={'job_type': 'frappe.utils.telemetry.pulse.client.send_queued_events'}, method='frappe.core.doctype.scheduled_job_type.scheduled_job_type.run_scheduled_jo..., site='dev.local', user='Administrator') (dev.local::scheduled_job::frappe.utils.telemetry.pulse.client.send_queued_events)
2026-03-27 08:45:53,614 home-wahyu260697-document-Erpnext-silverplast-frappe-bench:default: Job OK (dev.local::scheduled_job::frappe.utils.telemetry.pulse.client.send_queued_events)
2026-03-27 08:45:53,615 Result is kept for 600 seconds
2026-03-27 08:48:58,631 home-wahyu260697-document-Erpnext-silverplast-frappe-bench:default: frappe.utils.background_jobs.execute_job(event=None, is_async=True, job_name='frappe.core.doctype.scheduled_job_type.scheduled_job_type.run_scheduled_jo..., kwargs={'job_type': 'frappe.email.queue.retry_sending_emails'}, method='frappe.core.doctype.scheduled_job_type.scheduled_job_type.run_scheduled_jo..., site='dev.local', user='Administrator') (dev.local::scheduled_job::frappe.email.queue.retry_sending_emails)
2026-03-27 08:48:59,260 home-wahyu260697-document-Erpnext-silverplast-frappe-bench:default: Job OK (dev.local::scheduled_job::frappe.email.queue.retry_sending_emails)
2026-03-27 08:48:59,260 Result is kept for 600 seconds
2026-03-27 08:48:59,269 Cleaning registries for queue: home-wahyu260697-document-Erpnext-silverplast-frappe-bench:short
2026-03-27 08:48:59,275 Cleaning registries for queue: home-wahyu260697-document-Erpnext-silverplast-frappe-bench:default
2026-03-27 08:48:59,279 Cleaning registries for queue: home-wahyu260697-document-Erpnext-silverplast-frappe-bench:long
2026-03-27 08:48:59,288 home-wahyu260697-document-Erpnext-silverplast-frappe-bench:default: frappe.utils.background_jobs.execute_job(event=None, is_async=True, job_name='frappe.core.doctype.scheduled_job_type.scheduled_job_type.run_scheduled_jo..., kwargs={'job_type': 'frappe.integrations.doctype.google_calendar.google_calendar.s..., method='frappe.core.doctype.scheduled_job_type.scheduled_job_type.run_scheduled_jo..., site='dev.local', user='Administrator') (dev.local::scheduled_job::frappe.integrations.doctype.google_calendar.google_calendar.sync)
2026-03-27 08:49:00,427 home-wahyu260697-document-Erpnext-silverplast-frappe-bench:default: Job OK (dev.local::scheduled_job::frappe.integrations.doctype.google_calendar.google_calendar.sync)
2026-03-27 08:49:00,427 Result is kept for 600 seconds
2026-03-27 08:49:00,448 home-wahyu260697-document-Erpnext-silverplast-frappe-bench:default: frappe.utils.background_jobs.execute_job(event=None, is_async=True, job_name='frappe.core.doctype.scheduled_job_type.scheduled_job_type.run_scheduled_jo..., kwargs={'job_type': 'frappe.email.queue.flush'}, method='frappe.core.doctype.scheduled_job_type.scheduled_job_type.run_scheduled_jo..., site='dev.local', user='Administrator') (dev.local::scheduled_job::frappe.email.queue.flush)
2026-03-27 08:49:01,616 home-wahyu260697-document-Erpnext-silverplast-frappe-bench:default: Job OK (dev.local::scheduled_job::frappe.email.queue.flush)
2026-03-27 08:49:01,616 Result is kept for 600 seconds
2026-03-27 08:49:01,633 home-wahyu260697-document-Erpnext-silverplast-frappe-bench:default: frappe.utils.background_jobs.execute_job(event=None, is_async=True, job_name='frappe.core.doctype.scheduled_job_type.scheduled_job_type.run_scheduled_jo..., kwargs={'job_type': 'frappe.monitor.flush'}, method='frappe.core.doctype.scheduled_job_type.scheduled_job_type.run_scheduled_jo..., site='dev.local', user='Administrator') (dev.local::scheduled_job::frappe.monitor.flush)
2026-03-27 08:49:02,170 home-wahyu260697-document-Erpnext-silverplast-frappe-bench:default: Job OK (dev.local::scheduled_job::frappe.monitor.flush)
2026-03-27 08:49:02,170 Result is kept for 600 seconds
2026-03-27 08:50:01,455 home-wahyu260697-document-Erpnext-silverplast-frappe-bench:default: frappe.utils.background_jobs.execute_job(event=None, is_async=True, job_name='frappe.core.doctype.scheduled_job_type.scheduled_job_type.run_scheduled_jo..., kwargs={'job_type': 'frappe.email.doctype.email_account.email_account.pull'}, method='frappe.core.doctype.scheduled_job_type.scheduled_job_type.run_scheduled_jo..., site='dev.local', user='Administrator') (dev.local::scheduled_job::frappe.email.doctype.email_account.email_account.pull)
2026-03-27 08:50:02,094 home-wahyu260697-document-Erpnext-silverplast-frappe-bench:default: Job OK (dev.local::scheduled_job::frappe.email.doctype.email_account.email_account.pull)
2026-03-27 08:50:02,095 Result is kept for 600 seconds
2026-03-27 08:52:06,890 home-wahyu260697-document-Erpnext-silverplast-frappe-bench:default: frappe.utils.background_jobs.execute_job(event=None, is_async=True, job_name='frappe.core.doctype.scheduled_job_type.scheduled_job_type.run_scheduled_jo..., kwargs={'job_type': 'frappe.email.queue.flush'}, method='frappe.core.doctype.scheduled_job_type.scheduled_job_type.run_scheduled_jo..., site='dev.local', user='Administrator') (dev.local::scheduled_job::frappe.email.queue.flush)
2026-03-27 08:52:07,538 home-wahyu260697-document-Erpnext-silverplast-frappe-bench:default: Job OK (dev.local::scheduled_job::frappe.email.queue.flush)
2026-03-27 08:52:07,538 Result is kept for 600 seconds
2026-03-27 08:52:07,548 home-wahyu260697-document-Erpnext-silverplast-frappe-bench:default: frappe.utils.background_jobs.execute_job(event=None, is_async=True, job_name='frappe.core.doctype.scheduled_job_type.scheduled_job_type.run_scheduled_jo..., kwargs={'job_type': 'frappe.email.queue.retry_sending_emails'}, method='frappe.core.doctype.scheduled_job_type.scheduled_job_type.run_scheduled_jo..., site='dev.local', user='Administrator') (dev.local::scheduled_job::frappe.email.queue.retry_sending_emails)
2026-03-27 08:52:07,965 home-wahyu260697-document-Erpnext-silverplast-frappe-bench:default: Job OK (dev.local::scheduled_job::frappe.email.queue.retry_sending_emails)
2026-03-27 08:52:07,965 Result is kept for 600 seconds
2026-03-27 08:52:07,980 home-wahyu260697-document-Erpnext-silverplast-frappe-bench:default: frappe.utils.background_jobs.execute_job(event=None, is_async=True, job_name='frappe.core.doctype.scheduled_job_type.scheduled_job_type.run_scheduled_jo..., kwargs={'job_type': 'frappe.integrations.doctype.google_calendar.google_calendar.s..., method='frappe.core.doctype.scheduled_job_type.scheduled_job_type.run_scheduled_jo..., site='dev.local', user='Administrator') (dev.local::scheduled_job::frappe.integrations.doctype.google_calendar.google_calendar.sync)
2026-03-27 08:52:08,781 home-wahyu260697-document-Erpnext-silverplast-frappe-bench:default: Job OK (dev.local::scheduled_job::frappe.integrations.doctype.google_calendar.google_calendar.sync)
2026-03-27 08:52:08,782 Result is kept for 600 seconds
2026-03-27 08:52:08,790 home-wahyu260697-document-Erpnext-silverplast-frappe-bench:default: frappe.utils.background_jobs.execute_job(event=None, is_async=True, job_name='frappe.core.doctype.scheduled_job_type.scheduled_job_type.run_scheduled_jo..., kwargs={'job_type': 'frappe.monitor.flush'}, method='frappe.core.doctype.scheduled_job_type.scheduled_job_type.run_scheduled_jo..., site='dev.local', user='Administrator') (dev.local::scheduled_job::frappe.monitor.flush)
2026-03-27 08:52:09,188 home-wahyu260697-document-Erpnext-silverplast-frappe-bench:default: Job OK (dev.local::scheduled_job::frappe.monitor.flush)
2026-03-27 08:52:09,188 Result is kept for 600 seconds
2026-03-27 08:56:17,862 home-wahyu260697-document-Erpnext-silverplast-frappe-bench:default: frappe.utils.background_jobs.execute_job(event=None, is_async=True, job_name='frappe.core.doctype.scheduled_job_type.scheduled_job_type.run_scheduled_jo..., kwargs={'job_type': 'frappe.email.queue.retry_sending_emails'}, method='frappe.core.doctype.scheduled_job_type.scheduled_job_type.run_scheduled_jo..., site='dev.local', user='Administrator') (dev.local::scheduled_job::frappe.email.queue.retry_sending_emails)
2026-03-27 08:56:18,348 home-wahyu260697-document-Erpnext-silverplast-frappe-bench:default: Job OK (dev.local::scheduled_job::frappe.email.queue.retry_sending_emails)
2026-03-27 08:56:18,348 Result is kept for 600 seconds
2026-03-27 08:56:18,358 home-wahyu260697-document-Erpnext-silverplast-frappe-bench:default: frappe.utils.background_jobs.execute_job(event=None, is_async=True, job_name='frappe.core.doctype.scheduled_job_type.scheduled_job_type.run_scheduled_jo..., kwargs={'job_type': 'frappe.monitor.flush'}, method='frappe.core.doctype.scheduled_job_type.scheduled_job_type.run_scheduled_jo..., site='dev.local', user='Administrator') (dev.local::scheduled_job::frappe.monitor.flush)
2026-03-27 08:56:18,811 home-wahyu260697-document-Erpnext-silverplast-frappe-bench:default: Job OK (dev.local::scheduled_job::frappe.monitor.flush)
2026-03-27 08:56:18,811 Result is kept for 600 seconds
2026-03-27 08:56:18,821 home-wahyu260697-document-Erpnext-silverplast-frappe-bench:default: frappe.utils.background_jobs.execute_job(event=None, is_async=True, job_name='frappe.core.doctype.scheduled_job_type.scheduled_job_type.run_scheduled_jo..., kwargs={'job_type': 'frappe.integrations.doctype.google_calendar.google_calendar.s..., method='frappe.core.doctype.scheduled_job_type.scheduled_job_type.run_scheduled_jo..., site='dev.local', user='Administrator') (dev.local::scheduled_job::frappe.integrations.doctype.google_calendar.google_calendar.sync)
2026-03-27 08:56:19,535 home-wahyu260697-document-Erpnext-silverplast-frappe-bench:default: Job OK (dev.local::scheduled_job::frappe.integrations.doctype.google_calendar.google_calendar.sync)
2026-03-27 08:56:19,535 Result is kept for 600 seconds
2026-03-27 08:56:19,549 home-wahyu260697-document-Erpnext-silverplast-frappe-bench:default: frappe.utils.background_jobs.execute_job(event=None, is_async=True, job_name='frappe.core.doctype.scheduled_job_type.scheduled_job_type.run_scheduled_jo..., kwargs={'job_type': 'frappe.email.queue.flush'}, method='frappe.core.doctype.scheduled_job_type.scheduled_job_type.run_scheduled_jo..., site='dev.local', user='Administrator') (dev.local::scheduled_job::frappe.email.queue.flush)
2026-03-27 08:56:20,200 home-wahyu260697-document-Erpnext-silverplast-frappe-bench:default: Job OK (dev.local::scheduled_job::frappe.email.queue.flush)
2026-03-27 08:56:20,201 Result is kept for 600 seconds
2026-03-27 09:00:28,825 home-wahyu260697-document-Erpnext-silverplast-frappe-bench:long: frappe.utils.background_jobs.execute_job(event=None, is_async=True, job_name='frappe.core.doctype.scheduled_job_type.scheduled_job_type.run_scheduled_jo..., kwargs={'job_type': 'frappe.model.utils.user_settings.sync_user_settings'}, method='frappe.core.doctype.scheduled_job_type.scheduled_job_type.run_scheduled_jo..., site='dev.local', user='Administrator') (dev.local::scheduled_job::frappe.model.utils.user_settings.sync_user_settings)
2026-03-27 09:00:30,004 home-wahyu260697-document-Erpnext-silverplast-frappe-bench:long: Job OK (dev.local::scheduled_job::frappe.model.utils.user_settings.sync_user_settings)
2026-03-27 09:00:30,005 Result is kept for 600 seconds
2026-03-27 09:00:30,055 home-wahyu260697-document-Erpnext-silverplast-frappe-bench:default: frappe.utils.background_jobs.execute_job(event=None, is_async=True, job_name='frappe.core.doctype.scheduled_job_type.scheduled_job_type.run_scheduled_jo..., kwargs={'job_type': 'frappe.email.queue.retry_sending_emails'}, method='frappe.core.doctype.scheduled_job_type.scheduled_job_type.run_scheduled_jo..., site='dev.local', user='Administrator') (dev.local::scheduled_job::frappe.email.queue.retry_sending_emails)
2026-03-27 09:00:30,972 home-wahyu260697-document-Erpnext-silverplast-frappe-bench:default: Job OK (dev.local::scheduled_job::frappe.email.queue.retry_sending_emails)
2026-03-27 09:00:30,973 Result is kept for 600 seconds
2026-03-27 09:00:31,012 home-wahyu260697-document-Erpnext-silverplast-frappe-bench:default: frappe.utils.background_jobs.execute_job(event=None, is_async=True, job_name='frappe.core.doctype.scheduled_job_type.scheduled_job_type.run_scheduled_jo..., kwargs={'job_type': 'frappe.deferred_insert.save_to_db'}, method='frappe.core.doctype.scheduled_job_type.scheduled_job_type.run_scheduled_jo..., site='dev.local', user='Administrator') (dev.local::scheduled_job::frappe.deferred_insert.save_to_db)
2026-03-27 09:00:32,259 home-wahyu260697-document-Erpnext-silverplast-frappe-bench:default: Job OK (dev.local::scheduled_job::frappe.deferred_insert.save_to_db)
2026-03-27 09:00:32,259 Result is kept for 600 seconds
2026-03-27 09:00:32,284 home-wahyu260697-document-Erpnext-silverplast-frappe-bench:default: frappe.utils.background_jobs.execute_job(event=None, is_async=True, job_name='frappe.core.doctype.scheduled_job_type.scheduled_job_type.run_scheduled_jo..., kwargs={'job_type': 'frappe.integrations.doctype.google_calendar.google_calendar.s..., method='frappe.core.doctype.scheduled_job_type.scheduled_job_type.run_scheduled_jo..., site='dev.local', user='Administrator') (dev.local::scheduled_job::frappe.integrations.doctype.google_calendar.google_calendar.sync)
2026-03-27 09:00:33,454 home-wahyu260697-document-Erpnext-silverplast-frappe-bench:default: Job OK (dev.local::scheduled_job::frappe.integrations.doctype.google_calendar.google_calendar.sync)
2026-03-27 09:00:33,455 Result is kept for 600 seconds
2026-03-27 09:00:33,468 home-wahyu260697-document-Erpnext-silverplast-frappe-bench:default: frappe.utils.background_jobs.execute_job(event=None, is_async=True, job_name='frappe.core.doctype.scheduled_job_type.scheduled_job_type.run_scheduled_jo..., kwargs={'job_type': 'frappe.email.doctype.email_account.email_account.pull'}, method='frappe.core.doctype.scheduled_job_type.scheduled_job_type.run_scheduled_jo..., site='dev.local', user='Administrator') (dev.local::scheduled_job::frappe.email.doctype.email_account.email_account.pull)
2026-03-27 09:00:34,872 home-wahyu260697-document-Erpnext-silverplast-frappe-bench:default: Job OK (dev.local::scheduled_job::frappe.email.doctype.email_account.email_account.pull)
2026-03-27 09:00:34,872 Result is kept for 600 seconds
2026-03-27 09:00:34,896 home-wahyu260697-document-Erpnext-silverplast-frappe-bench:default: frappe.utils.background_jobs.execute_job(event=None, is_async=True, job_name='frappe.core.doctype.scheduled_job_type.scheduled_job_type.run_scheduled_jo..., kwargs={'job_type': 'frappe.email.doctype.email_account.email_account.notify_unrep..., method='frappe.core.doctype.scheduled_job_type.scheduled_job_type.run_scheduled_jo..., site='dev.local', user='Administrator') (dev.local::scheduled_job::frappe.email.doctype.email_account.email_account.notify_unreplied)
2026-03-27 09:00:36,198 home-wahyu260697-document-Erpnext-silverplast-frappe-bench:default: Job OK (dev.local::scheduled_job::frappe.email.doctype.email_account.email_account.notify_unreplied)
2026-03-27 09:00:36,198 Result is kept for 600 seconds
2026-03-27 09:00:36,217 home-wahyu260697-document-Erpnext-silverplast-frappe-bench:default: frappe.utils.background_jobs.execute_job(event=None, is_async=True, job_name='frappe.core.doctype.scheduled_job_type.scheduled_job_type.run_scheduled_jo..., kwargs={'job_type': 'frappe.email.queue.flush'}, method='frappe.core.doctype.scheduled_job_type.scheduled_job_type.run_scheduled_jo..., site='dev.local', user='Administrator') (dev.local::scheduled_job::frappe.email.queue.flush)
2026-03-27 09:00:37,488 home-wahyu260697-document-Erpnext-silverplast-frappe-bench:default: Job OK (dev.local::scheduled_job::frappe.email.queue.flush)
2026-03-27 09:00:37,489 Result is kept for 600 seconds
2026-03-27 09:00:37,512 home-wahyu260697-document-Erpnext-silverplast-frappe-bench:default: frappe.utils.background_jobs.execute_job(event=None, is_async=True, job_name='frappe.core.doctype.scheduled_job_type.scheduled_job_type.run_scheduled_jo..., kwargs={'job_type': 'frappe.automation.doctype.reminder.reminder.send_reminders'}, method='frappe.core.doctype.scheduled_job_type.scheduled_job_type.run_scheduled_jo..., site='dev.local', user='Administrator') (dev.local::scheduled_job::frappe.automation.doctype.reminder.reminder.send_reminders)
2026-03-27 09:00:38,558 home-wahyu260697-document-Erpnext-silverplast-frappe-bench:default: Job OK (dev.local::scheduled_job::frappe.automation.doctype.reminder.reminder.send_reminders)
2026-03-27 09:00:38,559 Result is kept for 600 seconds
2026-03-27 09:00:38,576 home-wahyu260697-document-Erpnext-silverplast-frappe-bench:default: frappe.utils.background_jobs.execute_job(event=None, is_async=True, job_name='frappe.core.doctype.scheduled_job_type.scheduled_job_type.run_scheduled_jo..., kwargs={'job_type': 'frappe.model.utils.link_count.update_link_count'}, method='frappe.core.doctype.scheduled_job_type.scheduled_job_type.run_scheduled_jo..., site='dev.local', user='Administrator') (dev.local::scheduled_job::frappe.model.utils.link_count.update_link_count)
2026-03-27 09:00:39,349 home-wahyu260697-document-Erpnext-silverplast-frappe-bench:default: Job OK (dev.local::scheduled_job::frappe.model.utils.link_count.update_link_count)
2026-03-27 09:00:39,349 Result is kept for 600 seconds
2026-03-27 09:00:39,368 home-wahyu260697-document-Erpnext-silverplast-frappe-bench:default: frappe.utils.background_jobs.execute_job(event=None, is_async=True, job_name='frappe.core.doctype.scheduled_job_type.scheduled_job_type.run_scheduled_jo..., kwargs={'job_type': 'frappe.utils.global_search.sync_global_search'}, method='frappe.core.doctype.scheduled_job_type.scheduled_job_type.run_scheduled_jo..., site='dev.local', user='Administrator') (dev.local::scheduled_job::frappe.utils.global_search.sync_global_search)
2026-03-27 09:00:40,132 home-wahyu260697-document-Erpnext-silverplast-frappe-bench:default: Job OK (dev.local::scheduled_job::frappe.utils.global_search.sync_global_search)
2026-03-27 09:00:40,132 Result is kept for 600 seconds
2026-03-27 09:00:40,152 home-wahyu260697-document-Erpnext-silverplast-frappe-bench:default: frappe.utils.background_jobs.execute_job(event=None, is_async=True, job_name='frappe.core.doctype.scheduled_job_type.scheduled_job_type.run_scheduled_jo..., kwargs={'job_type': 'frappe.email.doctype.newsletter.newsletter.send_scheduled_ema..., method='frappe.core.doctype.scheduled_job_type.scheduled_job_type.run_scheduled_jo..., site='dev.local', user='Administrator') (dev.local::scheduled_job::frappe.email.doctype.newsletter.newsletter.send_scheduled_email)
2026-03-27 09:00:40,982 home-wahyu260697-document-Erpnext-silverplast-frappe-bench:default: Job OK (dev.local::scheduled_job::frappe.email.doctype.newsletter.newsletter.send_scheduled_email)
2026-03-27 09:00:40,983 Result is kept for 600 seconds
2026-03-27 09:00:40,997 home-wahyu260697-document-Erpnext-silverplast-frappe-bench:default: frappe.utils.background_jobs.execute_job(event=None, is_async=True, job_name='frappe.core.doctype.scheduled_job_type.scheduled_job_type.run_scheduled_jo..., kwargs={'job_type': 'frappe.monitor.flush'}, method='frappe.core.doctype.scheduled_job_type.scheduled_job_type.run_scheduled_jo..., site='dev.local', user='Administrator') (dev.local::scheduled_job::frappe.monitor.flush)
2026-03-27 09:00:41,730 home-wahyu260697-document-Erpnext-silverplast-frappe-bench:default: Job OK (dev.local::scheduled_job::frappe.monitor.flush)
2026-03-27 09:00:41,730 Result is kept for 600 seconds
2026-03-27 09:00:41,751 home-wahyu260697-document-Erpnext-silverplast-frappe-bench:default: frappe.utils.background_jobs.execute_job(event=None, is_async=True, job_name='frappe.core.doctype.scheduled_job_type.scheduled_job_type.run_scheduled_jo..., kwargs={'job_type': 'frappe.utils.telemetry.pulse.client.send_queued_events'}, method='frappe.core.doctype.scheduled_job_type.scheduled_job_type.run_scheduled_jo..., site='dev.local', user='Administrator') (dev.local::scheduled_job::frappe.utils.telemetry.pulse.client.send_queued_events)
2026-03-27 09:00:42,828 home-wahyu260697-document-Erpnext-silverplast-frappe-bench:default: Job OK (dev.local::scheduled_job::frappe.utils.telemetry.pulse.client.send_queued_events)
2026-03-27 09:00:42,828 Result is kept for 600 seconds
2026-03-27 09:00:42,848 home-wahyu260697-document-Erpnext-silverplast-frappe-bench:default: frappe.utils.background_jobs.execute_job(event=None, is_async=True, job_name='frappe.core.doctype.scheduled_job_type.scheduled_job_type.run_scheduled_jo..., kwargs={'job_type': 'frappe.search.sqlite_search.build_index_if_not_exists'}, method='frappe.core.doctype.scheduled_job_type.scheduled_job_type.run_scheduled_jo..., site='dev.local', user='Administrator') (dev.local::scheduled_job::frappe.search.sqlite_search.build_index_if_not_exists)
2026-03-27 09:00:45,682 home-wahyu260697-document-Erpnext-silverplast-frappe-bench:default: Job OK (dev.local::scheduled_job::frappe.search.sqlite_search.build_index_if_not_exists)
2026-03-27 09:00:45,683 Result is kept for 600 seconds
2026-03-27 09:00:45,711 home-wahyu260697-document-Erpnext-silverplast-frappe-bench:long: frappe.utils.background_jobs.execute_job(event=None, is_async=True, job_name='frappe.core.doctype.scheduled_job_type.scheduled_job_type.run_scheduled_jo..., kwargs={'job_type': 'frappe.website.doctype.web_page.web_page.check_publish_status..., method='frappe.core.doctype.scheduled_job_type.scheduled_job_type.run_scheduled_jo..., site='dev.local', user='Administrator') (dev.local::scheduled_job::frappe.website.doctype.web_page.web_page.check_publish_status)
2026-03-27 09:00:47,937 home-wahyu260697-document-Erpnext-silverplast-frappe-bench:long: Job OK (dev.local::scheduled_job::frappe.website.doctype.web_page.web_page.check_publish_status)
2026-03-27 09:00:47,937 Result is kept for 600 seconds
2026-03-27 09:00:47,956 home-wahyu260697-document-Erpnext-silverplast-frappe-bench:long: frappe.utils.background_jobs.execute_job(event=None, is_async=True, job_name='frappe.core.doctype.scheduled_job_type.scheduled_job_type.run_scheduled_jo..., kwargs={'job_type': 'frappe.desk.form.document_follow.send_hourly_updates'}, method='frappe.core.doctype.scheduled_job_type.scheduled_job_type.run_scheduled_jo..., site='dev.local', user='Administrator') (dev.local::scheduled_job::frappe.desk.form.document_follow.send_hourly_updates)
2026-03-27 09:00:49,213 home-wahyu260697-document-Erpnext-silverplast-frappe-bench:long: Job OK (dev.local::scheduled_job::frappe.desk.form.document_follow.send_hourly_updates)
2026-03-27 09:00:49,214 Result is kept for 600 seconds
2026-03-27 09:00:49,239 home-wahyu260697-document-Erpnext-silverplast-frappe-bench:long: frappe.utils.background_jobs.execute_job(event=None, is_async=True, job_name='frappe.core.doctype.scheduled_job_type.scheduled_job_type.run_scheduled_jo..., kwargs={'job_type': 'frappe.website.doctype.personal_data_deletion_request.persona..., method='frappe.core.doctype.scheduled_job_type.scheduled_job_type.run_scheduled_jo..., site='dev.local', user='Administrator') (dev.local::scheduled_job::frappe.website.doctype.personal_data_deletion_request.personal_data_deletion_request.process_data_deletion_request)
2026-03-27 09:00:50,492 home-wahyu260697-document-Erpnext-silverplast-frappe-bench:long: Job OK (dev.local::scheduled_job::frappe.website.doctype.personal_data_deletion_request.personal_data_deletion_request.process_data_deletion_request)
2026-03-27 09:00:50,492 Result is kept for 600 seconds
2026-03-27 09:00:50,507 home-wahyu260697-document-Erpnext-silverplast-frappe-bench:long: frappe.utils.background_jobs.execute_job(event=None, is_async=True, job_name='frappe.core.doctype.scheduled_job_type.scheduled_job_type.run_scheduled_jo..., kwargs={'job_type': 'frappe.desk.utils.delete_old_exported_report_files'}, method='frappe.core.doctype.scheduled_job_type.scheduled_job_type.run_scheduled_jo..., site='dev.local', user='Administrator') (dev.local::scheduled_job::frappe.desk.utils.delete_old_exported_report_files)
2026-03-27 09:00:51,585 home-wahyu260697-document-Erpnext-silverplast-frappe-bench:long: Job OK (dev.local::scheduled_job::frappe.desk.utils.delete_old_exported_report_files)
2026-03-27 09:00:51,586 Result is kept for 600 seconds
2026-03-27 09:00:51,602 home-wahyu260697-document-Erpnext-silverplast-frappe-bench:long: frappe.utils.background_jobs.execute_job(event=None, is_async=True, job_name='frappe.core.doctype.scheduled_job_type.scheduled_job_type.run_scheduled_jo..., kwargs={'job_type': 'frappe.desk.page.backups.backups.delete_downloadable_backups'..., method='frappe.core.doctype.scheduled_job_type.scheduled_job_type.run_scheduled_jo..., site='dev.local', user='Administrator') (dev.local::scheduled_job::frappe.desk.page.backups.backups.delete_downloadable_backups)
2026-03-27 09:00:52,871 home-wahyu260697-document-Erpnext-silverplast-frappe-bench:long: Job OK (dev.local::scheduled_job::frappe.desk.page.backups.backups.delete_downloadable_backups)
2026-03-27 09:00:52,871 Result is kept for 600 seconds
2026-03-27 09:00:52,888 home-wahyu260697-document-Erpnext-silverplast-frappe-bench:long: frappe.utils.background_jobs.execute_job(event=None, is_async=True, job_name='frappe.core.doctype.scheduled_job_type.scheduled_job_type.run_scheduled_jo..., kwargs={'job_type': 'frappe.twofactor.delete_all_barcodes_for_users'}, method='frappe.core.doctype.scheduled_job_type.scheduled_job_type.run_scheduled_jo..., site='dev.local', user='Administrator') (dev.local::scheduled_job::frappe.twofactor.delete_all_barcodes_for_users)
2026-03-27 09:00:54,117 home-wahyu260697-document-Erpnext-silverplast-frappe-bench:long: Job OK (dev.local::scheduled_job::frappe.twofactor.delete_all_barcodes_for_users)
2026-03-27 09:00:54,118 Result is kept for 600 seconds
2026-03-27 09:00:54,141 home-wahyu260697-document-Erpnext-silverplast-frappe-bench:long: frappe.utils.background_jobs.execute_job(event=None, is_async=True, job_name='frappe.core.doctype.scheduled_job_type.scheduled_job_type.run_scheduled_jo..., kwargs={'job_type': 'frappe.core.doctype.prepared_report.prepared_report.expire_st..., method='frappe.core.doctype.scheduled_job_type.scheduled_job_type.run_scheduled_jo..., site='dev.local', user='Administrator') (dev.local::scheduled_job::frappe.core.doctype.prepared_report.prepared_report.expire_stalled_report)
2026-03-27 09:00:55,178 home-wahyu260697-document-Erpnext-silverplast-frappe-bench:long: Job OK (dev.local::scheduled_job::frappe.core.doctype.prepared_report.prepared_report.expire_stalled_report)
2026-03-27 09:00:55,179 Result is kept for 600 seconds
2026-03-27 09:00:55,197 home-wahyu260697-document-Erpnext-silverplast-frappe-bench:long: frappe.utils.background_jobs.execute_job(event=None, is_async=True, job_name='frappe.core.doctype.scheduled_job_type.scheduled_job_type.run_scheduled_jo..., kwargs={'job_type': 'frappe.oauth.delete_oauth2_data'}, method='frappe.core.doctype.scheduled_job_type.scheduled_job_type.run_scheduled_jo..., site='dev.local', user='Administrator') (dev.local::scheduled_job::frappe.oauth.delete_oauth2_data)
2026-03-27 09:00:56,271 home-wahyu260697-document-Erpnext-silverplast-frappe-bench:long: Job OK (dev.local::scheduled_job::frappe.oauth.delete_oauth2_data)
2026-03-27 09:00:56,271 Result is kept for 600 seconds
2026-03-27 09:04:40,509 home-wahyu260697-document-Erpnext-silverplast-frappe-bench:default: frappe.utils.background_jobs.execute_job(event=None, is_async=True, job_name='frappe.core.doctype.scheduled_job_type.scheduled_job_type.run_scheduled_jo..., kwargs={'job_type': 'frappe.email.queue.flush'}, method='frappe.core.doctype.scheduled_job_type.scheduled_job_type.run_scheduled_jo..., site='dev.local', user='Administrator') (dev.local::scheduled_job::frappe.email.queue.flush)
2026-03-27 09:04:42,259 home-wahyu260697-document-Erpnext-silverplast-frappe-bench:default: Job OK (dev.local::scheduled_job::frappe.email.queue.flush)
2026-03-27 09:04:42,259 Result is kept for 600 seconds
2026-03-27 09:04:42,277 home-wahyu260697-document-Erpnext-silverplast-frappe-bench:default: frappe.utils.background_jobs.execute_job(event=None, is_async=True, job_name='frappe.core.doctype.scheduled_job_type.scheduled_job_type.run_scheduled_jo..., kwargs={'job_type': 'frappe.email.queue.retry_sending_emails'}, method='frappe.core.doctype.scheduled_job_type.scheduled_job_type.run_scheduled_jo..., site='dev.local', user='Administrator') (dev.local::scheduled_job::frappe.email.queue.retry_sending_emails)
2026-03-27 09:04:43,210 home-wahyu260697-document-Erpnext-silverplast-frappe-bench:default: Job OK (dev.local::scheduled_job::frappe.email.queue.retry_sending_emails)
2026-03-27 09:04:43,210 Result is kept for 600 seconds
2026-03-27 09:04:43,232 home-wahyu260697-document-Erpnext-silverplast-frappe-bench:default: frappe.utils.background_jobs.execute_job(event=None, is_async=True, job_name='frappe.core.doctype.scheduled_job_type.scheduled_job_type.run_scheduled_jo..., kwargs={'job_type': 'frappe.monitor.flush'}, method='frappe.core.doctype.scheduled_job_type.scheduled_job_type.run_scheduled_jo..., site='dev.local', user='Administrator') (dev.local::scheduled_job::frappe.monitor.flush)
2026-03-27 09:04:44,207 home-wahyu260697-document-Erpnext-silverplast-frappe-bench:default: Job OK (dev.local::scheduled_job::frappe.monitor.flush)
2026-03-27 09:04:44,208 Result is kept for 600 seconds
2026-03-27 09:04:44,239 home-wahyu260697-document-Erpnext-silverplast-frappe-bench:default: frappe.utils.background_jobs.execute_job(event=None, is_async=True, job_name='frappe.core.doctype.scheduled_job_type.scheduled_job_type.run_scheduled_jo..., kwargs={'job_type': 'frappe.integrations.doctype.google_calendar.google_calendar.s..., method='frappe.core.doctype.scheduled_job_type.scheduled_job_type.run_scheduled_jo..., site='dev.local', user='Administrator') (dev.local::scheduled_job::frappe.integrations.doctype.google_calendar.google_calendar.sync)
2026-03-27 09:04:45,503 home-wahyu260697-document-Erpnext-silverplast-frappe-bench:default: Job OK (dev.local::scheduled_job::frappe.integrations.doctype.google_calendar.google_calendar.sync)
2026-03-27 09:04:45,517 Result is kept for 600 seconds
2026-03-27 09:08:52,514 home-wahyu260697-document-Erpnext-silverplast-frappe-bench:default: frappe.utils.background_jobs.execute_job(event=None, is_async=True, job_name='frappe.core.doctype.scheduled_job_type.scheduled_job_type.run_scheduled_jo..., kwargs={'job_type': 'frappe.integrations.doctype.google_calendar.google_calendar.s..., method='frappe.core.doctype.scheduled_job_type.scheduled_job_type.run_scheduled_jo..., site='dev.local', user='Administrator') (dev.local::scheduled_job::frappe.integrations.doctype.google_calendar.google_calendar.sync)
2026-03-27 09:08:53,567 home-wahyu260697-document-Erpnext-silverplast-frappe-bench:default: Job OK (dev.local::scheduled_job::frappe.integrations.doctype.google_calendar.google_calendar.sync)
2026-03-27 09:08:53,568 Result is kept for 600 seconds
2026-03-27 09:08:53,583 home-wahyu260697-document-Erpnext-silverplast-frappe-bench:default: frappe.utils.background_jobs.execute_job(event=None, is_async=True, job_name='frappe.core.doctype.scheduled_job_type.scheduled_job_type.run_scheduled_jo..., kwargs={'job_type': 'frappe.email.queue.retry_sending_emails'}, method='frappe.core.doctype.scheduled_job_type.scheduled_job_type.run_scheduled_jo..., site='dev.local', user='Administrator') (dev.local::scheduled_job::frappe.email.queue.retry_sending_emails)
2026-03-27 09:08:54,241 home-wahyu260697-document-Erpnext-silverplast-frappe-bench:default: Job OK (dev.local::scheduled_job::frappe.email.queue.retry_sending_emails)
2026-03-27 09:08:54,241 Result is kept for 600 seconds
2026-03-27 09:08:54,254 home-wahyu260697-document-Erpnext-silverplast-frappe-bench:default: frappe.utils.background_jobs.execute_job(event=None, is_async=True, job_name='frappe.core.doctype.scheduled_job_type.scheduled_job_type.run_scheduled_jo..., kwargs={'job_type': 'frappe.email.queue.flush'}, method='frappe.core.doctype.scheduled_job_type.scheduled_job_type.run_scheduled_jo..., site='dev.local', user='Administrator') (dev.local::scheduled_job::frappe.email.queue.flush)
2026-03-27 09:08:55,265 home-wahyu260697-document-Erpnext-silverplast-frappe-bench:default: Job OK (dev.local::scheduled_job::frappe.email.queue.flush)
2026-03-27 09:08:55,265 Result is kept for 600 seconds
2026-03-27 09:08:55,301 home-wahyu260697-document-Erpnext-silverplast-frappe-bench:default: frappe.utils.background_jobs.execute_job(event=None, is_async=True, job_name='frappe.core.doctype.scheduled_job_type.scheduled_job_type.run_scheduled_jo..., kwargs={'job_type': 'frappe.monitor.flush'}, method='frappe.core.doctype.scheduled_job_type.scheduled_job_type.run_scheduled_jo..., site='dev.local', user='Administrator') (dev.local::scheduled_job::frappe.monitor.flush)
2026-03-27 09:08:56,153 home-wahyu260697-document-Erpnext-silverplast-frappe-bench:default: Job OK (dev.local::scheduled_job::frappe.monitor.flush)
2026-03-27 09:08:56,153 Result is kept for 600 seconds
2026-03-27 09:10:58,528 home-wahyu260697-document-Erpnext-silverplast-frappe-bench:default: frappe.utils.background_jobs.execute_job(event=None, is_async=True, job_name='frappe.core.doctype.scheduled_job_type.scheduled_job_type.run_scheduled_jo..., kwargs={'job_type': 'frappe.email.doctype.email_account.email_account.pull'}, method='frappe.core.doctype.scheduled_job_type.scheduled_job_type.run_scheduled_jo..., site='dev.local', user='Administrator') (dev.local::scheduled_job::frappe.email.doctype.email_account.email_account.pull)
2026-03-27 09:10:59,571 home-wahyu260697-document-Erpnext-silverplast-frappe-bench:default: Job OK (dev.local::scheduled_job::frappe.email.doctype.email_account.email_account.pull)
2026-03-27 09:10:59,571 Result is kept for 600 seconds
2026-03-27 09:10:59,586 Cleaning registries for queue: home-wahyu260697-document-Erpnext-silverplast-frappe-bench:short
2026-03-27 09:10:59,595 Cleaning registries for queue: home-wahyu260697-document-Erpnext-silverplast-frappe-bench:default
2026-03-27 09:10:59,602 Cleaning registries for queue: home-wahyu260697-document-Erpnext-silverplast-frappe-bench:long
2026-03-27 09:12:01,236 home-wahyu260697-document-Erpnext-silverplast-frappe-bench:default: frappe.utils.background_jobs.execute_job(event=None, is_async=True, job_name='frappe.core.doctype.scheduled_job_type.scheduled_job_type.run_scheduled_jo..., kwargs={'job_type': 'frappe.email.queue.retry_sending_emails'}, method='frappe.core.doctype.scheduled_job_type.scheduled_job_type.run_scheduled_jo..., site='dev.local', user='Administrator') (dev.local::scheduled_job::frappe.email.queue.retry_sending_emails)
2026-03-27 09:12:02,230 home-wahyu260697-document-Erpnext-silverplast-frappe-bench:default: Job OK (dev.local::scheduled_job::frappe.email.queue.retry_sending_emails)
2026-03-27 09:12:02,230 Result is kept for 600 seconds
2026-03-27 09:12:02,249 home-wahyu260697-document-Erpnext-silverplast-frappe-bench:default: frappe.utils.background_jobs.execute_job(event=None, is_async=True, job_name='frappe.core.doctype.scheduled_job_type.scheduled_job_type.run_scheduled_jo..., kwargs={'job_type': 'frappe.monitor.flush'}, method='frappe.core.doctype.scheduled_job_type.scheduled_job_type.run_scheduled_jo..., site='dev.local', user='Administrator') (dev.local::scheduled_job::frappe.monitor.flush)
2026-03-27 09:12:02,818 home-wahyu260697-document-Erpnext-silverplast-frappe-bench:default: Job OK (dev.local::scheduled_job::frappe.monitor.flush)
2026-03-27 09:12:02,818 Result is kept for 600 seconds
2026-03-27 09:12:02,833 home-wahyu260697-document-Erpnext-silverplast-frappe-bench:default: frappe.utils.background_jobs.execute_job(event=None, is_async=True, job_name='frappe.core.doctype.scheduled_job_type.scheduled_job_type.run_scheduled_jo..., kwargs={'job_type': 'frappe.integrations.doctype.google_calendar.google_calendar.s..., method='frappe.core.doctype.scheduled_job_type.scheduled_job_type.run_scheduled_jo..., site='dev.local', user='Administrator') (dev.local::scheduled_job::frappe.integrations.doctype.google_calendar.google_calendar.sync)
2026-03-27 09:12:03,812 home-wahyu260697-document-Erpnext-silverplast-frappe-bench:default: Job OK (dev.local::scheduled_job::frappe.integrations.doctype.google_calendar.google_calendar.sync)
2026-03-27 09:12:03,812 Result is kept for 600 seconds
2026-03-27 09:12:03,827 home-wahyu260697-document-Erpnext-silverplast-frappe-bench:default: frappe.utils.background_jobs.execute_job(event=None, is_async=True, job_name='frappe.core.doctype.scheduled_job_type.scheduled_job_type.run_scheduled_jo..., kwargs={'job_type': 'frappe.email.queue.flush'}, method='frappe.core.doctype.scheduled_job_type.scheduled_job_type.run_scheduled_jo..., site='dev.local', user='Administrator') (dev.local::scheduled_job::frappe.email.queue.flush)
2026-03-27 09:12:04,835 home-wahyu260697-document-Erpnext-silverplast-frappe-bench:default: Job OK (dev.local::scheduled_job::frappe.email.queue.flush)
2026-03-27 09:12:04,835 Result is kept for 600 seconds
2026-03-27 09:15:10,203 home-wahyu260697-document-Erpnext-silverplast-frappe-bench:default: frappe.utils.background_jobs.execute_job(event=None, is_async=True, job_name='frappe.core.doctype.scheduled_job_type.scheduled_job_type.run_scheduled_jo..., kwargs={'job_type': 'frappe.utils.global_search.sync_global_search'}, method='frappe.core.doctype.scheduled_job_type.scheduled_job_type.run_scheduled_jo..., site='dev.local', user='Administrator') (dev.local::scheduled_job::frappe.utils.global_search.sync_global_search)
2026-03-27 09:15:11,155 home-wahyu260697-document-Erpnext-silverplast-frappe-bench:default: Job OK (dev.local::scheduled_job::frappe.utils.global_search.sync_global_search)
2026-03-27 09:15:11,156 Result is kept for 600 seconds
2026-03-27 09:15:11,175 home-wahyu260697-document-Erpnext-silverplast-frappe-bench:default: frappe.utils.background_jobs.execute_job(event=None, is_async=True, job_name='frappe.core.doctype.scheduled_job_type.scheduled_job_type.run_scheduled_jo..., kwargs={'job_type': 'frappe.search.sqlite_search.build_index_if_not_exists'}, method='frappe.core.doctype.scheduled_job_type.scheduled_job_type.run_scheduled_jo..., site='dev.local', user='Administrator') (dev.local::scheduled_job::frappe.search.sqlite_search.build_index_if_not_exists)
2026-03-27 09:15:11,935 home-wahyu260697-document-Erpnext-silverplast-frappe-bench:default: Job OK (dev.local::scheduled_job::frappe.search.sqlite_search.build_index_if_not_exists)
2026-03-27 09:15:11,935 Result is kept for 600 seconds
2026-03-27 09:15:11,952 home-wahyu260697-document-Erpnext-silverplast-frappe-bench:default: frappe.utils.background_jobs.execute_job(event=None, is_async=True, job_name='frappe.core.doctype.scheduled_job_type.scheduled_job_type.run_scheduled_jo..., kwargs={'job_type': 'frappe.deferred_insert.save_to_db'}, method='frappe.core.doctype.scheduled_job_type.scheduled_job_type.run_scheduled_jo..., site='dev.local', user='Administrator') (dev.local::scheduled_job::frappe.deferred_insert.save_to_db)
2026-03-27 09:15:12,657 home-wahyu260697-document-Erpnext-silverplast-frappe-bench:default: Job OK (dev.local::scheduled_job::frappe.deferred_insert.save_to_db)
2026-03-27 09:15:12,658 Result is kept for 600 seconds
2026-03-27 09:15:12,671 home-wahyu260697-document-Erpnext-silverplast-frappe-bench:default: frappe.utils.background_jobs.execute_job(event=None, is_async=True, job_name='frappe.core.doctype.scheduled_job_type.scheduled_job_type.run_scheduled_jo..., kwargs={'job_type': 'frappe.model.utils.link_count.update_link_count'}, method='frappe.core.doctype.scheduled_job_type.scheduled_job_type.run_scheduled_jo..., site='dev.local', user='Administrator') (dev.local::scheduled_job::frappe.model.utils.link_count.update_link_count)
2026-03-27 09:15:13,368 home-wahyu260697-document-Erpnext-silverplast-frappe-bench:default: Job OK (dev.local::scheduled_job::frappe.model.utils.link_count.update_link_count)
2026-03-27 09:15:13,368 Result is kept for 600 seconds
2026-03-27 09:15:13,389 home-wahyu260697-document-Erpnext-silverplast-frappe-bench:default: frappe.utils.background_jobs.execute_job(event=None, is_async=True, job_name='frappe.core.doctype.scheduled_job_type.scheduled_job_type.run_scheduled_jo..., kwargs={'job_type': 'frappe.email.doctype.email_account.email_account.notify_unrep..., method='frappe.core.doctype.scheduled_job_type.scheduled_job_type.run_scheduled_jo..., site='dev.local', user='Administrator') (dev.local::scheduled_job::frappe.email.doctype.email_account.email_account.notify_unreplied)
2026-03-27 09:15:14,261 home-wahyu260697-document-Erpnext-silverplast-frappe-bench:default: Job OK (dev.local::scheduled_job::frappe.email.doctype.email_account.email_account.notify_unreplied)
2026-03-27 09:15:14,261 Result is kept for 600 seconds
2026-03-27 09:15:14,280 home-wahyu260697-document-Erpnext-silverplast-frappe-bench:default: frappe.utils.background_jobs.execute_job(event=None, is_async=True, job_name='frappe.core.doctype.scheduled_job_type.scheduled_job_type.run_scheduled_jo..., kwargs={'job_type': 'frappe.utils.telemetry.pulse.client.send_queued_events'}, method='frappe.core.doctype.scheduled_job_type.scheduled_job_type.run_scheduled_jo..., site='dev.local', user='Administrator') (dev.local::scheduled_job::frappe.utils.telemetry.pulse.client.send_queued_events)
2026-03-27 09:15:15,035 home-wahyu260697-document-Erpnext-silverplast-frappe-bench:default: Job OK (dev.local::scheduled_job::frappe.utils.telemetry.pulse.client.send_queued_events)
2026-03-27 09:15:15,036 Result is kept for 600 seconds
2026-03-27 09:15:15,070 home-wahyu260697-document-Erpnext-silverplast-frappe-bench:default: frappe.utils.background_jobs.execute_job(event=None, is_async=True, job_name='frappe.core.doctype.scheduled_job_type.scheduled_job_type.run_scheduled_jo..., kwargs={'job_type': 'frappe.automation.doctype.reminder.reminder.send_reminders'}, method='frappe.core.doctype.scheduled_job_type.scheduled_job_type.run_scheduled_jo..., site='dev.local', user='Administrator') (dev.local::scheduled_job::frappe.automation.doctype.reminder.reminder.send_reminders)
2026-03-27 09:15:16,023 home-wahyu260697-document-Erpnext-silverplast-frappe-bench:default: Job OK (dev.local::scheduled_job::frappe.automation.doctype.reminder.reminder.send_reminders)
2026-03-27 09:15:16,024 Result is kept for 600 seconds
2026-03-27 09:16:13,184 home-wahyu260697-document-Erpnext-silverplast-frappe-bench:default: frappe.utils.background_jobs.execute_job(event=None, is_async=True, job_name='frappe.core.doctype.scheduled_job_type.scheduled_job_type.run_scheduled_jo..., kwargs={'job_type': 'frappe.integrations.doctype.google_calendar.google_calendar.s..., method='frappe.core.doctype.scheduled_job_type.scheduled_job_type.run_scheduled_jo..., site='dev.local', user='Administrator') (dev.local::scheduled_job::frappe.integrations.doctype.google_calendar.google_calendar.sync)
2026-03-27 09:16:14,049 home-wahyu260697-document-Erpnext-silverplast-frappe-bench:default: Job OK (dev.local::scheduled_job::frappe.integrations.doctype.google_calendar.google_calendar.sync)
2026-03-27 09:16:14,049 Result is kept for 600 seconds
2026-03-27 09:16:14,067 home-wahyu260697-document-Erpnext-silverplast-frappe-bench:default: frappe.utils.background_jobs.execute_job(event=None, is_async=True, job_name='frappe.core.doctype.scheduled_job_type.scheduled_job_type.run_scheduled_jo..., kwargs={'job_type': 'frappe.email.queue.flush'}, method='frappe.core.doctype.scheduled_job_type.scheduled_job_type.run_scheduled_jo..., site='dev.local', user='Administrator') (dev.local::scheduled_job::frappe.email.queue.flush)
2026-03-27 09:16:15,070 home-wahyu260697-document-Erpnext-silverplast-frappe-bench:default: Job OK (dev.local::scheduled_job::frappe.email.queue.flush)
2026-03-27 09:16:15,071 Result is kept for 600 seconds
2026-03-27 09:16:15,091 home-wahyu260697-document-Erpnext-silverplast-frappe-bench:default: frappe.utils.background_jobs.execute_job(event=None, is_async=True, job_name='frappe.core.doctype.scheduled_job_type.scheduled_job_type.run_scheduled_jo..., kwargs={'job_type': 'frappe.email.queue.retry_sending_emails'}, method='frappe.core.doctype.scheduled_job_type.scheduled_job_type.run_scheduled_jo..., site='dev.local', user='Administrator') (dev.local::scheduled_job::frappe.email.queue.retry_sending_emails)
2026-03-27 09:16:15,697 home-wahyu260697-document-Erpnext-silverplast-frappe-bench:default: Job OK (dev.local::scheduled_job::frappe.email.queue.retry_sending_emails)
2026-03-27 09:16:15,697 Result is kept for 600 seconds
2026-03-27 09:16:15,715 home-wahyu260697-document-Erpnext-silverplast-frappe-bench:default: frappe.utils.background_jobs.execute_job(event=None, is_async=True, job_name='frappe.core.doctype.scheduled_job_type.scheduled_job_type.run_scheduled_jo..., kwargs={'job_type': 'frappe.monitor.flush'}, method='frappe.core.doctype.scheduled_job_type.scheduled_job_type.run_scheduled_jo..., site='dev.local', user='Administrator') (dev.local::scheduled_job::frappe.monitor.flush)
2026-03-27 09:16:16,380 home-wahyu260697-document-Erpnext-silverplast-frappe-bench:default: Job OK (dev.local::scheduled_job::frappe.monitor.flush)
2026-03-27 09:16:16,380 Result is kept for 600 seconds
2026-03-27 09:27:19,066 Cleaning registries for queue: home-wahyu260697-document-Erpnext-silverplast-frappe-bench:short
2026-03-27 09:27:19,086 Cleaning registries for queue: home-wahyu260697-document-Erpnext-silverplast-frappe-bench:default
2026-03-27 09:27:19,093 Cleaning registries for queue: home-wahyu260697-document-Erpnext-silverplast-frappe-bench:long
2026-03-27 09:27:21,211 home-wahyu260697-document-Erpnext-silverplast-frappe-bench:default: frappe.utils.background_jobs.execute_job(event=None, is_async=True, job_name='frappe.core.doctype.scheduled_job_type.scheduled_job_type.run_scheduled_jo..., kwargs={'job_type': 'frappe.email.queue.flush'}, method='frappe.core.doctype.scheduled_job_type.scheduled_job_type.run_scheduled_jo..., site='dev.local', user='Administrator') (dev.local::scheduled_job::frappe.email.queue.flush)
2026-03-27 09:27:27,178 home-wahyu260697-document-Erpnext-silverplast-frappe-bench:default: Job OK (dev.local::scheduled_job::frappe.email.queue.flush)
2026-03-27 09:27:27,178 Result is kept for 600 seconds
2026-03-27 09:27:27,213 home-wahyu260697-document-Erpnext-silverplast-frappe-bench:default: frappe.utils.background_jobs.execute_job(event=None, is_async=True, job_name='frappe.core.doctype.scheduled_job_type.scheduled_job_type.run_scheduled_jo..., kwargs={'job_type': 'frappe.integrations.doctype.google_calendar.google_calendar.s..., method='frappe.core.doctype.scheduled_job_type.scheduled_job_type.run_scheduled_jo..., site='dev.local', user='Administrator') (dev.local::scheduled_job::frappe.integrations.doctype.google_calendar.google_calendar.sync)
2026-03-27 09:27:31,260 home-wahyu260697-document-Erpnext-silverplast-frappe-bench:default: Job OK (dev.local::scheduled_job::frappe.integrations.doctype.google_calendar.google_calendar.sync)
2026-03-27 09:27:31,265 Result is kept for 600 seconds
2026-03-27 09:27:31,299 home-wahyu260697-document-Erpnext-silverplast-frappe-bench:default: frappe.utils.background_jobs.execute_job(event=None, is_async=True, job_name='frappe.core.doctype.scheduled_job_type.scheduled_job_type.run_scheduled_jo..., kwargs={'job_type': 'frappe.email.queue.retry_sending_emails'}, method='frappe.core.doctype.scheduled_job_type.scheduled_job_type.run_scheduled_jo..., site='dev.local', user='Administrator') (dev.local::scheduled_job::frappe.email.queue.retry_sending_emails)
2026-03-27 09:27:34,904 home-wahyu260697-document-Erpnext-silverplast-frappe-bench:default: Job OK (dev.local::scheduled_job::frappe.email.queue.retry_sending_emails)
2026-03-27 09:27:34,910 Result is kept for 600 seconds
2026-03-27 09:27:34,956 home-wahyu260697-document-Erpnext-silverplast-frappe-bench:default: frappe.utils.background_jobs.execute_job(event=None, is_async=True, job_name='frappe.core.doctype.scheduled_job_type.scheduled_job_type.run_scheduled_jo..., kwargs={'job_type': 'frappe.monitor.flush'}, method='frappe.core.doctype.scheduled_job_type.scheduled_job_type.run_scheduled_jo..., site='dev.local', user='Administrator') (dev.local::scheduled_job::frappe.monitor.flush)
2026-03-27 09:27:37,288 home-wahyu260697-document-Erpnext-silverplast-frappe-bench:default: Job OK (dev.local::scheduled_job::frappe.monitor.flush)
2026-03-27 09:27:37,288 Result is kept for 600 seconds
2026-03-27 09:27:37,314 home-wahyu260697-document-Erpnext-silverplast-frappe-bench:default: frappe.utils.background_jobs.execute_job(event=None, is_async=True, job_name='frappe.core.doctype.scheduled_job_type.scheduled_job_type.run_scheduled_jo..., kwargs={'job_type': 'frappe.email.doctype.email_account.email_account.pull'}, method='frappe.core.doctype.scheduled_job_type.scheduled_job_type.run_scheduled_jo..., site='dev.local', user='Administrator') (dev.local::scheduled_job::frappe.email.doctype.email_account.email_account.pull)
2026-03-27 09:27:40,210 home-wahyu260697-document-Erpnext-silverplast-frappe-bench:default: Job OK (dev.local::scheduled_job::frappe.email.doctype.email_account.email_account.pull)
2026-03-27 09:27:40,215 Result is kept for 600 seconds
2026-03-27 09:28:24,763 home-wahyu260697-document-Erpnext-silverplast-frappe-bench:default: frappe.utils.background_jobs.execute_job(event=None, is_async=True, job_name='frappe.core.doctype.scheduled_job_type.scheduled_job_type.run_scheduled_jo..., kwargs={'job_type': 'frappe.email.queue.flush'}, method='frappe.core.doctype.scheduled_job_type.scheduled_job_type.run_scheduled_jo..., site='dev.local', user='Administrator') (dev.local::scheduled_job::frappe.email.queue.flush)
2026-03-27 09:28:25,269 home-wahyu260697-document-Erpnext-silverplast-frappe-bench:default: Job OK (dev.local::scheduled_job::frappe.email.queue.flush)
2026-03-27 09:28:25,269 Result is kept for 600 seconds
2026-03-27 09:28:25,279 home-wahyu260697-document-Erpnext-silverplast-frappe-bench:default: frappe.utils.background_jobs.execute_job(event=None, is_async=True, job_name='frappe.core.doctype.scheduled_job_type.scheduled_job_type.run_scheduled_jo..., kwargs={'job_type': 'frappe.monitor.flush'}, method='frappe.core.doctype.scheduled_job_type.scheduled_job_type.run_scheduled_jo..., site='dev.local', user='Administrator') (dev.local::scheduled_job::frappe.monitor.flush)
2026-03-27 09:28:25,613 home-wahyu260697-document-Erpnext-silverplast-frappe-bench:default: Job OK (dev.local::scheduled_job::frappe.monitor.flush)
2026-03-27 09:28:25,613 Result is kept for 600 seconds
2026-03-27 09:28:25,621 home-wahyu260697-document-Erpnext-silverplast-frappe-bench:default: frappe.utils.background_jobs.execute_job(event=None, is_async=True, job_name='frappe.core.doctype.scheduled_job_type.scheduled_job_type.run_scheduled_jo..., kwargs={'job_type': 'frappe.email.queue.retry_sending_emails'}, method='frappe.core.doctype.scheduled_job_type.scheduled_job_type.run_scheduled_jo..., site='dev.local', user='Administrator') (dev.local::scheduled_job::frappe.email.queue.retry_sending_emails)
2026-03-27 09:28:25,961 home-wahyu260697-document-Erpnext-silverplast-frappe-bench:default: Job OK (dev.local::scheduled_job::frappe.email.queue.retry_sending_emails)
2026-03-27 09:28:25,961 Result is kept for 600 seconds
2026-03-27 09:28:25,975 home-wahyu260697-document-Erpnext-silverplast-frappe-bench:default: frappe.utils.background_jobs.execute_job(event=None, is_async=True, job_name='frappe.core.doctype.scheduled_job_type.scheduled_job_type.run_scheduled_jo..., kwargs={'job_type': 'frappe.integrations.doctype.google_calendar.google_calendar.s..., method='frappe.core.doctype.scheduled_job_type.scheduled_job_type.run_scheduled_jo..., site='dev.local', user='Administrator') (dev.local::scheduled_job::frappe.integrations.doctype.google_calendar.google_calendar.sync)
2026-03-27 09:28:26,649 home-wahyu260697-document-Erpnext-silverplast-frappe-bench:default: Job OK (dev.local::scheduled_job::frappe.integrations.doctype.google_calendar.google_calendar.sync)
2026-03-27 09:28:26,650 Result is kept for 600 seconds
2026-03-27 09:30:32,381 home-wahyu260697-document-Erpnext-silverplast-frappe-bench:default: frappe.utils.background_jobs.execute_job(event=None, is_async=True, job_name='frappe.core.doctype.scheduled_job_type.scheduled_job_type.run_scheduled_jo..., kwargs={'job_type': 'frappe.model.utils.link_count.update_link_count'}, method='frappe.core.doctype.scheduled_job_type.scheduled_job_type.run_scheduled_jo..., site='dev.local', user='Administrator') (dev.local::scheduled_job::frappe.model.utils.link_count.update_link_count)
2026-03-27 09:30:33,316 home-wahyu260697-document-Erpnext-silverplast-frappe-bench:default: Job OK (dev.local::scheduled_job::frappe.model.utils.link_count.update_link_count)
2026-03-27 09:30:33,317 Result is kept for 600 seconds
2026-03-27 09:30:33,342 home-wahyu260697-document-Erpnext-silverplast-frappe-bench:default: frappe.utils.background_jobs.execute_job(event=None, is_async=True, job_name='frappe.core.doctype.scheduled_job_type.scheduled_job_type.run_scheduled_jo..., kwargs={'job_type': 'frappe.deferred_insert.save_to_db'}, method='frappe.core.doctype.scheduled_job_type.scheduled_job_type.run_scheduled_jo..., site='dev.local', user='Administrator') (dev.local::scheduled_job::frappe.deferred_insert.save_to_db)
2026-03-27 09:30:33,953 home-wahyu260697-document-Erpnext-silverplast-frappe-bench:default: Job OK (dev.local::scheduled_job::frappe.deferred_insert.save_to_db)
2026-03-27 09:30:33,953 Result is kept for 600 seconds
2026-03-27 09:30:33,964 home-wahyu260697-document-Erpnext-silverplast-frappe-bench:default: frappe.utils.background_jobs.execute_job(event=None, is_async=True, job_name='frappe.core.doctype.scheduled_job_type.scheduled_job_type.run_scheduled_jo..., kwargs={'job_type': 'frappe.utils.telemetry.pulse.client.send_queued_events'}, method='frappe.core.doctype.scheduled_job_type.scheduled_job_type.run_scheduled_jo..., site='dev.local', user='Administrator') (dev.local::scheduled_job::frappe.utils.telemetry.pulse.client.send_queued_events)
2026-03-27 09:30:34,649 home-wahyu260697-document-Erpnext-silverplast-frappe-bench:default: Job OK (dev.local::scheduled_job::frappe.utils.telemetry.pulse.client.send_queued_events)
2026-03-27 09:30:34,650 Result is kept for 600 seconds
2026-03-27 09:30:34,662 home-wahyu260697-document-Erpnext-silverplast-frappe-bench:default: frappe.utils.background_jobs.execute_job(event=None, is_async=True, job_name='frappe.core.doctype.scheduled_job_type.scheduled_job_type.run_scheduled_jo..., kwargs={'job_type': 'frappe.search.sqlite_search.build_index_if_not_exists'}, method='frappe.core.doctype.scheduled_job_type.scheduled_job_type.run_scheduled_jo..., site='dev.local', user='Administrator') (dev.local::scheduled_job::frappe.search.sqlite_search.build_index_if_not_exists)
2026-03-27 09:30:35,309 home-wahyu260697-document-Erpnext-silverplast-frappe-bench:default: Job OK (dev.local::scheduled_job::frappe.search.sqlite_search.build_index_if_not_exists)
2026-03-27 09:30:35,309 Result is kept for 600 seconds
2026-03-27 09:30:35,330 home-wahyu260697-document-Erpnext-silverplast-frappe-bench:default: frappe.utils.background_jobs.execute_job(event=None, is_async=True, job_name='frappe.core.doctype.scheduled_job_type.scheduled_job_type.run_scheduled_jo..., kwargs={'job_type': 'frappe.automation.doctype.reminder.reminder.send_reminders'}, method='frappe.core.doctype.scheduled_job_type.scheduled_job_type.run_scheduled_jo..., site='dev.local', user='Administrator') (dev.local::scheduled_job::frappe.automation.doctype.reminder.reminder.send_reminders)
2026-03-27 09:30:36,747 home-wahyu260697-document-Erpnext-silverplast-frappe-bench:default: Job OK (dev.local::scheduled_job::frappe.automation.doctype.reminder.reminder.send_reminders)
2026-03-27 09:30:36,748 Result is kept for 600 seconds
2026-03-27 09:30:36,765 home-wahyu260697-document-Erpnext-silverplast-frappe-bench:default: frappe.utils.background_jobs.execute_job(event=None, is_async=True, job_name='frappe.core.doctype.scheduled_job_type.scheduled_job_type.run_scheduled_jo..., kwargs={'job_type': 'frappe.utils.global_search.sync_global_search'}, method='frappe.core.doctype.scheduled_job_type.scheduled_job_type.run_scheduled_jo..., site='dev.local', user='Administrator') (dev.local::scheduled_job::frappe.utils.global_search.sync_global_search)
2026-03-27 09:30:37,560 home-wahyu260697-document-Erpnext-silverplast-frappe-bench:default: Job OK (dev.local::scheduled_job::frappe.utils.global_search.sync_global_search)
2026-03-27 09:30:37,560 Result is kept for 600 seconds
2026-03-27 09:30:37,570 home-wahyu260697-document-Erpnext-silverplast-frappe-bench:default: frappe.utils.background_jobs.execute_job(event=None, is_async=True, job_name='frappe.core.doctype.scheduled_job_type.scheduled_job_type.run_scheduled_jo..., kwargs={'job_type': 'frappe.email.doctype.email_account.email_account.pull'}, method='frappe.core.doctype.scheduled_job_type.scheduled_job_type.run_scheduled_jo..., site='dev.local', user='Administrator') (dev.local::scheduled_job::frappe.email.doctype.email_account.email_account.pull)
2026-03-27 09:30:38,180 home-wahyu260697-document-Erpnext-silverplast-frappe-bench:default: Job OK (dev.local::scheduled_job::frappe.email.doctype.email_account.email_account.pull)
2026-03-27 09:30:38,181 Result is kept for 600 seconds
2026-03-27 09:30:38,198 home-wahyu260697-document-Erpnext-silverplast-frappe-bench:default: frappe.utils.background_jobs.execute_job(event=None, is_async=True, job_name='frappe.core.doctype.scheduled_job_type.scheduled_job_type.run_scheduled_jo..., kwargs={'job_type': 'frappe.email.doctype.email_account.email_account.notify_unrep..., method='frappe.core.doctype.scheduled_job_type.scheduled_job_type.run_scheduled_jo..., site='dev.local', user='Administrator') (dev.local::scheduled_job::frappe.email.doctype.email_account.email_account.notify_unreplied)
2026-03-27 09:30:38,896 home-wahyu260697-document-Erpnext-silverplast-frappe-bench:default: Job OK (dev.local::scheduled_job::frappe.email.doctype.email_account.email_account.notify_unreplied)
2026-03-27 09:30:38,897 Result is kept for 600 seconds
2026-03-27 09:32:39,621 home-wahyu260697-document-Erpnext-silverplast-frappe-bench:default: frappe.utils.background_jobs.execute_job(event=None, is_async=True, job_name='frappe.core.doctype.scheduled_job_type.scheduled_job_type.run_scheduled_jo..., kwargs={'job_type': 'frappe.email.queue.flush'}, method='frappe.core.doctype.scheduled_job_type.scheduled_job_type.run_scheduled_jo..., site='dev.local', user='Administrator') (dev.local::scheduled_job::frappe.email.queue.flush)
2026-03-27 09:32:40,149 home-wahyu260697-document-Erpnext-silverplast-frappe-bench:default: Job OK (dev.local::scheduled_job::frappe.email.queue.flush)
2026-03-27 09:32:40,149 Result is kept for 600 seconds
2026-03-27 09:32:40,160 home-wahyu260697-document-Erpnext-silverplast-frappe-bench:default: frappe.utils.background_jobs.execute_job(event=None, is_async=True, job_name='frappe.core.doctype.scheduled_job_type.scheduled_job_type.run_scheduled_jo..., kwargs={'job_type': 'frappe.monitor.flush'}, method='frappe.core.doctype.scheduled_job_type.scheduled_job_type.run_scheduled_jo..., site='dev.local', user='Administrator') (dev.local::scheduled_job::frappe.monitor.flush)
2026-03-27 09:32:40,559 home-wahyu260697-document-Erpnext-silverplast-frappe-bench:default: Job OK (dev.local::scheduled_job::frappe.monitor.flush)
2026-03-27 09:32:40,560 Result is kept for 600 seconds
2026-03-27 09:32:40,568 home-wahyu260697-document-Erpnext-silverplast-frappe-bench:default: frappe.utils.background_jobs.execute_job(event=None, is_async=True, job_name='frappe.core.doctype.scheduled_job_type.scheduled_job_type.run_scheduled_jo..., kwargs={'job_type': 'frappe.email.queue.retry_sending_emails'}, method='frappe.core.doctype.scheduled_job_type.scheduled_job_type.run_scheduled_jo..., site='dev.local', user='Administrator') (dev.local::scheduled_job::frappe.email.queue.retry_sending_emails)
2026-03-27 09:32:40,919 home-wahyu260697-document-Erpnext-silverplast-frappe-bench:default: Job OK (dev.local::scheduled_job::frappe.email.queue.retry_sending_emails)
2026-03-27 09:32:40,919 Result is kept for 600 seconds
2026-03-27 09:32:40,929 home-wahyu260697-document-Erpnext-silverplast-frappe-bench:default: frappe.utils.background_jobs.execute_job(event=None, is_async=True, job_name='frappe.core.doctype.scheduled_job_type.scheduled_job_type.run_scheduled_jo..., kwargs={'job_type': 'frappe.integrations.doctype.google_calendar.google_calendar.s..., method='frappe.core.doctype.scheduled_job_type.scheduled_job_type.run_scheduled_jo..., site='dev.local', user='Administrator') (dev.local::scheduled_job::frappe.integrations.doctype.google_calendar.google_calendar.sync)
2026-03-27 09:32:41,530 home-wahyu260697-document-Erpnext-silverplast-frappe-bench:default: Job OK (dev.local::scheduled_job::frappe.integrations.doctype.google_calendar.google_calendar.sync)
2026-03-27 09:32:41,530 Result is kept for 600 seconds
2026-03-27 09:36:53,729 home-wahyu260697-document-Erpnext-silverplast-frappe-bench:default: frappe.utils.background_jobs.execute_job(event=None, is_async=True, job_name='frappe.core.doctype.scheduled_job_type.scheduled_job_type.run_scheduled_jo..., kwargs={'job_type': 'frappe.email.queue.retry_sending_emails'}, method='frappe.core.doctype.scheduled_job_type.scheduled_job_type.run_scheduled_jo..., site='dev.local', user='Administrator') (dev.local::scheduled_job::frappe.email.queue.retry_sending_emails)
2026-03-27 09:36:54,197 home-wahyu260697-document-Erpnext-silverplast-frappe-bench:default: Job OK (dev.local::scheduled_job::frappe.email.queue.retry_sending_emails)
2026-03-27 09:36:54,201 Result is kept for 600 seconds
2026-03-27 09:36:54,211 home-wahyu260697-document-Erpnext-silverplast-frappe-bench:default: frappe.utils.background_jobs.execute_job(event=None, is_async=True, job_name='frappe.core.doctype.scheduled_job_type.scheduled_job_type.run_scheduled_jo..., kwargs={'job_type': 'frappe.email.queue.flush'}, method='frappe.core.doctype.scheduled_job_type.scheduled_job_type.run_scheduled_jo..., site='dev.local', user='Administrator') (dev.local::scheduled_job::frappe.email.queue.flush)
2026-03-27 09:36:54,810 home-wahyu260697-document-Erpnext-silverplast-frappe-bench:default: Job OK (dev.local::scheduled_job::frappe.email.queue.flush)
2026-03-27 09:36:54,810 Result is kept for 600 seconds
2026-03-27 09:36:54,820 home-wahyu260697-document-Erpnext-silverplast-frappe-bench:default: frappe.utils.background_jobs.execute_job(event=None, is_async=True, job_name='frappe.core.doctype.scheduled_job_type.scheduled_job_type.run_scheduled_jo..., kwargs={'job_type': 'frappe.monitor.flush'}, method='frappe.core.doctype.scheduled_job_type.scheduled_job_type.run_scheduled_jo..., site='dev.local', user='Administrator') (dev.local::scheduled_job::frappe.monitor.flush)
2026-03-27 09:36:55,224 home-wahyu260697-document-Erpnext-silverplast-frappe-bench:default: Job OK (dev.local::scheduled_job::frappe.monitor.flush)
2026-03-27 09:36:55,225 Result is kept for 600 seconds
2026-03-27 09:36:55,235 home-wahyu260697-document-Erpnext-silverplast-frappe-bench:default: frappe.utils.background_jobs.execute_job(event=None, is_async=True, job_name='frappe.core.doctype.scheduled_job_type.scheduled_job_type.run_scheduled_jo..., kwargs={'job_type': 'frappe.integrations.doctype.google_calendar.google_calendar.s..., method='frappe.core.doctype.scheduled_job_type.scheduled_job_type.run_scheduled_jo..., site='dev.local', user='Administrator') (dev.local::scheduled_job::frappe.integrations.doctype.google_calendar.google_calendar.sync)
2026-03-27 09:36:55,820 home-wahyu260697-document-Erpnext-silverplast-frappe-bench:default: Job OK (dev.local::scheduled_job::frappe.integrations.doctype.google_calendar.google_calendar.sync)
2026-03-27 09:36:55,820 Result is kept for 600 seconds
2026-03-27 09:40:04,306 home-wahyu260697-document-Erpnext-silverplast-frappe-bench:default: frappe.utils.background_jobs.execute_job(event=None, is_async=True, job_name='frappe.core.doctype.scheduled_job_type.scheduled_job_type.run_scheduled_jo..., kwargs={'job_type': 'frappe.email.doctype.email_account.email_account.pull'}, method='frappe.core.doctype.scheduled_job_type.scheduled_job_type.run_scheduled_jo..., site='dev.local', user='Administrator') (dev.local::scheduled_job::frappe.email.doctype.email_account.email_account.pull)
2026-03-27 09:40:04,809 home-wahyu260697-document-Erpnext-silverplast-frappe-bench:default: Job OK (dev.local::scheduled_job::frappe.email.doctype.email_account.email_account.pull)
2026-03-27 09:40:04,809 Result is kept for 600 seconds
2026-03-27 09:40:04,819 home-wahyu260697-document-Erpnext-silverplast-frappe-bench:default: frappe.utils.background_jobs.execute_job(event=None, is_async=True, job_name='frappe.core.doctype.scheduled_job_type.scheduled_job_type.run_scheduled_jo..., kwargs={'job_type': 'frappe.integrations.doctype.google_calendar.google_calendar.s..., method='frappe.core.doctype.scheduled_job_type.scheduled_job_type.run_scheduled_jo..., site='dev.local', user='Administrator') (dev.local::scheduled_job::frappe.integrations.doctype.google_calendar.google_calendar.sync)
2026-03-27 09:40:05,404 home-wahyu260697-document-Erpnext-silverplast-frappe-bench:default: Job OK (dev.local::scheduled_job::frappe.integrations.doctype.google_calendar.google_calendar.sync)
2026-03-27 09:40:05,404 Result is kept for 600 seconds
2026-03-27 09:40:05,415 home-wahyu260697-document-Erpnext-silverplast-frappe-bench:default: frappe.utils.background_jobs.execute_job(event=None, is_async=True, job_name='frappe.core.doctype.scheduled_job_type.scheduled_job_type.run_scheduled_jo..., kwargs={'job_type': 'frappe.monitor.flush'}, method='frappe.core.doctype.scheduled_job_type.scheduled_job_type.run_scheduled_jo..., site='dev.local', user='Administrator') (dev.local::scheduled_job::frappe.monitor.flush)
2026-03-27 09:40:05,763 home-wahyu260697-document-Erpnext-silverplast-frappe-bench:default: Job OK (dev.local::scheduled_job::frappe.monitor.flush)
2026-03-27 09:40:05,763 Result is kept for 600 seconds
2026-03-27 09:40:05,772 home-wahyu260697-document-Erpnext-silverplast-frappe-bench:default: frappe.utils.background_jobs.execute_job(event=None, is_async=True, job_name='frappe.core.doctype.scheduled_job_type.scheduled_job_type.run_scheduled_jo..., kwargs={'job_type': 'frappe.email.queue.retry_sending_emails'}, method='frappe.core.doctype.scheduled_job_type.scheduled_job_type.run_scheduled_jo..., site='dev.local', user='Administrator') (dev.local::scheduled_job::frappe.email.queue.retry_sending_emails)
2026-03-27 09:40:06,127 home-wahyu260697-document-Erpnext-silverplast-frappe-bench:default: Job OK (dev.local::scheduled_job::frappe.email.queue.retry_sending_emails)
2026-03-27 09:40:06,127 Result is kept for 600 seconds
2026-03-27 09:40:06,136 home-wahyu260697-document-Erpnext-silverplast-frappe-bench:default: frappe.utils.background_jobs.execute_job(event=None, is_async=True, job_name='frappe.core.doctype.scheduled_job_type.scheduled_job_type.run_scheduled_jo..., kwargs={'job_type': 'frappe.email.queue.flush'}, method='frappe.core.doctype.scheduled_job_type.scheduled_job_type.run_scheduled_jo..., site='dev.local', user='Administrator') (dev.local::scheduled_job::frappe.email.queue.flush)
2026-03-27 09:40:06,607 home-wahyu260697-document-Erpnext-silverplast-frappe-bench:default: Job OK (dev.local::scheduled_job::frappe.email.queue.flush)
2026-03-27 09:40:06,607 Result is kept for 600 seconds
2026-03-27 09:44:18,251 home-wahyu260697-document-Erpnext-silverplast-frappe-bench:default: frappe.utils.background_jobs.execute_job(event=None, is_async=True, job_name='frappe.core.doctype.scheduled_job_type.scheduled_job_type.run_scheduled_jo..., kwargs={'job_type': 'frappe.email.queue.retry_sending_emails'}, method='frappe.core.doctype.scheduled_job_type.scheduled_job_type.run_scheduled_jo..., site='dev.local', user='Administrator') (dev.local::scheduled_job::frappe.email.queue.retry_sending_emails)
2026-03-27 09:44:18,682 home-wahyu260697-document-Erpnext-silverplast-frappe-bench:default: Job OK (dev.local::scheduled_job::frappe.email.queue.retry_sending_emails)
2026-03-27 09:44:18,682 Result is kept for 600 seconds
2026-03-27 09:44:18,692 home-wahyu260697-document-Erpnext-silverplast-frappe-bench:default: frappe.utils.background_jobs.execute_job(event=None, is_async=True, job_name='frappe.core.doctype.scheduled_job_type.scheduled_job_type.run_scheduled_jo..., kwargs={'job_type': 'frappe.integrations.doctype.google_calendar.google_calendar.s..., method='frappe.core.doctype.scheduled_job_type.scheduled_job_type.run_scheduled_jo..., site='dev.local', user='Administrator') (dev.local::scheduled_job::frappe.integrations.doctype.google_calendar.google_calendar.sync)
2026-03-27 09:44:19,268 home-wahyu260697-document-Erpnext-silverplast-frappe-bench:default: Job OK (dev.local::scheduled_job::frappe.integrations.doctype.google_calendar.google_calendar.sync)
2026-03-27 09:44:19,268 Result is kept for 600 seconds
2026-03-27 09:44:19,278 home-wahyu260697-document-Erpnext-silverplast-frappe-bench:default: frappe.utils.background_jobs.execute_job(event=None, is_async=True, job_name='frappe.core.doctype.scheduled_job_type.scheduled_job_type.run_scheduled_jo..., kwargs={'job_type': 'frappe.monitor.flush'}, method='frappe.core.doctype.scheduled_job_type.scheduled_job_type.run_scheduled_jo..., site='dev.local', user='Administrator') (dev.local::scheduled_job::frappe.monitor.flush)
2026-03-27 09:44:19,677 home-wahyu260697-document-Erpnext-silverplast-frappe-bench:default: Job OK (dev.local::scheduled_job::frappe.monitor.flush)
2026-03-27 09:44:19,677 Result is kept for 600 seconds
2026-03-27 09:44:19,687 home-wahyu260697-document-Erpnext-silverplast-frappe-bench:default: frappe.utils.background_jobs.execute_job(event=None, is_async=True, job_name='frappe.core.doctype.scheduled_job_type.scheduled_job_type.run_scheduled_jo..., kwargs={'job_type': 'frappe.email.queue.flush'}, method='frappe.core.doctype.scheduled_job_type.scheduled_job_type.run_scheduled_jo..., site='dev.local', user='Administrator') (dev.local::scheduled_job::frappe.email.queue.flush)
2026-03-27 09:44:20,177 home-wahyu260697-document-Erpnext-silverplast-frappe-bench:default: Job OK (dev.local::scheduled_job::frappe.email.queue.flush)
2026-03-27 09:44:20,177 Result is kept for 600 seconds
2026-03-27 09:45:21,726 home-wahyu260697-document-Erpnext-silverplast-frappe-bench:default: frappe.utils.background_jobs.execute_job(event=None, is_async=True, job_name='frappe.core.doctype.scheduled_job_type.scheduled_job_type.run_scheduled_jo..., kwargs={'job_type': 'frappe.email.doctype.email_account.email_account.notify_unrep..., method='frappe.core.doctype.scheduled_job_type.scheduled_job_type.run_scheduled_jo..., site='dev.local', user='Administrator') (dev.local::scheduled_job::frappe.email.doctype.email_account.email_account.notify_unreplied)
2026-03-27 09:45:22,186 home-wahyu260697-document-Erpnext-silverplast-frappe-bench:default: Job OK (dev.local::scheduled_job::frappe.email.doctype.email_account.email_account.notify_unreplied)
2026-03-27 09:45:22,186 Result is kept for 600 seconds
2026-03-27 09:45:22,195 home-wahyu260697-document-Erpnext-silverplast-frappe-bench:default: frappe.utils.background_jobs.execute_job(event=None, is_async=True, job_name='frappe.core.doctype.scheduled_job_type.scheduled_job_type.run_scheduled_jo..., kwargs={'job_type': 'frappe.search.sqlite_search.build_index_if_not_exists'}, method='frappe.core.doctype.scheduled_job_type.scheduled_job_type.run_scheduled_jo..., site='dev.local', user='Administrator') (dev.local::scheduled_job::frappe.search.sqlite_search.build_index_if_not_exists)
2026-03-27 09:45:22,578 home-wahyu260697-document-Erpnext-silverplast-frappe-bench:default: Job OK (dev.local::scheduled_job::frappe.search.sqlite_search.build_index_if_not_exists)
2026-03-27 09:45:22,579 Result is kept for 600 seconds
2026-03-27 09:45:22,587 home-wahyu260697-document-Erpnext-silverplast-frappe-bench:default: frappe.utils.background_jobs.execute_job(event=None, is_async=True, job_name='frappe.core.doctype.scheduled_job_type.scheduled_job_type.run_scheduled_jo..., kwargs={'job_type': 'frappe.automation.doctype.reminder.reminder.send_reminders'}, method='frappe.core.doctype.scheduled_job_type.scheduled_job_type.run_scheduled_jo..., site='dev.local', user='Administrator') (dev.local::scheduled_job::frappe.automation.doctype.reminder.reminder.send_reminders)
2026-03-27 09:45:22,975 home-wahyu260697-document-Erpnext-silverplast-frappe-bench:default: Job OK (dev.local::scheduled_job::frappe.automation.doctype.reminder.reminder.send_reminders)
2026-03-27 09:45:22,975 Result is kept for 600 seconds
2026-03-27 09:45:22,985 home-wahyu260697-document-Erpnext-silverplast-frappe-bench:default: frappe.utils.background_jobs.execute_job(event=None, is_async=True, job_name='frappe.core.doctype.scheduled_job_type.scheduled_job_type.run_scheduled_jo..., kwargs={'job_type': 'frappe.deferred_insert.save_to_db'}, method='frappe.core.doctype.scheduled_job_type.scheduled_job_type.run_scheduled_jo..., site='dev.local', user='Administrator') (dev.local::scheduled_job::frappe.deferred_insert.save_to_db)
2026-03-27 09:45:23,369 home-wahyu260697-document-Erpnext-silverplast-frappe-bench:default: Job OK (dev.local::scheduled_job::frappe.deferred_insert.save_to_db)
2026-03-27 09:45:23,369 Result is kept for 600 seconds
2026-03-27 09:45:23,378 home-wahyu260697-document-Erpnext-silverplast-frappe-bench:default: frappe.utils.background_jobs.execute_job(event=None, is_async=True, job_name='frappe.core.doctype.scheduled_job_type.scheduled_job_type.run_scheduled_jo..., kwargs={'job_type': 'frappe.utils.global_search.sync_global_search'}, method='frappe.core.doctype.scheduled_job_type.scheduled_job_type.run_scheduled_jo..., site='dev.local', user='Administrator') (dev.local::scheduled_job::frappe.utils.global_search.sync_global_search)
2026-03-27 09:45:23,767 home-wahyu260697-document-Erpnext-silverplast-frappe-bench:default: Job OK (dev.local::scheduled_job::frappe.utils.global_search.sync_global_search)
2026-03-27 09:45:23,767 Result is kept for 600 seconds
2026-03-27 09:45:23,777 home-wahyu260697-document-Erpnext-silverplast-frappe-bench:default: frappe.utils.background_jobs.execute_job(event=None, is_async=True, job_name='frappe.core.doctype.scheduled_job_type.scheduled_job_type.run_scheduled_jo..., kwargs={'job_type': 'frappe.model.utils.link_count.update_link_count'}, method='frappe.core.doctype.scheduled_job_type.scheduled_job_type.run_scheduled_jo..., site='dev.local', user='Administrator') (dev.local::scheduled_job::frappe.model.utils.link_count.update_link_count)
2026-03-27 09:45:24,188 home-wahyu260697-document-Erpnext-silverplast-frappe-bench:default: Job OK (dev.local::scheduled_job::frappe.model.utils.link_count.update_link_count)
2026-03-27 09:45:24,189 Result is kept for 600 seconds
2026-03-27 09:45:24,197 home-wahyu260697-document-Erpnext-silverplast-frappe-bench:default: frappe.utils.background_jobs.execute_job(event=None, is_async=True, job_name='frappe.core.doctype.scheduled_job_type.scheduled_job_type.run_scheduled_jo..., kwargs={'job_type': 'frappe.utils.telemetry.pulse.client.send_queued_events'}, method='frappe.core.doctype.scheduled_job_type.scheduled_job_type.run_scheduled_jo..., site='dev.local', user='Administrator') (dev.local::scheduled_job::frappe.utils.telemetry.pulse.client.send_queued_events)
2026-03-27 09:45:24,590 home-wahyu260697-document-Erpnext-silverplast-frappe-bench:default: Job OK (dev.local::scheduled_job::frappe.utils.telemetry.pulse.client.send_queued_events)
2026-03-27 09:45:24,590 Result is kept for 600 seconds
2026-03-27 09:48:32,381 home-wahyu260697-document-Erpnext-silverplast-frappe-bench:default: frappe.utils.background_jobs.execute_job(event=None, is_async=True, job_name='frappe.core.doctype.scheduled_job_type.scheduled_job_type.run_scheduled_jo..., kwargs={'job_type': 'frappe.email.queue.flush'}, method='frappe.core.doctype.scheduled_job_type.scheduled_job_type.run_scheduled_jo..., site='dev.local', user='Administrator') (dev.local::scheduled_job::frappe.email.queue.flush)
2026-03-27 09:48:32,875 home-wahyu260697-document-Erpnext-silverplast-frappe-bench:default: Job OK (dev.local::scheduled_job::frappe.email.queue.flush)
2026-03-27 09:48:32,875 Result is kept for 600 seconds
2026-03-27 09:48:32,885 home-wahyu260697-document-Erpnext-silverplast-frappe-bench:default: frappe.utils.background_jobs.execute_job(event=None, is_async=True, job_name='frappe.core.doctype.scheduled_job_type.scheduled_job_type.run_scheduled_jo..., kwargs={'job_type': 'frappe.monitor.flush'}, method='frappe.core.doctype.scheduled_job_type.scheduled_job_type.run_scheduled_jo..., site='dev.local', user='Administrator') (dev.local::scheduled_job::frappe.monitor.flush)
2026-03-27 09:48:33,216 home-wahyu260697-document-Erpnext-silverplast-frappe-bench:default: Job OK (dev.local::scheduled_job::frappe.monitor.flush)
2026-03-27 09:48:33,217 Result is kept for 600 seconds
2026-03-27 09:48:33,226 home-wahyu260697-document-Erpnext-silverplast-frappe-bench:default: frappe.utils.background_jobs.execute_job(event=None, is_async=True, job_name='frappe.core.doctype.scheduled_job_type.scheduled_job_type.run_scheduled_jo..., kwargs={'job_type': 'frappe.email.queue.retry_sending_emails'}, method='frappe.core.doctype.scheduled_job_type.scheduled_job_type.run_scheduled_jo..., site='dev.local', user='Administrator') (dev.local::scheduled_job::frappe.email.queue.retry_sending_emails)
2026-03-27 09:48:33,565 home-wahyu260697-document-Erpnext-silverplast-frappe-bench:default: Job OK (dev.local::scheduled_job::frappe.email.queue.retry_sending_emails)
2026-03-27 09:48:33,565 Result is kept for 600 seconds
2026-03-27 09:48:33,575 home-wahyu260697-document-Erpnext-silverplast-frappe-bench:default: frappe.utils.background_jobs.execute_job(event=None, is_async=True, job_name='frappe.core.doctype.scheduled_job_type.scheduled_job_type.run_scheduled_jo..., kwargs={'job_type': 'frappe.integrations.doctype.google_calendar.google_calendar.s..., method='frappe.core.doctype.scheduled_job_type.scheduled_job_type.run_scheduled_jo..., site='dev.local', user='Administrator') (dev.local::scheduled_job::frappe.integrations.doctype.google_calendar.google_calendar.sync)
2026-03-27 09:48:34,151 home-wahyu260697-document-Erpnext-silverplast-frappe-bench:default: Job OK (dev.local::scheduled_job::frappe.integrations.doctype.google_calendar.google_calendar.sync)
2026-03-27 09:48:34,152 Result is kept for 600 seconds
2026-03-27 09:50:39,260 home-wahyu260697-document-Erpnext-silverplast-frappe-bench:default: frappe.utils.background_jobs.execute_job(event=None, is_async=True, job_name='frappe.core.doctype.scheduled_job_type.scheduled_job_type.run_scheduled_jo..., kwargs={'job_type': 'frappe.email.doctype.email_account.email_account.pull'}, method='frappe.core.doctype.scheduled_job_type.scheduled_job_type.run_scheduled_jo..., site='dev.local', user='Administrator') (dev.local::scheduled_job::frappe.email.doctype.email_account.email_account.pull)
2026-03-27 09:50:39,680 home-wahyu260697-document-Erpnext-silverplast-frappe-bench:default: Job OK (dev.local::scheduled_job::frappe.email.doctype.email_account.email_account.pull)
2026-03-27 09:50:39,680 Result is kept for 600 seconds
2026-03-27 09:50:39,687 Cleaning registries for queue: home-wahyu260697-document-Erpnext-silverplast-frappe-bench:short
2026-03-27 09:50:39,691 Cleaning registries for queue: home-wahyu260697-document-Erpnext-silverplast-frappe-bench:default
2026-03-27 09:50:39,694 Cleaning registries for queue: home-wahyu260697-document-Erpnext-silverplast-frappe-bench:long
2026-03-27 09:52:46,190 home-wahyu260697-document-Erpnext-silverplast-frappe-bench:default: frappe.utils.background_jobs.execute_job(event=None, is_async=True, job_name='frappe.core.doctype.scheduled_job_type.scheduled_job_type.run_scheduled_jo..., kwargs={'job_type': 'frappe.email.queue.flush'}, method='frappe.core.doctype.scheduled_job_type.scheduled_job_type.run_scheduled_jo..., site='dev.local', user='Administrator') (dev.local::scheduled_job::frappe.email.queue.flush)
2026-03-27 09:52:46,700 home-wahyu260697-document-Erpnext-silverplast-frappe-bench:default: Job OK (dev.local::scheduled_job::frappe.email.queue.flush)
2026-03-27 09:52:46,700 Result is kept for 600 seconds
2026-03-27 09:52:46,710 home-wahyu260697-document-Erpnext-silverplast-frappe-bench:default: frappe.utils.background_jobs.execute_job(event=None, is_async=True, job_name='frappe.core.doctype.scheduled_job_type.scheduled_job_type.run_scheduled_jo..., kwargs={'job_type': 'frappe.email.queue.retry_sending_emails'}, method='frappe.core.doctype.scheduled_job_type.scheduled_job_type.run_scheduled_jo..., site='dev.local', user='Administrator') (dev.local::scheduled_job::frappe.email.queue.retry_sending_emails)
2026-03-27 09:52:47,055 home-wahyu260697-document-Erpnext-silverplast-frappe-bench:default: Job OK (dev.local::scheduled_job::frappe.email.queue.retry_sending_emails)
2026-03-27 09:52:47,056 Result is kept for 600 seconds
2026-03-27 09:52:47,064 home-wahyu260697-document-Erpnext-silverplast-frappe-bench:default: frappe.utils.background_jobs.execute_job(event=None, is_async=True, job_name='frappe.core.doctype.scheduled_job_type.scheduled_job_type.run_scheduled_jo..., kwargs={'job_type': 'frappe.integrations.doctype.google_calendar.google_calendar.s..., method='frappe.core.doctype.scheduled_job_type.scheduled_job_type.run_scheduled_jo..., site='dev.local', user='Administrator') (dev.local::scheduled_job::frappe.integrations.doctype.google_calendar.google_calendar.sync)
2026-03-27 09:52:47,610 home-wahyu260697-document-Erpnext-silverplast-frappe-bench:default: Job OK (dev.local::scheduled_job::frappe.integrations.doctype.google_calendar.google_calendar.sync)
2026-03-27 09:52:47,610 Result is kept for 600 seconds
2026-03-27 09:52:47,620 home-wahyu260697-document-Erpnext-silverplast-frappe-bench:default: frappe.utils.background_jobs.execute_job(event=None, is_async=True, job_name='frappe.core.doctype.scheduled_job_type.scheduled_job_type.run_scheduled_jo..., kwargs={'job_type': 'frappe.monitor.flush'}, method='frappe.core.doctype.scheduled_job_type.scheduled_job_type.run_scheduled_jo..., site='dev.local', user='Administrator') (dev.local::scheduled_job::frappe.monitor.flush)
2026-03-27 09:52:48,011 home-wahyu260697-document-Erpnext-silverplast-frappe-bench:default: Job OK (dev.local::scheduled_job::frappe.monitor.flush)
2026-03-27 09:52:48,011 Result is kept for 600 seconds
2026-03-27 09:56:07,563 home-wahyu260697-document-Erpnext-silverplast-frappe-bench:default: frappe.utils.background_jobs.execute_job(event=None, is_async=True, job_name='frappe.core.doctype.scheduled_job_type.scheduled_job_type.run_scheduled_jo..., kwargs={'job_type': 'frappe.monitor.flush'}, method='frappe.core.doctype.scheduled_job_type.scheduled_job_type.run_scheduled_jo..., site='dev.local', user='Administrator') (dev.local::scheduled_job::frappe.monitor.flush)
2026-03-27 09:56:08,515 home-wahyu260697-document-Erpnext-silverplast-frappe-bench:default: Job OK (dev.local::scheduled_job::frappe.monitor.flush)
2026-03-27 09:56:08,515 Result is kept for 600 seconds
2026-03-27 09:56:08,527 home-wahyu260697-document-Erpnext-silverplast-frappe-bench:default: frappe.utils.background_jobs.execute_job(event=None, is_async=True, job_name='frappe.core.doctype.scheduled_job_type.scheduled_job_type.run_scheduled_jo..., kwargs={'job_type': 'frappe.integrations.doctype.google_calendar.google_calendar.s..., method='frappe.core.doctype.scheduled_job_type.scheduled_job_type.run_scheduled_jo..., site='dev.local', user='Administrator') (dev.local::scheduled_job::frappe.integrations.doctype.google_calendar.google_calendar.sync)
2026-03-27 09:56:09,581 home-wahyu260697-document-Erpnext-silverplast-frappe-bench:default: Job OK (dev.local::scheduled_job::frappe.integrations.doctype.google_calendar.google_calendar.sync)
2026-03-27 09:56:09,581 Result is kept for 600 seconds
2026-03-27 09:56:09,592 home-wahyu260697-document-Erpnext-silverplast-frappe-bench:default: frappe.utils.background_jobs.execute_job(event=None, is_async=True, job_name='frappe.core.doctype.scheduled_job_type.scheduled_job_type.run_scheduled_jo..., kwargs={'job_type': 'frappe.email.queue.flush'}, method='frappe.core.doctype.scheduled_job_type.scheduled_job_type.run_scheduled_jo..., site='dev.local', user='Administrator') (dev.local::scheduled_job::frappe.email.queue.flush)
2026-03-27 09:56:10,265 home-wahyu260697-document-Erpnext-silverplast-frappe-bench:default: Job OK (dev.local::scheduled_job::frappe.email.queue.flush)
2026-03-27 09:56:10,265 Result is kept for 600 seconds
2026-03-27 09:56:10,275 home-wahyu260697-document-Erpnext-silverplast-frappe-bench:default: frappe.utils.background_jobs.execute_job(event=None, is_async=True, job_name='frappe.core.doctype.scheduled_job_type.scheduled_job_type.run_scheduled_jo..., kwargs={'job_type': 'frappe.email.queue.retry_sending_emails'}, method='frappe.core.doctype.scheduled_job_type.scheduled_job_type.run_scheduled_jo..., site='dev.local', user='Administrator') (dev.local::scheduled_job::frappe.email.queue.retry_sending_emails)
2026-03-27 09:56:10,739 home-wahyu260697-document-Erpnext-silverplast-frappe-bench:default: Job OK (dev.local::scheduled_job::frappe.email.queue.retry_sending_emails)
2026-03-27 09:56:10,739 Result is kept for 600 seconds
2026-03-27 10:00:13,258 home-wahyu260697-document-Erpnext-silverplast-frappe-bench:default: frappe.utils.background_jobs.execute_job(event=None, is_async=True, job_name='frappe.core.doctype.scheduled_job_type.scheduled_job_type.run_scheduled_jo..., kwargs={'job_type': 'frappe.email.doctype.newsletter.newsletter.send_scheduled_ema..., method='frappe.core.doctype.scheduled_job_type.scheduled_job_type.run_scheduled_jo..., site='dev.local', user='Administrator') (dev.local::scheduled_job::frappe.email.doctype.newsletter.newsletter.send_scheduled_email)
2026-03-27 10:00:13,727 home-wahyu260697-document-Erpnext-silverplast-frappe-bench:default: Job OK (dev.local::scheduled_job::frappe.email.doctype.newsletter.newsletter.send_scheduled_email)
2026-03-27 10:00:13,728 Result is kept for 600 seconds
2026-03-27 10:00:13,738 home-wahyu260697-document-Erpnext-silverplast-frappe-bench:default: frappe.utils.background_jobs.execute_job(event=None, is_async=True, job_name='frappe.core.doctype.scheduled_job_type.scheduled_job_type.run_scheduled_jo..., kwargs={'job_type': 'frappe.email.queue.flush'}, method='frappe.core.doctype.scheduled_job_type.scheduled_job_type.run_scheduled_jo..., site='dev.local', user='Administrator') (dev.local::scheduled_job::frappe.email.queue.flush)
2026-03-27 10:00:14,222 home-wahyu260697-document-Erpnext-silverplast-frappe-bench:default: Job OK (dev.local::scheduled_job::frappe.email.queue.flush)
2026-03-27 10:00:14,223 Result is kept for 600 seconds
2026-03-27 10:00:14,233 home-wahyu260697-document-Erpnext-silverplast-frappe-bench:default: frappe.utils.background_jobs.execute_job(event=None, is_async=True, job_name='frappe.core.doctype.scheduled_job_type.scheduled_job_type.run_scheduled_jo..., kwargs={'job_type': 'frappe.utils.global_search.sync_global_search'}, method='frappe.core.doctype.scheduled_job_type.scheduled_job_type.run_scheduled_jo..., site='dev.local', user='Administrator') (dev.local::scheduled_job::frappe.utils.global_search.sync_global_search)
2026-03-27 10:00:14,614 home-wahyu260697-document-Erpnext-silverplast-frappe-bench:default: Job OK (dev.local::scheduled_job::frappe.utils.global_search.sync_global_search)
2026-03-27 10:00:14,614 Result is kept for 600 seconds
2026-03-27 10:00:14,623 home-wahyu260697-document-Erpnext-silverplast-frappe-bench:default: frappe.utils.background_jobs.execute_job(event=None, is_async=True, job_name='frappe.core.doctype.scheduled_job_type.scheduled_job_type.run_scheduled_jo..., kwargs={'job_type': 'frappe.utils.telemetry.pulse.client.send_queued_events'}, method='frappe.core.doctype.scheduled_job_type.scheduled_job_type.run_scheduled_jo..., site='dev.local', user='Administrator') (dev.local::scheduled_job::frappe.utils.telemetry.pulse.client.send_queued_events)
2026-03-27 10:00:15,006 home-wahyu260697-document-Erpnext-silverplast-frappe-bench:default: Job OK (dev.local::scheduled_job::frappe.utils.telemetry.pulse.client.send_queued_events)
2026-03-27 10:00:15,007 Result is kept for 600 seconds
2026-03-27 10:00:15,016 home-wahyu260697-document-Erpnext-silverplast-frappe-bench:default: frappe.utils.background_jobs.execute_job(event=None, is_async=True, job_name='frappe.core.doctype.scheduled_job_type.scheduled_job_type.run_scheduled_jo..., kwargs={'job_type': 'frappe.email.doctype.email_account.email_account.notify_unrep..., method='frappe.core.doctype.scheduled_job_type.scheduled_job_type.run_scheduled_jo..., site='dev.local', user='Administrator') (dev.local::scheduled_job::frappe.email.doctype.email_account.email_account.notify_unreplied)
2026-03-27 10:00:15,470 home-wahyu260697-document-Erpnext-silverplast-frappe-bench:default: Job OK (dev.local::scheduled_job::frappe.email.doctype.email_account.email_account.notify_unreplied)
2026-03-27 10:00:15,470 Result is kept for 600 seconds
2026-03-27 10:00:15,480 home-wahyu260697-document-Erpnext-silverplast-frappe-bench:default: frappe.utils.background_jobs.execute_job(event=None, is_async=True, job_name='frappe.core.doctype.scheduled_job_type.scheduled_job_type.run_scheduled_jo..., kwargs={'job_type': 'frappe.deferred_insert.save_to_db'}, method='frappe.core.doctype.scheduled_job_type.scheduled_job_type.run_scheduled_jo..., site='dev.local', user='Administrator') (dev.local::scheduled_job::frappe.deferred_insert.save_to_db)
2026-03-27 10:00:15,852 home-wahyu260697-document-Erpnext-silverplast-frappe-bench:default: Job OK (dev.local::scheduled_job::frappe.deferred_insert.save_to_db)
2026-03-27 10:00:15,852 Result is kept for 600 seconds
2026-03-27 10:00:15,862 home-wahyu260697-document-Erpnext-silverplast-frappe-bench:default: frappe.utils.background_jobs.execute_job(event=None, is_async=True, job_name='frappe.core.doctype.scheduled_job_type.scheduled_job_type.run_scheduled_jo..., kwargs={'job_type': 'frappe.email.queue.retry_sending_emails'}, method='frappe.core.doctype.scheduled_job_type.scheduled_job_type.run_scheduled_jo..., site='dev.local', user='Administrator') (dev.local::scheduled_job::frappe.email.queue.retry_sending_emails)
2026-03-27 10:00:16,200 home-wahyu260697-document-Erpnext-silverplast-frappe-bench:default: Job OK (dev.local::scheduled_job::frappe.email.queue.retry_sending_emails)
2026-03-27 10:00:16,200 Result is kept for 600 seconds
2026-03-27 10:00:16,209 home-wahyu260697-document-Erpnext-silverplast-frappe-bench:default: frappe.utils.background_jobs.execute_job(event=None, is_async=True, job_name='frappe.core.doctype.scheduled_job_type.scheduled_job_type.run_scheduled_jo..., kwargs={'job_type': 'frappe.monitor.flush'}, method='frappe.core.doctype.scheduled_job_type.scheduled_job_type.run_scheduled_jo..., site='dev.local', user='Administrator') (dev.local::scheduled_job::frappe.monitor.flush)
2026-03-27 10:00:16,543 home-wahyu260697-document-Erpnext-silverplast-frappe-bench:default: Job OK (dev.local::scheduled_job::frappe.monitor.flush)
2026-03-27 10:00:16,544 Result is kept for 600 seconds
2026-03-27 10:00:16,566 home-wahyu260697-document-Erpnext-silverplast-frappe-bench:default: frappe.utils.background_jobs.execute_job(event=None, is_async=True, job_name='frappe.core.doctype.scheduled_job_type.scheduled_job_type.run_scheduled_jo..., kwargs={'job_type': 'frappe.model.utils.link_count.update_link_count'}, method='frappe.core.doctype.scheduled_job_type.scheduled_job_type.run_scheduled_jo..., site='dev.local', user='Administrator') (dev.local::scheduled_job::frappe.model.utils.link_count.update_link_count)
2026-03-27 10:00:17,005 home-wahyu260697-document-Erpnext-silverplast-frappe-bench:default: Job OK (dev.local::scheduled_job::frappe.model.utils.link_count.update_link_count)
2026-03-27 10:00:17,005 Result is kept for 600 seconds
2026-03-27 10:00:17,016 home-wahyu260697-document-Erpnext-silverplast-frappe-bench:default: frappe.utils.background_jobs.execute_job(event=None, is_async=True, job_name='frappe.core.doctype.scheduled_job_type.scheduled_job_type.run_scheduled_jo..., kwargs={'job_type': 'frappe.search.sqlite_search.build_index_if_not_exists'}, method='frappe.core.doctype.scheduled_job_type.scheduled_job_type.run_scheduled_jo..., site='dev.local', user='Administrator') (dev.local::scheduled_job::frappe.search.sqlite_search.build_index_if_not_exists)
2026-03-27 10:00:17,429 home-wahyu260697-document-Erpnext-silverplast-frappe-bench:default: Job OK (dev.local::scheduled_job::frappe.search.sqlite_search.build_index_if_not_exists)
2026-03-27 10:00:17,429 Result is kept for 600 seconds
2026-03-27 10:00:17,440 home-wahyu260697-document-Erpnext-silverplast-frappe-bench:default: frappe.utils.background_jobs.execute_job(event=None, is_async=True, job_name='frappe.core.doctype.scheduled_job_type.scheduled_job_type.run_scheduled_jo..., kwargs={'job_type': 'frappe.integrations.doctype.google_calendar.google_calendar.s..., method='frappe.core.doctype.scheduled_job_type.scheduled_job_type.run_scheduled_jo..., site='dev.local', user='Administrator') (dev.local::scheduled_job::frappe.integrations.doctype.google_calendar.google_calendar.sync)
2026-03-27 10:00:18,005 home-wahyu260697-document-Erpnext-silverplast-frappe-bench:default: Job OK (dev.local::scheduled_job::frappe.integrations.doctype.google_calendar.google_calendar.sync)
2026-03-27 10:00:18,005 Result is kept for 600 seconds
2026-03-27 10:00:18,016 home-wahyu260697-document-Erpnext-silverplast-frappe-bench:default: frappe.utils.background_jobs.execute_job(event=None, is_async=True, job_name='frappe.core.doctype.scheduled_job_type.scheduled_job_type.run_scheduled_jo..., kwargs={'job_type': 'frappe.automation.doctype.reminder.reminder.send_reminders'}, method='frappe.core.doctype.scheduled_job_type.scheduled_job_type.run_scheduled_jo..., site='dev.local', user='Administrator') (dev.local::scheduled_job::frappe.automation.doctype.reminder.reminder.send_reminders)
2026-03-27 10:00:18,447 home-wahyu260697-document-Erpnext-silverplast-frappe-bench:default: Job OK (dev.local::scheduled_job::frappe.automation.doctype.reminder.reminder.send_reminders)
2026-03-27 10:00:18,447 Result is kept for 600 seconds
2026-03-27 10:00:18,460 home-wahyu260697-document-Erpnext-silverplast-frappe-bench:default: frappe.utils.background_jobs.execute_job(event=None, is_async=True, job_name='frappe.core.doctype.scheduled_job_type.scheduled_job_type.run_scheduled_jo..., kwargs={'job_type': 'frappe.email.doctype.email_account.email_account.pull'}, method='frappe.core.doctype.scheduled_job_type.scheduled_job_type.run_scheduled_jo..., site='dev.local', user='Administrator') (dev.local::scheduled_job::frappe.email.doctype.email_account.email_account.pull)
2026-03-27 10:00:18,890 home-wahyu260697-document-Erpnext-silverplast-frappe-bench:default: Job OK (dev.local::scheduled_job::frappe.email.doctype.email_account.email_account.pull)
2026-03-27 10:00:18,890 Result is kept for 600 seconds
2026-03-27 10:00:18,901 home-wahyu260697-document-Erpnext-silverplast-frappe-bench:long: frappe.utils.background_jobs.execute_job(event=None, is_async=True, job_name='frappe.core.doctype.scheduled_job_type.scheduled_job_type.run_scheduled_jo..., kwargs={'job_type': 'frappe.website.doctype.web_page.web_page.check_publish_status..., method='frappe.core.doctype.scheduled_job_type.scheduled_job_type.run_scheduled_jo..., site='dev.local', user='Administrator') (dev.local::scheduled_job::frappe.website.doctype.web_page.web_page.check_publish_status)
2026-03-27 10:00:19,357 home-wahyu260697-document-Erpnext-silverplast-frappe-bench:long: Job OK (dev.local::scheduled_job::frappe.website.doctype.web_page.web_page.check_publish_status)
2026-03-27 10:00:19,357 Result is kept for 600 seconds
2026-03-27 10:00:19,366 home-wahyu260697-document-Erpnext-silverplast-frappe-bench:long: frappe.utils.background_jobs.execute_job(event=None, is_async=True, job_name='frappe.core.doctype.scheduled_job_type.scheduled_job_type.run_scheduled_jo..., kwargs={'job_type': 'frappe.desk.utils.delete_old_exported_report_files'}, method='frappe.core.doctype.scheduled_job_type.scheduled_job_type.run_scheduled_jo..., site='dev.local', user='Administrator') (dev.local::scheduled_job::frappe.desk.utils.delete_old_exported_report_files)
2026-03-27 10:00:19,796 home-wahyu260697-document-Erpnext-silverplast-frappe-bench:long: Job OK (dev.local::scheduled_job::frappe.desk.utils.delete_old_exported_report_files)
2026-03-27 10:00:19,796 Result is kept for 600 seconds
2026-03-27 10:00:19,806 home-wahyu260697-document-Erpnext-silverplast-frappe-bench:long: frappe.utils.background_jobs.execute_job(event=None, is_async=True, job_name='frappe.core.doctype.scheduled_job_type.scheduled_job_type.run_scheduled_jo..., kwargs={'job_type': 'frappe.desk.page.backups.backups.delete_downloadable_backups'..., method='frappe.core.doctype.scheduled_job_type.scheduled_job_type.run_scheduled_jo..., site='dev.local', user='Administrator') (dev.local::scheduled_job::frappe.desk.page.backups.backups.delete_downloadable_backups)
2026-03-27 10:00:20,179 home-wahyu260697-document-Erpnext-silverplast-frappe-bench:long: Job OK (dev.local::scheduled_job::frappe.desk.page.backups.backups.delete_downloadable_backups)
2026-03-27 10:00:20,179 Result is kept for 600 seconds
2026-03-27 10:00:20,188 home-wahyu260697-document-Erpnext-silverplast-frappe-bench:long: frappe.utils.background_jobs.execute_job(event=None, is_async=True, job_name='frappe.core.doctype.scheduled_job_type.scheduled_job_type.run_scheduled_jo..., kwargs={'job_type': 'frappe.core.doctype.prepared_report.prepared_report.expire_st..., method='frappe.core.doctype.scheduled_job_type.scheduled_job_type.run_scheduled_jo..., site='dev.local', user='Administrator') (dev.local::scheduled_job::frappe.core.doctype.prepared_report.prepared_report.expire_stalled_report)
2026-03-27 10:00:20,563 home-wahyu260697-document-Erpnext-silverplast-frappe-bench:long: Job OK (dev.local::scheduled_job::frappe.core.doctype.prepared_report.prepared_report.expire_stalled_report)
2026-03-27 10:00:20,564 Result is kept for 600 seconds
2026-03-27 10:00:20,573 home-wahyu260697-document-Erpnext-silverplast-frappe-bench:long: frappe.utils.background_jobs.execute_job(event=None, is_async=True, job_name='frappe.core.doctype.scheduled_job_type.scheduled_job_type.run_scheduled_jo..., kwargs={'job_type': 'frappe.website.doctype.personal_data_deletion_request.persona..., method='frappe.core.doctype.scheduled_job_type.scheduled_job_type.run_scheduled_jo..., site='dev.local', user='Administrator') (dev.local::scheduled_job::frappe.website.doctype.personal_data_deletion_request.personal_data_deletion_request.process_data_deletion_request)
2026-03-27 10:00:20,968 home-wahyu260697-document-Erpnext-silverplast-frappe-bench:long: Job OK (dev.local::scheduled_job::frappe.website.doctype.personal_data_deletion_request.personal_data_deletion_request.process_data_deletion_request)
2026-03-27 10:00:20,968 Result is kept for 600 seconds
2026-03-27 10:00:20,978 home-wahyu260697-document-Erpnext-silverplast-frappe-bench:long: frappe.utils.background_jobs.execute_job(event=None, is_async=True, job_name='frappe.core.doctype.scheduled_job_type.scheduled_job_type.run_scheduled_jo..., kwargs={'job_type': 'frappe.desk.form.document_follow.send_hourly_updates'}, method='frappe.core.doctype.scheduled_job_type.scheduled_job_type.run_scheduled_jo..., site='dev.local', user='Administrator') (dev.local::scheduled_job::frappe.desk.form.document_follow.send_hourly_updates)
2026-03-27 10:00:21,815 home-wahyu260697-document-Erpnext-silverplast-frappe-bench:long: Job OK (dev.local::scheduled_job::frappe.desk.form.document_follow.send_hourly_updates)
2026-03-27 10:00:21,815 Result is kept for 600 seconds
2026-03-27 10:00:21,825 home-wahyu260697-document-Erpnext-silverplast-frappe-bench:long: frappe.utils.background_jobs.execute_job(event=None, is_async=True, job_name='frappe.core.doctype.scheduled_job_type.scheduled_job_type.run_scheduled_jo..., kwargs={'job_type': 'frappe.oauth.delete_oauth2_data'}, method='frappe.core.doctype.scheduled_job_type.scheduled_job_type.run_scheduled_jo..., site='dev.local', user='Administrator') (dev.local::scheduled_job::frappe.oauth.delete_oauth2_data)
2026-03-27 10:00:22,260 home-wahyu260697-document-Erpnext-silverplast-frappe-bench:long: Job OK (dev.local::scheduled_job::frappe.oauth.delete_oauth2_data)
2026-03-27 10:00:22,260 Result is kept for 600 seconds
2026-03-27 10:00:22,270 home-wahyu260697-document-Erpnext-silverplast-frappe-bench:long: frappe.utils.background_jobs.execute_job(event=None, is_async=True, job_name='frappe.core.doctype.scheduled_job_type.scheduled_job_type.run_scheduled_jo..., kwargs={'job_type': 'frappe.twofactor.delete_all_barcodes_for_users'}, method='frappe.core.doctype.scheduled_job_type.scheduled_job_type.run_scheduled_jo..., site='dev.local', user='Administrator') (dev.local::scheduled_job::frappe.twofactor.delete_all_barcodes_for_users)
2026-03-27 10:00:22,669 home-wahyu260697-document-Erpnext-silverplast-frappe-bench:long: Job OK (dev.local::scheduled_job::frappe.twofactor.delete_all_barcodes_for_users)
2026-03-27 10:00:22,669 Result is kept for 600 seconds
2026-03-27 10:00:22,679 home-wahyu260697-document-Erpnext-silverplast-frappe-bench:long: frappe.utils.background_jobs.execute_job(event=None, is_async=True, job_name='frappe.core.doctype.scheduled_job_type.scheduled_job_type.run_scheduled_jo..., kwargs={'job_type': 'frappe.model.utils.user_settings.sync_user_settings'}, method='frappe.core.doctype.scheduled_job_type.scheduled_job_type.run_scheduled_jo..., site='dev.local', user='Administrator') (dev.local::scheduled_job::frappe.model.utils.user_settings.sync_user_settings)
2026-03-27 10:00:23,076 home-wahyu260697-document-Erpnext-silverplast-frappe-bench:long: Job OK (dev.local::scheduled_job::frappe.model.utils.user_settings.sync_user_settings)
2026-03-27 10:00:23,076 Result is kept for 600 seconds
