/home/wahyu260697/document/Erpnext/silverplast/frappe-bench/env/lib/python3.11/site-packages/rq/connections.py:58: DeprecationWarning: The `push_connection` function is deprecated. Pass the `connection` explicitly instead.
  warnings.warn(
/home/wahyu260697/document/Erpnext/silverplast/frappe-bench/env/lib/python3.11/site-packages/passlib/utils/__init__.py:854: DeprecationWarning: 'crypt' is deprecated and slated for removal in Python 3.13
  from crypt import crypt as _crypt
/home/wahyu260697/document/Erpnext/silverplast/frappe-bench/env/lib/python3.11/site-packages/rq/connections.py:72: DeprecationWarning: The `pop_connection` function is deprecated. Pass the `connection` explicitly instead.
  warnings.warn(
/home/wahyu260697/document/Erpnext/silverplast/frappe-bench/env/lib/python3.11/site-packages/rq/connections.py:58: DeprecationWarning: The `push_connection` function is deprecated. Pass the `connection` explicitly instead.
  warnings.warn(
/home/wahyu260697/document/Erpnext/silverplast/frappe-bench/env/lib/python3.11/site-packages/passlib/utils/__init__.py:854: DeprecationWarning: 'crypt' is deprecated and slated for removal in Python 3.13
  from crypt import crypt as _crypt
/home/wahyu260697/document/Erpnext/silverplast/frappe-bench/env/lib/python3.11/site-packages/rq/connections.py:72: DeprecationWarning: The `pop_connection` function is deprecated. Pass the `connection` explicitly instead.
  warnings.warn(
/home/wahyu260697/document/Erpnext/silverplast/frappe-bench/env/lib/python3.11/site-packages/rq/connections.py:58: DeprecationWarning: The `push_connection` function is deprecated. Pass the `connection` explicitly instead.
  warnings.warn(
/home/wahyu260697/document/Erpnext/silverplast/frappe-bench/env/lib/python3.11/site-packages/passlib/utils/__init__.py:854: DeprecationWarning: 'crypt' is deprecated and slated for removal in Python 3.13
  from crypt import crypt as _crypt
/home/wahyu260697/document/Erpnext/silverplast/frappe-bench/env/lib/python3.11/site-packages/rq/connections.py:72: DeprecationWarning: The `pop_connection` function is deprecated. Pass the `connection` explicitly instead.
  warnings.warn(
/home/wahyu260697/document/Erpnext/silverplast/frappe-bench/env/lib/python3.11/site-packages/rq/connections.py:58: DeprecationWarning: The `push_connection` function is deprecated. Pass the `connection` explicitly instead.
  warnings.warn(
/home/wahyu260697/document/Erpnext/silverplast/frappe-bench/env/lib/python3.11/site-packages/passlib/utils/__init__.py:854: DeprecationWarning: 'crypt' is deprecated and slated for removal in Python 3.13
  from crypt import crypt as _crypt
/home/wahyu260697/document/Erpnext/silverplast/frappe-bench/env/lib/python3.11/site-packages/rq/connections.py:72: DeprecationWarning: The `pop_connection` function is deprecated. Pass the `connection` explicitly instead.
  warnings.warn(
/home/wahyu260697/document/Erpnext/silverplast/frappe-bench/env/lib/python3.11/site-packages/rq/connections.py:58: DeprecationWarning: The `push_connection` function is deprecated. Pass the `connection` explicitly instead.
  warnings.warn(
/home/wahyu260697/document/Erpnext/silverplast/frappe-bench/env/lib/python3.11/site-packages/passlib/utils/__init__.py:854: DeprecationWarning: 'crypt' is deprecated and slated for removal in Python 3.13
  from crypt import crypt as _crypt
/home/wahyu260697/document/Erpnext/silverplast/frappe-bench/env/lib/python3.11/site-packages/rq/connections.py:72: DeprecationWarning: The `pop_connection` function is deprecated. Pass the `connection` explicitly instead.
  warnings.warn(
/home/wahyu260697/document/Erpnext/silverplast/frappe-bench/env/lib/python3.11/site-packages/rq/connections.py:58: DeprecationWarning: The `push_connection` function is deprecated. Pass the `connection` explicitly instead.
  warnings.warn(
/home/wahyu260697/document/Erpnext/silverplast/frappe-bench/env/lib/python3.11/site-packages/passlib/utils/__init__.py:854: DeprecationWarning: 'crypt' is deprecated and slated for removal in Python 3.13
  from crypt import crypt as _crypt
/home/wahyu260697/document/Erpnext/silverplast/frappe-bench/env/lib/python3.11/site-packages/rq/connections.py:72: DeprecationWarning: The `pop_connection` function is deprecated. Pass the `connection` explicitly instead.
  warnings.warn(
/home/wahyu260697/document/Erpnext/silverplast/frappe-bench/env/lib/python3.11/site-packages/rq/connections.py:58: DeprecationWarning: The `push_connection` function is deprecated. Pass the `connection` explicitly instead.
  warnings.warn(
/home/wahyu260697/document/Erpnext/silverplast/frappe-bench/env/lib/python3.11/site-packages/passlib/utils/__init__.py:854: DeprecationWarning: 'crypt' is deprecated and slated for removal in Python 3.13
  from crypt import crypt as _crypt
/home/wahyu260697/document/Erpnext/silverplast/frappe-bench/env/lib/python3.11/site-packages/rq/connections.py:72: DeprecationWarning: The `pop_connection` function is deprecated. Pass the `connection` explicitly instead.
  warnings.warn(
/home/wahyu260697/document/Erpnext/silverplast/frappe-bench/env/lib/python3.11/site-packages/rq/connections.py:58: DeprecationWarning: The `push_connection` function is deprecated. Pass the `connection` explicitly instead.
  warnings.warn(
/home/wahyu260697/document/Erpnext/silverplast/frappe-bench/env/lib/python3.11/site-packages/passlib/utils/__init__.py:854: DeprecationWarning: 'crypt' is deprecated and slated for removal in Python 3.13
  from crypt import crypt as _crypt
/home/wahyu260697/document/Erpnext/silverplast/frappe-bench/env/lib/python3.11/site-packages/rq/connections.py:72: DeprecationWarning: The `pop_connection` function is deprecated. Pass the `connection` explicitly instead.
  warnings.warn(
/home/wahyu260697/document/Erpnext/silverplast/frappe-bench/env/lib/python3.11/site-packages/rq/connections.py:58: DeprecationWarning: The `push_connection` function is deprecated. Pass the `connection` explicitly instead.
  warnings.warn(
/home/wahyu260697/document/Erpnext/silverplast/frappe-bench/env/lib/python3.11/site-packages/passlib/utils/__init__.py:854: DeprecationWarning: 'crypt' is deprecated and slated for removal in Python 3.13
  from crypt import crypt as _crypt
/home/wahyu260697/document/Erpnext/silverplast/frappe-bench/env/lib/python3.11/site-packages/rq/connections.py:72: DeprecationWarning: The `pop_connection` function is deprecated. Pass the `connection` explicitly instead.
  warnings.warn(
/home/wahyu260697/document/Erpnext/silverplast/frappe-bench/env/lib/python3.11/site-packages/rq/connections.py:58: DeprecationWarning: The `push_connection` function is deprecated. Pass the `connection` explicitly instead.
  warnings.warn(
/home/wahyu260697/document/Erpnext/silverplast/frappe-bench/env/lib/python3.11/site-packages/passlib/utils/__init__.py:854: DeprecationWarning: 'crypt' is deprecated and slated for removal in Python 3.13
  from crypt import crypt as _crypt
/home/wahyu260697/document/Erpnext/silverplast/frappe-bench/env/lib/python3.11/site-packages/rq/connections.py:72: DeprecationWarning: The `pop_connection` function is deprecated. Pass the `connection` explicitly instead.
  warnings.warn(
/home/wahyu260697/document/Erpnext/silverplast/frappe-bench/env/lib/python3.11/site-packages/rq/connections.py:58: DeprecationWarning: The `push_connection` function is deprecated. Pass the `connection` explicitly instead.
  warnings.warn(
/home/wahyu260697/document/Erpnext/silverplast/frappe-bench/env/lib/python3.11/site-packages/passlib/utils/__init__.py:854: DeprecationWarning: 'crypt' is deprecated and slated for removal in Python 3.13
  from crypt import crypt as _crypt
/home/wahyu260697/document/Erpnext/silverplast/frappe-bench/env/lib/python3.11/site-packages/rq/connections.py:72: DeprecationWarning: The `pop_connection` function is deprecated. Pass the `connection` explicitly instead.
  warnings.warn(
/home/wahyu260697/document/Erpnext/silverplast/frappe-bench/env/lib/python3.11/site-packages/rq/connections.py:58: DeprecationWarning: The `push_connection` function is deprecated. Pass the `connection` explicitly instead.
  warnings.warn(
/home/wahyu260697/document/Erpnext/silverplast/frappe-bench/env/lib/python3.11/site-packages/passlib/utils/__init__.py:854: DeprecationWarning: 'crypt' is deprecated and slated for removal in Python 3.13
  from crypt import crypt as _crypt
/home/wahyu260697/document/Erpnext/silverplast/frappe-bench/env/lib/python3.11/site-packages/rq/connections.py:72: DeprecationWarning: The `pop_connection` function is deprecated. Pass the `connection` explicitly instead.
  warnings.warn(
/home/wahyu260697/document/Erpnext/silverplast/frappe-bench/env/lib/python3.11/site-packages/rq/connections.py:58: DeprecationWarning: The `push_connection` function is deprecated. Pass the `connection` explicitly instead.
  warnings.warn(
/home/wahyu260697/document/Erpnext/silverplast/frappe-bench/env/lib/python3.11/site-packages/passlib/utils/__init__.py:854: DeprecationWarning: 'crypt' is deprecated and slated for removal in Python 3.13
  from crypt import crypt as _crypt
/home/wahyu260697/document/Erpnext/silverplast/frappe-bench/env/lib/python3.11/site-packages/rq/connections.py:72: DeprecationWarning: The `pop_connection` function is deprecated. Pass the `connection` explicitly instead.
  warnings.warn(
/home/wahyu260697/document/Erpnext/silverplast/frappe-bench/env/lib/python3.11/site-packages/rq/connections.py:58: DeprecationWarning: The `push_connection` function is deprecated. Pass the `connection` explicitly instead.
  warnings.warn(
/home/wahyu260697/document/Erpnext/silverplast/frappe-bench/env/lib/python3.11/site-packages/passlib/utils/__init__.py:854: DeprecationWarning: 'crypt' is deprecated and slated for removal in Python 3.13
  from crypt import crypt as _crypt
/home/wahyu260697/document/Erpnext/silverplast/frappe-bench/env/lib/python3.11/site-packages/rq/connections.py:72: DeprecationWarning: The `pop_connection` function is deprecated. Pass the `connection` explicitly instead.
  warnings.warn(
/home/wahyu260697/document/Erpnext/silverplast/frappe-bench/env/lib/python3.11/site-packages/rq/connections.py:58: DeprecationWarning: The `push_connection` function is deprecated. Pass the `connection` explicitly instead.
  warnings.warn(
/home/wahyu260697/document/Erpnext/silverplast/frappe-bench/env/lib/python3.11/site-packages/passlib/utils/__init__.py:854: DeprecationWarning: 'crypt' is deprecated and slated for removal in Python 3.13
  from crypt import crypt as _crypt
/home/wahyu260697/document/Erpnext/silverplast/frappe-bench/env/lib/python3.11/site-packages/rq/connections.py:72: DeprecationWarning: The `pop_connection` function is deprecated. Pass the `connection` explicitly instead.
  warnings.warn(
/home/wahyu260697/document/Erpnext/silverplast/frappe-bench/env/lib/python3.11/site-packages/rq/connections.py:58: DeprecationWarning: The `push_connection` function is deprecated. Pass the `connection` explicitly instead.
  warnings.warn(
/home/wahyu260697/document/Erpnext/silverplast/frappe-bench/env/lib/python3.11/site-packages/passlib/utils/__init__.py:854: DeprecationWarning: 'crypt' is deprecated and slated for removal in Python 3.13
  from crypt import crypt as _crypt
/home/wahyu260697/document/Erpnext/silverplast/frappe-bench/env/lib/python3.11/site-packages/rq/connections.py:72: DeprecationWarning: The `pop_connection` function is deprecated. Pass the `connection` explicitly instead.
  warnings.warn(
/home/wahyu260697/document/Erpnext/silverplast/frappe-bench/env/lib/python3.11/site-packages/rq/connections.py:58: DeprecationWarning: The `push_connection` function is deprecated. Pass the `connection` explicitly instead.
  warnings.warn(
/home/wahyu260697/document/Erpnext/silverplast/frappe-bench/env/lib/python3.11/site-packages/passlib/utils/__init__.py:854: DeprecationWarning: 'crypt' is deprecated and slated for removal in Python 3.13
  from crypt import crypt as _crypt
/home/wahyu260697/document/Erpnext/silverplast/frappe-bench/env/lib/python3.11/site-packages/rq/connections.py:72: DeprecationWarning: The `pop_connection` function is deprecated. Pass the `connection` explicitly instead.
  warnings.warn(
/home/wahyu260697/document/Erpnext/silverplast/frappe-bench/env/lib/python3.11/site-packages/rq/connections.py:58: DeprecationWarning: The `push_connection` function is deprecated. Pass the `connection` explicitly instead.
  warnings.warn(
/home/wahyu260697/document/Erpnext/silverplast/frappe-bench/env/lib/python3.11/site-packages/passlib/utils/__init__.py:854: DeprecationWarning: 'crypt' is deprecated and slated for removal in Python 3.13
  from crypt import crypt as _crypt
/home/wahyu260697/document/Erpnext/silverplast/frappe-bench/env/lib/python3.11/site-packages/rq/connections.py:72: DeprecationWarning: The `pop_connection` function is deprecated. Pass the `connection` explicitly instead.
  warnings.warn(
/home/wahyu260697/document/Erpnext/silverplast/frappe-bench/env/lib/python3.11/site-packages/rq/connections.py:58: DeprecationWarning: The `push_connection` function is deprecated. Pass the `connection` explicitly instead.
  warnings.warn(
/home/wahyu260697/document/Erpnext/silverplast/frappe-bench/env/lib/python3.11/site-packages/passlib/utils/__init__.py:854: DeprecationWarning: 'crypt' is deprecated and slated for removal in Python 3.13
  from crypt import crypt as _crypt
Exception in thread Thread-1:
Traceback (most recent call last):
  File "/home/wahyu260697/.local/share/uv/python/cpython-3.11.14-linux-x86_64-gnu/lib/python3.11/threading.py", line 1045, in _bootstrap_inner
    self.run()
  File "/home/wahyu260697/document/Erpnext/silverplast/frappe-bench/env/lib/python3.11/site-packages/redis/client.py", line 1799, in run
    pubsub.get_message(ignore_subscribe_messages=True, timeout=sleep_time)
  File "/home/wahyu260697/document/Erpnext/silverplast/frappe-bench/env/lib/python3.11/site-packages/redis/client.py", line 1690, in get_message
    response = self.parse_response(block=(timeout is None), timeout=timeout)
               ^^^^^^^^^^^^^^^^^^^^^^^^^^^^^^^^^^^^^^^^^^^^^^^^^^^^^^^^^^^^^
  File "/home/wahyu260697/document/Erpnext/silverplast/frappe-bench/env/lib/python3.11/site-packages/redis/client.py", line 1542, in parse_response
    response = self._execute(conn, try_read)
               ^^^^^^^^^^^^^^^^^^^^^^^^^^^^^
  File "/home/wahyu260697/document/Erpnext/silverplast/frappe-bench/env/lib/python3.11/site-packages/redis/client.py", line 1518, in _execute
    return conn.retry.call_with_retry(
           ^^^^^^^^^^^^^^^^^^^^^^^^^^^
  File "/home/wahyu260697/document/Erpnext/silverplast/frappe-bench/env/lib/python3.11/site-packages/redis/retry.py", line 49, in call_with_retry
    fail(error)
  File "/home/wahyu260697/document/Erpnext/silverplast/frappe-bench/env/lib/python3.11/site-packages/redis/client.py", line 1520, in <lambda>
    lambda error: self._disconnect_raise_connect(conn, error),
                  ^^^^^^^^^^^^^^^^^^^^^^^^^^^^^^^^^^^^^^^^^^^
  File "/home/wahyu260697/document/Erpnext/silverplast/frappe-bench/env/lib/python3.11/site-packages/redis/client.py", line 1507, in _disconnect_raise_connect
    raise error
  File "/home/wahyu260697/document/Erpnext/silverplast/frappe-bench/env/lib/python3.11/site-packages/redis/retry.py", line 46, in call_with_retry
    return do()
           ^^^^
  File "/home/wahyu260697/document/Erpnext/silverplast/frappe-bench/env/lib/python3.11/site-packages/redis/client.py", line 1519, in <lambda>
    lambda: command(*args, **kwargs),
            ^^^^^^^^^^^^^^^^^^^^^^^^
  File "/home/wahyu260697/document/Erpnext/silverplast/frappe-bench/env/lib/python3.11/site-packages/redis/client.py", line 1536, in try_read
    if not conn.can_read(timeout=timeout):
           ^^^^^^^^^^^^^^^^^^^^^^^^^^^^^^
  File "/home/wahyu260697/document/Erpnext/silverplast/frappe-bench/env/lib/python3.11/site-packages/redis/connection.py", line 861, in can_read
    return self._parser.can_read(timeout)
           ^^^^^^^^^^^^^^^^^^^^^^^^^^^^^^
  File "/home/wahyu260697/document/Erpnext/silverplast/frappe-bench/env/lib/python3.11/site-packages/redis/connection.py", line 444, in can_read
    return self.read_from_socket(timeout=timeout, raise_on_timeout=False)
           ^^^^^^^^^^^^^^^^^^^^^^^^^^^^^^^^^^^^^^^^^^^^^^^^^^^^^^^^^^^^^^
  File "/home/wahyu260697/document/Erpnext/silverplast/frappe-bench/env/lib/python3.11/site-packages/redis/connection.py", line 455, in read_from_socket
    raise ConnectionError(SERVER_CLOSED_CONNECTION_ERROR)
redis.exceptions.ConnectionError: Connection closed by server.
2026-03-26 20:42:08,569 [Job dev.local::scheduled_job::frappe.twofactor.delete_all_barcodes_for_users]: exception raised while executing (frappe.utils.background_jobs.execute_job)
Traceback (most recent call last):
  File "/home/wahyu260697/document/Erpnext/silverplast/frappe-bench/env/lib/python3.11/site-packages/redis/connection.py", line 699, in connect
    sock = self.retry.call_with_retry(
           ^^^^^^^^^^^^^^^^^^^^^^^^^^^
  File "/home/wahyu260697/document/Erpnext/silverplast/frappe-bench/env/lib/python3.11/site-packages/redis/retry.py", line 46, in call_with_retry
    return do()
           ^^^^
  File "/home/wahyu260697/document/Erpnext/silverplast/frappe-bench/env/lib/python3.11/site-packages/redis/connection.py", line 700, in <lambda>
    lambda: self._connect(), lambda error: self.disconnect(error)
            ^^^^^^^^^^^^^^^
  File "/home/wahyu260697/document/Erpnext/silverplast/frappe-bench/env/lib/python3.11/site-packages/redis/connection.py", line 1002, in _connect
    raise err
  File "/home/wahyu260697/document/Erpnext/silverplast/frappe-bench/env/lib/python3.11/site-packages/redis/connection.py", line 990, in _connect
    sock.connect(socket_address)
ConnectionRefusedError: [Errno 111] Connection refused

During handling of the above exception, another exception occurred:

Traceback (most recent call last):
  File "/home/wahyu260697/document/Erpnext/silverplast/frappe-bench/env/lib/python3.11/site-packages/rq/worker.py", line 1437, in perform_job
    job.heartbeat(utcnow(), job.success_callback_timeout)
  File "/home/wahyu260697/document/Erpnext/silverplast/frappe-bench/env/lib/python3.11/site-packages/rq/job.py", line 722, in heartbeat
    connection.hset(self.key, 'last_heartbeat', utcformat(self.last_heartbeat))
  File "/home/wahyu260697/document/Erpnext/silverplast/frappe-bench/env/lib/python3.11/site-packages/redis/commands/core.py", line 4952, in hset
    return self.execute_command("HSET", name, *items)
           ^^^^^^^^^^^^^^^^^^^^^^^^^^^^^^^^^^^^^^^^^^
  File "/home/wahyu260697/document/Erpnext/silverplast/frappe-bench/env/lib/python3.11/site-packages/redis/client.py", line 1266, in execute_command
    conn = self.connection or pool.get_connection(command_name, **options)
                              ^^^^^^^^^^^^^^^^^^^^^^^^^^^^^^^^^^^^^^^^^^^^
  File "/home/wahyu260697/document/Erpnext/silverplast/frappe-bench/env/lib/python3.11/site-packages/redis/connection.py", line 1457, in get_connection
    connection.connect()
  File "/home/wahyu260697/document/Erpnext/silverplast/frappe-bench/env/lib/python3.11/site-packages/redis/connection.py", line 705, in connect
    raise ConnectionError(self._error_message(e))
redis.exceptions.ConnectionError: Error 111 connecting to 127.0.0.1:11000. Connection refused.

During handling of the above exception, another exception occurred:

Traceback (most recent call last):
  File "/home/wahyu260697/document/Erpnext/silverplast/frappe-bench/env/lib/python3.11/site-packages/redis/connection.py", line 699, in connect
    sock = self.retry.call_with_retry(
           ^^^^^^^^^^^^^^^^^^^^^^^^^^^
  File "/home/wahyu260697/document/Erpnext/silverplast/frappe-bench/env/lib/python3.11/site-packages/redis/retry.py", line 46, in call_with_retry
    return do()
           ^^^^
  File "/home/wahyu260697/document/Erpnext/silverplast/frappe-bench/env/lib/python3.11/site-packages/redis/connection.py", line 700, in <lambda>
    lambda: self._connect(), lambda error: self.disconnect(error)
            ^^^^^^^^^^^^^^^
  File "/home/wahyu260697/document/Erpnext/silverplast/frappe-bench/env/lib/python3.11/site-packages/redis/connection.py", line 1002, in _connect
    raise err
  File "/home/wahyu260697/document/Erpnext/silverplast/frappe-bench/env/lib/python3.11/site-packages/redis/connection.py", line 990, in _connect
    sock.connect(socket_address)
ConnectionRefusedError: [Errno 111] Connection refused

During handling of the above exception, another exception occurred:

Traceback (most recent call last):
  File "/home/wahyu260697/document/Erpnext/silverplast/frappe-bench/env/lib/python3.11/site-packages/rq/worker.py", line 1448, in perform_job
    job.heartbeat(utcnow(), job.failure_callback_timeout)
  File "/home/wahyu260697/document/Erpnext/silverplast/frappe-bench/env/lib/python3.11/site-packages/rq/job.py", line 722, in heartbeat
    connection.hset(self.key, 'last_heartbeat', utcformat(self.last_heartbeat))
  File "/home/wahyu260697/document/Erpnext/silverplast/frappe-bench/env/lib/python3.11/site-packages/redis/commands/core.py", line 4952, in hset
    return self.execute_command("HSET", name, *items)
           ^^^^^^^^^^^^^^^^^^^^^^^^^^^^^^^^^^^^^^^^^^
  File "/home/wahyu260697/document/Erpnext/silverplast/frappe-bench/env/lib/python3.11/site-packages/redis/client.py", line 1266, in execute_command
    conn = self.connection or pool.get_connection(command_name, **options)
                              ^^^^^^^^^^^^^^^^^^^^^^^^^^^^^^^^^^^^^^^^^^^^
  File "/home/wahyu260697/document/Erpnext/silverplast/frappe-bench/env/lib/python3.11/site-packages/redis/connection.py", line 1457, in get_connection
    connection.connect()
  File "/home/wahyu260697/document/Erpnext/silverplast/frappe-bench/env/lib/python3.11/site-packages/redis/connection.py", line 705, in connect
    raise ConnectionError(self._error_message(e))
redis.exceptions.ConnectionError: Error 111 connecting to 127.0.0.1:11000. Connection refused.

/home/wahyu260697/document/Erpnext/silverplast/frappe-bench/env/lib/python3.11/site-packages/rq/connections.py:72: DeprecationWarning: The `pop_connection` function is deprecated. Pass the `connection` explicitly instead.
  warnings.warn(
2026-03-26 20:42:08,574 Worker rq:worker:3c0bcdfd9a094b53a8993984c3083343: found an unhandled exception, quitting...
Traceback (most recent call last):
  File "/home/wahyu260697/document/Erpnext/silverplast/frappe-bench/env/lib/python3.11/site-packages/redis/connection.py", line 1463, in get_connection
    if connection.can_read():
       ^^^^^^^^^^^^^^^^^^^^^
  File "/home/wahyu260697/document/Erpnext/silverplast/frappe-bench/env/lib/python3.11/site-packages/redis/connection.py", line 861, in can_read
    return self._parser.can_read(timeout)
           ^^^^^^^^^^^^^^^^^^^^^^^^^^^^^^
  File "/home/wahyu260697/document/Erpnext/silverplast/frappe-bench/env/lib/python3.11/site-packages/redis/connection.py", line 444, in can_read
    return self.read_from_socket(timeout=timeout, raise_on_timeout=False)
           ^^^^^^^^^^^^^^^^^^^^^^^^^^^^^^^^^^^^^^^^^^^^^^^^^^^^^^^^^^^^^^
  File "/home/wahyu260697/document/Erpnext/silverplast/frappe-bench/env/lib/python3.11/site-packages/redis/connection.py", line 455, in read_from_socket
    raise ConnectionError(SERVER_CLOSED_CONNECTION_ERROR)
redis.exceptions.ConnectionError: Connection closed by server.

During handling of the above exception, another exception occurred:

Traceback (most recent call last):
  File "/home/wahyu260697/document/Erpnext/silverplast/frappe-bench/env/lib/python3.11/site-packages/redis/connection.py", line 699, in connect
    sock = self.retry.call_with_retry(
           ^^^^^^^^^^^^^^^^^^^^^^^^^^^
  File "/home/wahyu260697/document/Erpnext/silverplast/frappe-bench/env/lib/python3.11/site-packages/redis/retry.py", line 46, in call_with_retry
    return do()
           ^^^^
  File "/home/wahyu260697/document/Erpnext/silverplast/frappe-bench/env/lib/python3.11/site-packages/redis/connection.py", line 700, in <lambda>
    lambda: self._connect(), lambda error: self.disconnect(error)
            ^^^^^^^^^^^^^^^
  File "/home/wahyu260697/document/Erpnext/silverplast/frappe-bench/env/lib/python3.11/site-packages/redis/connection.py", line 1002, in _connect
    raise err
  File "/home/wahyu260697/document/Erpnext/silverplast/frappe-bench/env/lib/python3.11/site-packages/redis/connection.py", line 990, in _connect
    sock.connect(socket_address)
ConnectionRefusedError: [Errno 111] Connection refused

During handling of the above exception, another exception occurred:

Traceback (most recent call last):
  File "/home/wahyu260697/document/Erpnext/silverplast/frappe-bench/env/lib/python3.11/site-packages/rq/worker.py", line 432, in work
    self.execute_job(job, queue)
  File "/home/wahyu260697/document/Erpnext/silverplast/frappe-bench/env/lib/python3.11/site-packages/rq/worker.py", line 1273, in execute_job
    self.monitor_work_horse(job, queue)
  File "/home/wahyu260697/document/Erpnext/silverplast/frappe-bench/env/lib/python3.11/site-packages/rq/worker.py", line 1238, in monitor_work_horse
    self.set_current_job_working_time(0)
  File "/home/wahyu260697/document/Erpnext/silverplast/frappe-bench/env/lib/python3.11/site-packages/rq/worker.py", line 887, in set_current_job_working_time
    connection.hset(self.key, 'current_job_working_time', current_job_working_time)
  File "/home/wahyu260697/document/Erpnext/silverplast/frappe-bench/env/lib/python3.11/site-packages/redis/commands/core.py", line 4952, in hset
    return self.execute_command("HSET", name, *items)
           ^^^^^^^^^^^^^^^^^^^^^^^^^^^^^^^^^^^^^^^^^^
  File "/home/wahyu260697/document/Erpnext/silverplast/frappe-bench/env/lib/python3.11/site-packages/redis/client.py", line 1266, in execute_command
    conn = self.connection or pool.get_connection(command_name, **options)
                              ^^^^^^^^^^^^^^^^^^^^^^^^^^^^^^^^^^^^^^^^^^^^
  File "/home/wahyu260697/document/Erpnext/silverplast/frappe-bench/env/lib/python3.11/site-packages/redis/connection.py", line 1467, in get_connection
    connection.connect()
  File "/home/wahyu260697/document/Erpnext/silverplast/frappe-bench/env/lib/python3.11/site-packages/redis/connection.py", line 705, in connect
    raise ConnectionError(self._error_message(e))
redis.exceptions.ConnectionError: Error 111 connecting to 127.0.0.1:11000. Connection refused.
Traceback (most recent call last):
  File "/home/wahyu260697/document/Erpnext/silverplast/frappe-bench/env/lib/python3.11/site-packages/redis/connection.py", line 699, in connect
    sock = self.retry.call_with_retry(
           ^^^^^^^^^^^^^^^^^^^^^^^^^^^
  File "/home/wahyu260697/document/Erpnext/silverplast/frappe-bench/env/lib/python3.11/site-packages/redis/retry.py", line 46, in call_with_retry
    return do()
           ^^^^
  File "/home/wahyu260697/document/Erpnext/silverplast/frappe-bench/env/lib/python3.11/site-packages/redis/connection.py", line 700, in <lambda>
    lambda: self._connect(), lambda error: self.disconnect(error)
            ^^^^^^^^^^^^^^^
  File "/home/wahyu260697/document/Erpnext/silverplast/frappe-bench/env/lib/python3.11/site-packages/redis/connection.py", line 1002, in _connect
    raise err
  File "/home/wahyu260697/document/Erpnext/silverplast/frappe-bench/env/lib/python3.11/site-packages/redis/connection.py", line 990, in _connect
    sock.connect(socket_address)
ConnectionRefusedError: [Errno 111] Connection refused

During handling of the above exception, another exception occurred:

Traceback (most recent call last):
  File "<frozen runpy>", line 198, in _run_module_as_main
  File "<frozen runpy>", line 88, in _run_code
  File "/home/wahyu260697/document/Erpnext/silverplast/frappe-bench/apps/frappe/frappe/utils/bench_helper.py", line 114, in <module>
    main()
  File "/home/wahyu260697/document/Erpnext/silverplast/frappe-bench/apps/frappe/frappe/utils/bench_helper.py", line 20, in main
    click.Group(commands=commands)(prog_name="bench")
  File "/home/wahyu260697/document/Erpnext/silverplast/frappe-bench/env/lib/python3.11/site-packages/click/core.py", line 1442, in __call__
    return self.main(*args, **kwargs)
           ^^^^^^^^^^^^^^^^^^^^^^^^^^
  File "/home/wahyu260697/document/Erpnext/silverplast/frappe-bench/env/lib/python3.11/site-packages/click/core.py", line 1363, in main
    rv = self.invoke(ctx)
         ^^^^^^^^^^^^^^^^
  File "/home/wahyu260697/document/Erpnext/silverplast/frappe-bench/env/lib/python3.11/site-packages/click/core.py", line 1830, in invoke
    return _process_result(sub_ctx.command.invoke(sub_ctx))
                           ^^^^^^^^^^^^^^^^^^^^^^^^^^^^^^^
  File "/home/wahyu260697/document/Erpnext/silverplast/frappe-bench/env/lib/python3.11/site-packages/click/core.py", line 1830, in invoke
    return _process_result(sub_ctx.command.invoke(sub_ctx))
                           ^^^^^^^^^^^^^^^^^^^^^^^^^^^^^^^
  File "/home/wahyu260697/document/Erpnext/silverplast/frappe-bench/env/lib/python3.11/site-packages/click/core.py", line 1226, in invoke
    return ctx.invoke(self.callback, **ctx.params)
           ^^^^^^^^^^^^^^^^^^^^^^^^^^^^^^^^^^^^^^^
  File "/home/wahyu260697/document/Erpnext/silverplast/frappe-bench/env/lib/python3.11/site-packages/click/core.py", line 794, in invoke
    return callback(*args, **kwargs)
           ^^^^^^^^^^^^^^^^^^^^^^^^^
  File "/home/wahyu260697/document/Erpnext/silverplast/frappe-bench/apps/frappe/frappe/commands/scheduler.py", line 205, in start_worker
    start_worker(
  File "/home/wahyu260697/document/Erpnext/silverplast/frappe-bench/apps/frappe/frappe/utils/background_jobs.py", line 321, in start_worker
    worker.work(
  File "/home/wahyu260697/document/Erpnext/silverplast/frappe-bench/env/lib/python3.11/site-packages/rq/worker.py", line 456, in work
    self.teardown()
  File "/home/wahyu260697/document/Erpnext/silverplast/frappe-bench/env/lib/python3.11/site-packages/rq/worker.py", line 1046, in teardown
    self.register_death()
  File "/home/wahyu260697/document/Erpnext/silverplast/frappe-bench/env/lib/python3.11/site-packages/rq/worker.py", line 832, in register_death
    p.execute()
  File "/home/wahyu260697/document/Erpnext/silverplast/frappe-bench/env/lib/python3.11/site-packages/redis/client.py", line 2114, in execute
    conn = self.connection_pool.get_connection("MULTI", self.shard_hint)
           ^^^^^^^^^^^^^^^^^^^^^^^^^^^^^^^^^^^^^^^^^^^^^^^^^^^^^^^^^^^^^
  File "/home/wahyu260697/document/Erpnext/silverplast/frappe-bench/env/lib/python3.11/site-packages/redis/connection.py", line 1457, in get_connection
    connection.connect()
  File "/home/wahyu260697/document/Erpnext/silverplast/frappe-bench/env/lib/python3.11/site-packages/redis/connection.py", line 705, in connect
    raise ConnectionError(self._error_message(e))
redis.exceptions.ConnectionError: Error 111 connecting to 127.0.0.1:11000. Connection refused.
StartedJobRegistry cleanup: Moving job to FailedJobRegistry (due to AbandonedJobError)
/home/wahyu260697/document/Erpnext/silverplast/frappe-bench/env/lib/python3.11/site-packages/rq/connections.py:58: DeprecationWarning: The `push_connection` function is deprecated. Pass the `connection` explicitly instead.
  warnings.warn(
/home/wahyu260697/document/Erpnext/silverplast/frappe-bench/env/lib/python3.11/site-packages/passlib/utils/__init__.py:854: DeprecationWarning: 'crypt' is deprecated and slated for removal in Python 3.13
  from crypt import crypt as _crypt
/home/wahyu260697/document/Erpnext/silverplast/frappe-bench/env/lib/python3.11/site-packages/rq/connections.py:72: DeprecationWarning: The `pop_connection` function is deprecated. Pass the `connection` explicitly instead.
  warnings.warn(
/home/wahyu260697/document/Erpnext/silverplast/frappe-bench/env/lib/python3.11/site-packages/rq/connections.py:58: DeprecationWarning: The `push_connection` function is deprecated. Pass the `connection` explicitly instead.
  warnings.warn(
/home/wahyu260697/document/Erpnext/silverplast/frappe-bench/env/lib/python3.11/site-packages/passlib/utils/__init__.py:854: DeprecationWarning: 'crypt' is deprecated and slated for removal in Python 3.13
  from crypt import crypt as _crypt
/home/wahyu260697/document/Erpnext/silverplast/frappe-bench/env/lib/python3.11/site-packages/rq/connections.py:72: DeprecationWarning: The `pop_connection` function is deprecated. Pass the `connection` explicitly instead.
  warnings.warn(
/home/wahyu260697/document/Erpnext/silverplast/frappe-bench/env/lib/python3.11/site-packages/rq/connections.py:58: DeprecationWarning: The `push_connection` function is deprecated. Pass the `connection` explicitly instead.
  warnings.warn(
/home/wahyu260697/document/Erpnext/silverplast/frappe-bench/env/lib/python3.11/site-packages/passlib/utils/__init__.py:854: DeprecationWarning: 'crypt' is deprecated and slated for removal in Python 3.13
  from crypt import crypt as _crypt
/home/wahyu260697/document/Erpnext/silverplast/frappe-bench/env/lib/python3.11/site-packages/rq/connections.py:72: DeprecationWarning: The `pop_connection` function is deprecated. Pass the `connection` explicitly instead.
  warnings.warn(
/home/wahyu260697/document/Erpnext/silverplast/frappe-bench/env/lib/python3.11/site-packages/rq/connections.py:58: DeprecationWarning: The `push_connection` function is deprecated. Pass the `connection` explicitly instead.
  warnings.warn(
/home/wahyu260697/document/Erpnext/silverplast/frappe-bench/env/lib/python3.11/site-packages/passlib/utils/__init__.py:854: DeprecationWarning: 'crypt' is deprecated and slated for removal in Python 3.13
  from crypt import crypt as _crypt
/home/wahyu260697/document/Erpnext/silverplast/frappe-bench/env/lib/python3.11/site-packages/rq/connections.py:72: DeprecationWarning: The `pop_connection` function is deprecated. Pass the `connection` explicitly instead.
  warnings.warn(
/home/wahyu260697/document/Erpnext/silverplast/frappe-bench/env/lib/python3.11/site-packages/rq/connections.py:58: DeprecationWarning: The `push_connection` function is deprecated. Pass the `connection` explicitly instead.
  warnings.warn(
/home/wahyu260697/document/Erpnext/silverplast/frappe-bench/env/lib/python3.11/site-packages/passlib/utils/__init__.py:854: DeprecationWarning: 'crypt' is deprecated and slated for removal in Python 3.13
  from crypt import crypt as _crypt
/home/wahyu260697/document/Erpnext/silverplast/frappe-bench/env/lib/python3.11/site-packages/rq/connections.py:72: DeprecationWarning: The `pop_connection` function is deprecated. Pass the `connection` explicitly instead.
  warnings.warn(
/home/wahyu260697/document/Erpnext/silverplast/frappe-bench/env/lib/python3.11/site-packages/rq/connections.py:58: DeprecationWarning: The `push_connection` function is deprecated. Pass the `connection` explicitly instead.
  warnings.warn(
/home/wahyu260697/document/Erpnext/silverplast/frappe-bench/env/lib/python3.11/site-packages/passlib/utils/__init__.py:854: DeprecationWarning: 'crypt' is deprecated and slated for removal in Python 3.13
  from crypt import crypt as _crypt
/home/wahyu260697/document/Erpnext/silverplast/frappe-bench/env/lib/python3.11/site-packages/rq/connections.py:72: DeprecationWarning: The `pop_connection` function is deprecated. Pass the `connection` explicitly instead.
  warnings.warn(
/home/wahyu260697/document/Erpnext/silverplast/frappe-bench/env/lib/python3.11/site-packages/rq/connections.py:58: DeprecationWarning: The `push_connection` function is deprecated. Pass the `connection` explicitly instead.
  warnings.warn(
/home/wahyu260697/document/Erpnext/silverplast/frappe-bench/env/lib/python3.11/site-packages/passlib/utils/__init__.py:854: DeprecationWarning: 'crypt' is deprecated and slated for removal in Python 3.13
  from crypt import crypt as _crypt
/home/wahyu260697/document/Erpnext/silverplast/frappe-bench/env/lib/python3.11/site-packages/rq/connections.py:72: DeprecationWarning: The `pop_connection` function is deprecated. Pass the `connection` explicitly instead.
  warnings.warn(
/home/wahyu260697/document/Erpnext/silverplast/frappe-bench/env/lib/python3.11/site-packages/rq/connections.py:58: DeprecationWarning: The `push_connection` function is deprecated. Pass the `connection` explicitly instead.
  warnings.warn(
/home/wahyu260697/document/Erpnext/silverplast/frappe-bench/env/lib/python3.11/site-packages/passlib/utils/__init__.py:854: DeprecationWarning: 'crypt' is deprecated and slated for removal in Python 3.13
  from crypt import crypt as _crypt
/home/wahyu260697/document/Erpnext/silverplast/frappe-bench/env/lib/python3.11/site-packages/rq/connections.py:72: DeprecationWarning: The `pop_connection` function is deprecated. Pass the `connection` explicitly instead.
  warnings.warn(
/home/wahyu260697/document/Erpnext/silverplast/frappe-bench/env/lib/python3.11/site-packages/rq/connections.py:58: DeprecationWarning: The `push_connection` function is deprecated. Pass the `connection` explicitly instead.
  warnings.warn(
/home/wahyu260697/document/Erpnext/silverplast/frappe-bench/env/lib/python3.11/site-packages/passlib/utils/__init__.py:854: DeprecationWarning: 'crypt' is deprecated and slated for removal in Python 3.13
  from crypt import crypt as _crypt
/home/wahyu260697/document/Erpnext/silverplast/frappe-bench/env/lib/python3.11/site-packages/rq/connections.py:72: DeprecationWarning: The `pop_connection` function is deprecated. Pass the `connection` explicitly instead.
  warnings.warn(
/home/wahyu260697/document/Erpnext/silverplast/frappe-bench/env/lib/python3.11/site-packages/rq/connections.py:58: DeprecationWarning: The `push_connection` function is deprecated. Pass the `connection` explicitly instead.
  warnings.warn(
/home/wahyu260697/document/Erpnext/silverplast/frappe-bench/env/lib/python3.11/site-packages/passlib/utils/__init__.py:854: DeprecationWarning: 'crypt' is deprecated and slated for removal in Python 3.13
  from crypt import crypt as _crypt
/home/wahyu260697/document/Erpnext/silverplast/frappe-bench/env/lib/python3.11/site-packages/rq/connections.py:72: DeprecationWarning: The `pop_connection` function is deprecated. Pass the `connection` explicitly instead.
  warnings.warn(
/home/wahyu260697/document/Erpnext/silverplast/frappe-bench/env/lib/python3.11/site-packages/rq/connections.py:58: DeprecationWarning: The `push_connection` function is deprecated. Pass the `connection` explicitly instead.
  warnings.warn(
/home/wahyu260697/document/Erpnext/silverplast/frappe-bench/env/lib/python3.11/site-packages/passlib/utils/__init__.py:854: DeprecationWarning: 'crypt' is deprecated and slated for removal in Python 3.13
  from crypt import crypt as _crypt
/home/wahyu260697/document/Erpnext/silverplast/frappe-bench/env/lib/python3.11/site-packages/rq/connections.py:72: DeprecationWarning: The `pop_connection` function is deprecated. Pass the `connection` explicitly instead.
  warnings.warn(
/home/wahyu260697/document/Erpnext/silverplast/frappe-bench/env/lib/python3.11/site-packages/rq/connections.py:58: DeprecationWarning: The `push_connection` function is deprecated. Pass the `connection` explicitly instead.
  warnings.warn(
/home/wahyu260697/document/Erpnext/silverplast/frappe-bench/env/lib/python3.11/site-packages/passlib/utils/__init__.py:854: DeprecationWarning: 'crypt' is deprecated and slated for removal in Python 3.13
  from crypt import crypt as _crypt
/home/wahyu260697/document/Erpnext/silverplast/frappe-bench/env/lib/python3.11/site-packages/rq/connections.py:72: DeprecationWarning: The `pop_connection` function is deprecated. Pass the `connection` explicitly instead.
  warnings.warn(
/home/wahyu260697/document/Erpnext/silverplast/frappe-bench/env/lib/python3.11/site-packages/rq/connections.py:58: DeprecationWarning: The `push_connection` function is deprecated. Pass the `connection` explicitly instead.
  warnings.warn(
/home/wahyu260697/document/Erpnext/silverplast/frappe-bench/env/lib/python3.11/site-packages/passlib/utils/__init__.py:854: DeprecationWarning: 'crypt' is deprecated and slated for removal in Python 3.13
  from crypt import crypt as _crypt
/home/wahyu260697/document/Erpnext/silverplast/frappe-bench/env/lib/python3.11/site-packages/rq/connections.py:72: DeprecationWarning: The `pop_connection` function is deprecated. Pass the `connection` explicitly instead.
  warnings.warn(
/home/wahyu260697/document/Erpnext/silverplast/frappe-bench/env/lib/python3.11/site-packages/rq/connections.py:58: DeprecationWarning: The `push_connection` function is deprecated. Pass the `connection` explicitly instead.
  warnings.warn(
/home/wahyu260697/document/Erpnext/silverplast/frappe-bench/env/lib/python3.11/site-packages/passlib/utils/__init__.py:854: DeprecationWarning: 'crypt' is deprecated and slated for removal in Python 3.13
  from crypt import crypt as _crypt
/home/wahyu260697/document/Erpnext/silverplast/frappe-bench/env/lib/python3.11/site-packages/rq/connections.py:72: DeprecationWarning: The `pop_connection` function is deprecated. Pass the `connection` explicitly instead.
  warnings.warn(
/home/wahyu260697/document/Erpnext/silverplast/frappe-bench/env/lib/python3.11/site-packages/rq/connections.py:58: DeprecationWarning: The `push_connection` function is deprecated. Pass the `connection` explicitly instead.
  warnings.warn(
/home/wahyu260697/document/Erpnext/silverplast/frappe-bench/env/lib/python3.11/site-packages/passlib/utils/__init__.py:854: DeprecationWarning: 'crypt' is deprecated and slated for removal in Python 3.13
  from crypt import crypt as _crypt
/home/wahyu260697/document/Erpnext/silverplast/frappe-bench/env/lib/python3.11/site-packages/rq/connections.py:72: DeprecationWarning: The `pop_connection` function is deprecated. Pass the `connection` explicitly instead.
  warnings.warn(
/home/wahyu260697/document/Erpnext/silverplast/frappe-bench/env/lib/python3.11/site-packages/rq/connections.py:58: DeprecationWarning: The `push_connection` function is deprecated. Pass the `connection` explicitly instead.
  warnings.warn(
/home/wahyu260697/document/Erpnext/silverplast/frappe-bench/env/lib/python3.11/site-packages/passlib/utils/__init__.py:854: DeprecationWarning: 'crypt' is deprecated and slated for removal in Python 3.13
  from crypt import crypt as _crypt
/home/wahyu260697/document/Erpnext/silverplast/frappe-bench/env/lib/python3.11/site-packages/rq/connections.py:72: DeprecationWarning: The `pop_connection` function is deprecated. Pass the `connection` explicitly instead.
  warnings.warn(
/home/wahyu260697/document/Erpnext/silverplast/frappe-bench/env/lib/python3.11/site-packages/rq/connections.py:58: DeprecationWarning: The `push_connection` function is deprecated. Pass the `connection` explicitly instead.
  warnings.warn(
/home/wahyu260697/document/Erpnext/silverplast/frappe-bench/env/lib/python3.11/site-packages/passlib/utils/__init__.py:854: DeprecationWarning: 'crypt' is deprecated and slated for removal in Python 3.13
  from crypt import crypt as _crypt
/home/wahyu260697/document/Erpnext/silverplast/frappe-bench/env/lib/python3.11/site-packages/rq/connections.py:72: DeprecationWarning: The `pop_connection` function is deprecated. Pass the `connection` explicitly instead.
  warnings.warn(
/home/wahyu260697/document/Erpnext/silverplast/frappe-bench/env/lib/python3.11/site-packages/rq/connections.py:58: DeprecationWarning: The `push_connection` function is deprecated. Pass the `connection` explicitly instead.
  warnings.warn(
/home/wahyu260697/document/Erpnext/silverplast/frappe-bench/env/lib/python3.11/site-packages/passlib/utils/__init__.py:854: DeprecationWarning: 'crypt' is deprecated and slated for removal in Python 3.13
  from crypt import crypt as _crypt
/home/wahyu260697/document/Erpnext/silverplast/frappe-bench/env/lib/python3.11/site-packages/rq/connections.py:72: DeprecationWarning: The `pop_connection` function is deprecated. Pass the `connection` explicitly instead.
  warnings.warn(
/home/wahyu260697/document/Erpnext/silverplast/frappe-bench/env/lib/python3.11/site-packages/rq/connections.py:58: DeprecationWarning: The `push_connection` function is deprecated. Pass the `connection` explicitly instead.
  warnings.warn(
/home/wahyu260697/document/Erpnext/silverplast/frappe-bench/env/lib/python3.11/site-packages/passlib/utils/__init__.py:854: DeprecationWarning: 'crypt' is deprecated and slated for removal in Python 3.13
  from crypt import crypt as _crypt
/home/wahyu260697/document/Erpnext/silverplast/frappe-bench/env/lib/python3.11/site-packages/rq/connections.py:72: DeprecationWarning: The `pop_connection` function is deprecated. Pass the `connection` explicitly instead.
  warnings.warn(
/home/wahyu260697/document/Erpnext/silverplast/frappe-bench/env/lib/python3.11/site-packages/rq/connections.py:58: DeprecationWarning: The `push_connection` function is deprecated. Pass the `connection` explicitly instead.
  warnings.warn(
/home/wahyu260697/document/Erpnext/silverplast/frappe-bench/env/lib/python3.11/site-packages/passlib/utils/__init__.py:854: DeprecationWarning: 'crypt' is deprecated and slated for removal in Python 3.13
  from crypt import crypt as _crypt
/home/wahyu260697/document/Erpnext/silverplast/frappe-bench/env/lib/python3.11/site-packages/rq/connections.py:72: DeprecationWarning: The `pop_connection` function is deprecated. Pass the `connection` explicitly instead.
  warnings.warn(
/home/wahyu260697/document/Erpnext/silverplast/frappe-bench/env/lib/python3.11/site-packages/rq/connections.py:58: DeprecationWarning: The `push_connection` function is deprecated. Pass the `connection` explicitly instead.
  warnings.warn(
/home/wahyu260697/document/Erpnext/silverplast/frappe-bench/env/lib/python3.11/site-packages/passlib/utils/__init__.py:854: DeprecationWarning: 'crypt' is deprecated and slated for removal in Python 3.13
  from crypt import crypt as _crypt
/home/wahyu260697/document/Erpnext/silverplast/frappe-bench/env/lib/python3.11/site-packages/rq/connections.py:72: DeprecationWarning: The `pop_connection` function is deprecated. Pass the `connection` explicitly instead.
  warnings.warn(
/home/wahyu260697/document/Erpnext/silverplast/frappe-bench/env/lib/python3.11/site-packages/rq/connections.py:58: DeprecationWarning: The `push_connection` function is deprecated. Pass the `connection` explicitly instead.
  warnings.warn(
/home/wahyu260697/document/Erpnext/silverplast/frappe-bench/env/lib/python3.11/site-packages/passlib/utils/__init__.py:854: DeprecationWarning: 'crypt' is deprecated and slated for removal in Python 3.13
  from crypt import crypt as _crypt
/home/wahyu260697/document/Erpnext/silverplast/frappe-bench/env/lib/python3.11/site-packages/rq/connections.py:72: DeprecationWarning: The `pop_connection` function is deprecated. Pass the `connection` explicitly instead.
  warnings.warn(
/home/wahyu260697/document/Erpnext/silverplast/frappe-bench/env/lib/python3.11/site-packages/rq/connections.py:58: DeprecationWarning: The `push_connection` function is deprecated. Pass the `connection` explicitly instead.
  warnings.warn(
/home/wahyu260697/document/Erpnext/silverplast/frappe-bench/env/lib/python3.11/site-packages/passlib/utils/__init__.py:854: DeprecationWarning: 'crypt' is deprecated and slated for removal in Python 3.13
  from crypt import crypt as _crypt
/home/wahyu260697/document/Erpnext/silverplast/frappe-bench/env/lib/python3.11/site-packages/rq/connections.py:72: DeprecationWarning: The `pop_connection` function is deprecated. Pass the `connection` explicitly instead.
  warnings.warn(
/home/wahyu260697/document/Erpnext/silverplast/frappe-bench/env/lib/python3.11/site-packages/rq/connections.py:58: DeprecationWarning: The `push_connection` function is deprecated. Pass the `connection` explicitly instead.
  warnings.warn(
/home/wahyu260697/document/Erpnext/silverplast/frappe-bench/env/lib/python3.11/site-packages/passlib/utils/__init__.py:854: DeprecationWarning: 'crypt' is deprecated and slated for removal in Python 3.13
  from crypt import crypt as _crypt
/home/wahyu260697/document/Erpnext/silverplast/frappe-bench/env/lib/python3.11/site-packages/rq/connections.py:72: DeprecationWarning: The `pop_connection` function is deprecated. Pass the `connection` explicitly instead.
  warnings.warn(
/home/wahyu260697/document/Erpnext/silverplast/frappe-bench/env/lib/python3.11/site-packages/rq/connections.py:58: DeprecationWarning: The `push_connection` function is deprecated. Pass the `connection` explicitly instead.
  warnings.warn(
/home/wahyu260697/document/Erpnext/silverplast/frappe-bench/env/lib/python3.11/site-packages/passlib/utils/__init__.py:854: DeprecationWarning: 'crypt' is deprecated and slated for removal in Python 3.13
  from crypt import crypt as _crypt
/home/wahyu260697/document/Erpnext/silverplast/frappe-bench/env/lib/python3.11/site-packages/rq/connections.py:72: DeprecationWarning: The `pop_connection` function is deprecated. Pass the `connection` explicitly instead.
  warnings.warn(
/home/wahyu260697/document/Erpnext/silverplast/frappe-bench/env/lib/python3.11/site-packages/rq/connections.py:58: DeprecationWarning: The `push_connection` function is deprecated. Pass the `connection` explicitly instead.
  warnings.warn(
/home/wahyu260697/document/Erpnext/silverplast/frappe-bench/env/lib/python3.11/site-packages/passlib/utils/__init__.py:854: DeprecationWarning: 'crypt' is deprecated and slated for removal in Python 3.13
  from crypt import crypt as _crypt
/home/wahyu260697/document/Erpnext/silverplast/frappe-bench/env/lib/python3.11/site-packages/rq/connections.py:72: DeprecationWarning: The `pop_connection` function is deprecated. Pass the `connection` explicitly instead.
  warnings.warn(
/home/wahyu260697/document/Erpnext/silverplast/frappe-bench/env/lib/python3.11/site-packages/rq/connections.py:58: DeprecationWarning: The `push_connection` function is deprecated. Pass the `connection` explicitly instead.
  warnings.warn(
/home/wahyu260697/document/Erpnext/silverplast/frappe-bench/env/lib/python3.11/site-packages/passlib/utils/__init__.py:854: DeprecationWarning: 'crypt' is deprecated and slated for removal in Python 3.13
  from crypt import crypt as _crypt
/home/wahyu260697/document/Erpnext/silverplast/frappe-bench/env/lib/python3.11/site-packages/rq/connections.py:72: DeprecationWarning: The `pop_connection` function is deprecated. Pass the `connection` explicitly instead.
  warnings.warn(
Traceback (most recent call last):
  File "/home/wahyu260697/document/Erpnext/silverplast/frappe-bench/env/lib/python3.11/site-packages/redis/connection.py", line 825, in send_packed_command
    self._sock.sendall(item)
ConnectionResetError: [Errno 104] Connection reset by peer

During handling of the above exception, another exception occurred:

Traceback (most recent call last):
  File "<frozen runpy>", line 198, in _run_module_as_main
  File "<frozen runpy>", line 88, in _run_code
  File "/home/wahyu260697/document/Erpnext/silverplast/frappe-bench/apps/frappe/frappe/utils/bench_helper.py", line 114, in <module>
    main()
  File "/home/wahyu260697/document/Erpnext/silverplast/frappe-bench/apps/frappe/frappe/utils/bench_helper.py", line 20, in main
    click.Group(commands=commands)(prog_name="bench")
  File "/home/wahyu260697/document/Erpnext/silverplast/frappe-bench/env/lib/python3.11/site-packages/click/core.py", line 1442, in __call__
    return self.main(*args, **kwargs)
           ^^^^^^^^^^^^^^^^^^^^^^^^^^
  File "/home/wahyu260697/document/Erpnext/silverplast/frappe-bench/env/lib/python3.11/site-packages/click/core.py", line 1363, in main
    rv = self.invoke(ctx)
         ^^^^^^^^^^^^^^^^
  File "/home/wahyu260697/document/Erpnext/silverplast/frappe-bench/env/lib/python3.11/site-packages/click/core.py", line 1830, in invoke
    return _process_result(sub_ctx.command.invoke(sub_ctx))
                           ^^^^^^^^^^^^^^^^^^^^^^^^^^^^^^^
  File "/home/wahyu260697/document/Erpnext/silverplast/frappe-bench/env/lib/python3.11/site-packages/click/core.py", line 1830, in invoke
    return _process_result(sub_ctx.command.invoke(sub_ctx))
                           ^^^^^^^^^^^^^^^^^^^^^^^^^^^^^^^
  File "/home/wahyu260697/document/Erpnext/silverplast/frappe-bench/env/lib/python3.11/site-packages/click/core.py", line 1226, in invoke
    return ctx.invoke(self.callback, **ctx.params)
           ^^^^^^^^^^^^^^^^^^^^^^^^^^^^^^^^^^^^^^^
  File "/home/wahyu260697/document/Erpnext/silverplast/frappe-bench/env/lib/python3.11/site-packages/click/core.py", line 794, in invoke
    return callback(*args, **kwargs)
           ^^^^^^^^^^^^^^^^^^^^^^^^^
  File "/home/wahyu260697/document/Erpnext/silverplast/frappe-bench/apps/frappe/frappe/commands/scheduler.py", line 205, in start_worker
    start_worker(
  File "/home/wahyu260697/document/Erpnext/silverplast/frappe-bench/apps/frappe/frappe/utils/background_jobs.py", line 321, in start_worker
    worker.work(
  File "/home/wahyu260697/document/Erpnext/silverplast/frappe-bench/env/lib/python3.11/site-packages/rq/worker.py", line 456, in work
    self.teardown()
  File "/home/wahyu260697/document/Erpnext/silverplast/frappe-bench/env/lib/python3.11/site-packages/rq/worker.py", line 1047, in teardown
    self.unsubscribe()
  File "/home/wahyu260697/document/Erpnext/silverplast/frappe-bench/env/lib/python3.11/site-packages/rq/worker.py", line 624, in unsubscribe
    self.pubsub.unsubscribe()
  File "/home/wahyu260697/document/Erpnext/silverplast/frappe-bench/env/lib/python3.11/site-packages/redis/client.py", line 1659, in unsubscribe
    return self.execute_command("UNSUBSCRIBE", *args)
           ^^^^^^^^^^^^^^^^^^^^^^^^^^^^^^^^^^^^^^^^^^
  File "/home/wahyu260697/document/Erpnext/silverplast/frappe-bench/env/lib/python3.11/site-packages/redis/client.py", line 1479, in execute_command
    self._execute(connection, connection.send_command, *args, **kwargs)
  File "/home/wahyu260697/document/Erpnext/silverplast/frappe-bench/env/lib/python3.11/site-packages/redis/client.py", line 1518, in _execute
    return conn.retry.call_with_retry(
           ^^^^^^^^^^^^^^^^^^^^^^^^^^^
  File "/home/wahyu260697/document/Erpnext/silverplast/frappe-bench/env/lib/python3.11/site-packages/redis/retry.py", line 49, in call_with_retry
    fail(error)
  File "/home/wahyu260697/document/Erpnext/silverplast/frappe-bench/env/lib/python3.11/site-packages/redis/client.py", line 1520, in <lambda>
    lambda error: self._disconnect_raise_connect(conn, error),
                  ^^^^^^^^^^^^^^^^^^^^^^^^^^^^^^^^^^^^^^^^^^^
  File "/home/wahyu260697/document/Erpnext/silverplast/frappe-bench/env/lib/python3.11/site-packages/redis/client.py", line 1507, in _disconnect_raise_connect
    raise error
  File "/home/wahyu260697/document/Erpnext/silverplast/frappe-bench/env/lib/python3.11/site-packages/redis/retry.py", line 46, in call_with_retry
    return do()
           ^^^^
  File "/home/wahyu260697/document/Erpnext/silverplast/frappe-bench/env/lib/python3.11/site-packages/redis/client.py", line 1519, in <lambda>
    lambda: command(*args, **kwargs),
            ^^^^^^^^^^^^^^^^^^^^^^^^
  File "/home/wahyu260697/document/Erpnext/silverplast/frappe-bench/env/lib/python3.11/site-packages/redis/connection.py", line 847, in send_command
    self.send_packed_command(
  File "/home/wahyu260697/document/Erpnext/silverplast/frappe-bench/env/lib/python3.11/site-packages/redis/connection.py", line 836, in send_packed_command
    raise ConnectionError(f"Error {errno} while writing to socket. {errmsg}.")
redis.exceptions.ConnectionError: Error 104 while writing to socket. Connection reset by peer.
/home/wahyu260697/document/Erpnext/silverplast/frappe-bench/env/lib/python3.11/site-packages/rq/connections.py:58: DeprecationWarning: The `push_connection` function is deprecated. Pass the `connection` explicitly instead.
  warnings.warn(
/home/wahyu260697/document/Erpnext/silverplast/frappe-bench/env/lib/python3.11/site-packages/passlib/utils/__init__.py:854: DeprecationWarning: 'crypt' is deprecated and slated for removal in Python 3.13
  from crypt import crypt as _crypt
/home/wahyu260697/document/Erpnext/silverplast/frappe-bench/env/lib/python3.11/site-packages/whoosh/codec/whoosh3.py:1116: SyntaxWarning: "is" with a literal. Did you mean "=="?
  elif fixedsize is 0:
/home/wahyu260697/document/Erpnext/silverplast/frappe-bench/env/lib/python3.11/site-packages/rq/connections.py:72: DeprecationWarning: The `pop_connection` function is deprecated. Pass the `connection` explicitly instead.
  warnings.warn(
/home/wahyu260697/document/Erpnext/silverplast/frappe-bench/env/lib/python3.11/site-packages/rq/connections.py:58: DeprecationWarning: The `push_connection` function is deprecated. Pass the `connection` explicitly instead.
  warnings.warn(
/home/wahyu260697/document/Erpnext/silverplast/frappe-bench/env/lib/python3.11/site-packages/passlib/utils/__init__.py:854: DeprecationWarning: 'crypt' is deprecated and slated for removal in Python 3.13
  from crypt import crypt as _crypt
/home/wahyu260697/document/Erpnext/silverplast/frappe-bench/env/lib/python3.11/site-packages/rq/connections.py:72: DeprecationWarning: The `pop_connection` function is deprecated. Pass the `connection` explicitly instead.
  warnings.warn(
/home/wahyu260697/document/Erpnext/silverplast/frappe-bench/env/lib/python3.11/site-packages/rq/connections.py:58: DeprecationWarning: The `push_connection` function is deprecated. Pass the `connection` explicitly instead.
  warnings.warn(
/home/wahyu260697/document/Erpnext/silverplast/frappe-bench/env/lib/python3.11/site-packages/passlib/utils/__init__.py:854: DeprecationWarning: 'crypt' is deprecated and slated for removal in Python 3.13
  from crypt import crypt as _crypt
/home/wahyu260697/document/Erpnext/silverplast/frappe-bench/env/lib/python3.11/site-packages/rq/connections.py:72: DeprecationWarning: The `pop_connection` function is deprecated. Pass the `connection` explicitly instead.
  warnings.warn(
/home/wahyu260697/document/Erpnext/silverplast/frappe-bench/env/lib/python3.11/site-packages/rq/connections.py:58: DeprecationWarning: The `push_connection` function is deprecated. Pass the `connection` explicitly instead.
  warnings.warn(
/home/wahyu260697/document/Erpnext/silverplast/frappe-bench/env/lib/python3.11/site-packages/passlib/utils/__init__.py:854: DeprecationWarning: 'crypt' is deprecated and slated for removal in Python 3.13
  from crypt import crypt as _crypt
/home/wahyu260697/document/Erpnext/silverplast/frappe-bench/env/lib/python3.11/site-packages/rq/connections.py:72: DeprecationWarning: The `pop_connection` function is deprecated. Pass the `connection` explicitly instead.
  warnings.warn(
/home/wahyu260697/document/Erpnext/silverplast/frappe-bench/env/lib/python3.11/site-packages/rq/connections.py:58: DeprecationWarning: The `push_connection` function is deprecated. Pass the `connection` explicitly instead.
  warnings.warn(
/home/wahyu260697/document/Erpnext/silverplast/frappe-bench/env/lib/python3.11/site-packages/passlib/utils/__init__.py:854: DeprecationWarning: 'crypt' is deprecated and slated for removal in Python 3.13
  from crypt import crypt as _crypt
/home/wahyu260697/document/Erpnext/silverplast/frappe-bench/env/lib/python3.11/site-packages/rq/connections.py:72: DeprecationWarning: The `pop_connection` function is deprecated. Pass the `connection` explicitly instead.
  warnings.warn(
/home/wahyu260697/document/Erpnext/silverplast/frappe-bench/env/lib/python3.11/site-packages/rq/connections.py:58: DeprecationWarning: The `push_connection` function is deprecated. Pass the `connection` explicitly instead.
  warnings.warn(
/home/wahyu260697/document/Erpnext/silverplast/frappe-bench/env/lib/python3.11/site-packages/passlib/utils/__init__.py:854: DeprecationWarning: 'crypt' is deprecated and slated for removal in Python 3.13
  from crypt import crypt as _crypt
/home/wahyu260697/document/Erpnext/silverplast/frappe-bench/env/lib/python3.11/site-packages/rq/connections.py:72: DeprecationWarning: The `pop_connection` function is deprecated. Pass the `connection` explicitly instead.
  warnings.warn(
/home/wahyu260697/document/Erpnext/silverplast/frappe-bench/env/lib/python3.11/site-packages/rq/connections.py:58: DeprecationWarning: The `push_connection` function is deprecated. Pass the `connection` explicitly instead.
  warnings.warn(
/home/wahyu260697/document/Erpnext/silverplast/frappe-bench/env/lib/python3.11/site-packages/passlib/utils/__init__.py:854: DeprecationWarning: 'crypt' is deprecated and slated for removal in Python 3.13
  from crypt import crypt as _crypt
/home/wahyu260697/document/Erpnext/silverplast/frappe-bench/env/lib/python3.11/site-packages/rq/connections.py:72: DeprecationWarning: The `pop_connection` function is deprecated. Pass the `connection` explicitly instead.
  warnings.warn(
/home/wahyu260697/document/Erpnext/silverplast/frappe-bench/env/lib/python3.11/site-packages/rq/connections.py:58: DeprecationWarning: The `push_connection` function is deprecated. Pass the `connection` explicitly instead.
  warnings.warn(
/home/wahyu260697/document/Erpnext/silverplast/frappe-bench/env/lib/python3.11/site-packages/passlib/utils/__init__.py:854: DeprecationWarning: 'crypt' is deprecated and slated for removal in Python 3.13
  from crypt import crypt as _crypt
/home/wahyu260697/document/Erpnext/silverplast/frappe-bench/env/lib/python3.11/site-packages/rq/connections.py:72: DeprecationWarning: The `pop_connection` function is deprecated. Pass the `connection` explicitly instead.
  warnings.warn(
/home/wahyu260697/document/Erpnext/silverplast/frappe-bench/env/lib/python3.11/site-packages/rq/connections.py:58: DeprecationWarning: The `push_connection` function is deprecated. Pass the `connection` explicitly instead.
  warnings.warn(
/home/wahyu260697/document/Erpnext/silverplast/frappe-bench/env/lib/python3.11/site-packages/passlib/utils/__init__.py:854: DeprecationWarning: 'crypt' is deprecated and slated for removal in Python 3.13
  from crypt import crypt as _crypt
/home/wahyu260697/document/Erpnext/silverplast/frappe-bench/env/lib/python3.11/site-packages/rq/connections.py:72: DeprecationWarning: The `pop_connection` function is deprecated. Pass the `connection` explicitly instead.
  warnings.warn(
/home/wahyu260697/document/Erpnext/silverplast/frappe-bench/env/lib/python3.11/site-packages/rq/connections.py:58: DeprecationWarning: The `push_connection` function is deprecated. Pass the `connection` explicitly instead.
  warnings.warn(
/home/wahyu260697/document/Erpnext/silverplast/frappe-bench/env/lib/python3.11/site-packages/passlib/utils/__init__.py:854: DeprecationWarning: 'crypt' is deprecated and slated for removal in Python 3.13
  from crypt import crypt as _crypt
/home/wahyu260697/document/Erpnext/silverplast/frappe-bench/env/lib/python3.11/site-packages/rq/connections.py:72: DeprecationWarning: The `pop_connection` function is deprecated. Pass the `connection` explicitly instead.
  warnings.warn(
/home/wahyu260697/document/Erpnext/silverplast/frappe-bench/env/lib/python3.11/site-packages/rq/connections.py:58: DeprecationWarning: The `push_connection` function is deprecated. Pass the `connection` explicitly instead.
  warnings.warn(
/home/wahyu260697/document/Erpnext/silverplast/frappe-bench/env/lib/python3.11/site-packages/passlib/utils/__init__.py:854: DeprecationWarning: 'crypt' is deprecated and slated for removal in Python 3.13
  from crypt import crypt as _crypt
/home/wahyu260697/document/Erpnext/silverplast/frappe-bench/env/lib/python3.11/site-packages/rq/connections.py:72: DeprecationWarning: The `pop_connection` function is deprecated. Pass the `connection` explicitly instead.
  warnings.warn(
/home/wahyu260697/document/Erpnext/silverplast/frappe-bench/env/lib/python3.11/site-packages/rq/connections.py:58: DeprecationWarning: The `push_connection` function is deprecated. Pass the `connection` explicitly instead.
  warnings.warn(
/home/wahyu260697/document/Erpnext/silverplast/frappe-bench/env/lib/python3.11/site-packages/passlib/utils/__init__.py:854: DeprecationWarning: 'crypt' is deprecated and slated for removal in Python 3.13
  from crypt import crypt as _crypt
/home/wahyu260697/document/Erpnext/silverplast/frappe-bench/env/lib/python3.11/site-packages/rq/connections.py:72: DeprecationWarning: The `pop_connection` function is deprecated. Pass the `connection` explicitly instead.
  warnings.warn(
/home/wahyu260697/document/Erpnext/silverplast/frappe-bench/env/lib/python3.11/site-packages/rq/connections.py:58: DeprecationWarning: The `push_connection` function is deprecated. Pass the `connection` explicitly instead.
  warnings.warn(
/home/wahyu260697/document/Erpnext/silverplast/frappe-bench/env/lib/python3.11/site-packages/passlib/utils/__init__.py:854: DeprecationWarning: 'crypt' is deprecated and slated for removal in Python 3.13
  from crypt import crypt as _crypt
/home/wahyu260697/document/Erpnext/silverplast/frappe-bench/env/lib/python3.11/site-packages/rq/connections.py:72: DeprecationWarning: The `pop_connection` function is deprecated. Pass the `connection` explicitly instead.
  warnings.warn(
/home/wahyu260697/document/Erpnext/silverplast/frappe-bench/env/lib/python3.11/site-packages/rq/connections.py:58: DeprecationWarning: The `push_connection` function is deprecated. Pass the `connection` explicitly instead.
  warnings.warn(
/home/wahyu260697/document/Erpnext/silverplast/frappe-bench/env/lib/python3.11/site-packages/passlib/utils/__init__.py:854: DeprecationWarning: 'crypt' is deprecated and slated for removal in Python 3.13
  from crypt import crypt as _crypt
/home/wahyu260697/document/Erpnext/silverplast/frappe-bench/env/lib/python3.11/site-packages/rq/connections.py:72: DeprecationWarning: The `pop_connection` function is deprecated. Pass the `connection` explicitly instead.
  warnings.warn(
/home/wahyu260697/document/Erpnext/silverplast/frappe-bench/env/lib/python3.11/site-packages/rq/connections.py:58: DeprecationWarning: The `push_connection` function is deprecated. Pass the `connection` explicitly instead.
  warnings.warn(
/home/wahyu260697/document/Erpnext/silverplast/frappe-bench/env/lib/python3.11/site-packages/passlib/utils/__init__.py:854: DeprecationWarning: 'crypt' is deprecated and slated for removal in Python 3.13
  from crypt import crypt as _crypt
/home/wahyu260697/document/Erpnext/silverplast/frappe-bench/env/lib/python3.11/site-packages/rq/connections.py:72: DeprecationWarning: The `pop_connection` function is deprecated. Pass the `connection` explicitly instead.
  warnings.warn(
/home/wahyu260697/document/Erpnext/silverplast/frappe-bench/env/lib/python3.11/site-packages/rq/connections.py:58: DeprecationWarning: The `push_connection` function is deprecated. Pass the `connection` explicitly instead.
  warnings.warn(
/home/wahyu260697/document/Erpnext/silverplast/frappe-bench/env/lib/python3.11/site-packages/passlib/utils/__init__.py:854: DeprecationWarning: 'crypt' is deprecated and slated for removal in Python 3.13
  from crypt import crypt as _crypt
/home/wahyu260697/document/Erpnext/silverplast/frappe-bench/env/lib/python3.11/site-packages/rq/connections.py:72: DeprecationWarning: The `pop_connection` function is deprecated. Pass the `connection` explicitly instead.
  warnings.warn(
/home/wahyu260697/document/Erpnext/silverplast/frappe-bench/env/lib/python3.11/site-packages/rq/connections.py:58: DeprecationWarning: The `push_connection` function is deprecated. Pass the `connection` explicitly instead.
  warnings.warn(
/home/wahyu260697/document/Erpnext/silverplast/frappe-bench/env/lib/python3.11/site-packages/passlib/utils/__init__.py:854: DeprecationWarning: 'crypt' is deprecated and slated for removal in Python 3.13
  from crypt import crypt as _crypt
/home/wahyu260697/document/Erpnext/silverplast/frappe-bench/env/lib/python3.11/site-packages/rq/connections.py:72: DeprecationWarning: The `pop_connection` function is deprecated. Pass the `connection` explicitly instead.
  warnings.warn(
/home/wahyu260697/document/Erpnext/silverplast/frappe-bench/env/lib/python3.11/site-packages/rq/connections.py:58: DeprecationWarning: The `push_connection` function is deprecated. Pass the `connection` explicitly instead.
  warnings.warn(
/home/wahyu260697/document/Erpnext/silverplast/frappe-bench/env/lib/python3.11/site-packages/passlib/utils/__init__.py:854: DeprecationWarning: 'crypt' is deprecated and slated for removal in Python 3.13
  from crypt import crypt as _crypt
/home/wahyu260697/document/Erpnext/silverplast/frappe-bench/env/lib/python3.11/site-packages/rq/connections.py:72: DeprecationWarning: The `pop_connection` function is deprecated. Pass the `connection` explicitly instead.
  warnings.warn(
/home/wahyu260697/document/Erpnext/silverplast/frappe-bench/env/lib/python3.11/site-packages/rq/connections.py:58: DeprecationWarning: The `push_connection` function is deprecated. Pass the `connection` explicitly instead.
  warnings.warn(
/home/wahyu260697/document/Erpnext/silverplast/frappe-bench/env/lib/python3.11/site-packages/passlib/utils/__init__.py:854: DeprecationWarning: 'crypt' is deprecated and slated for removal in Python 3.13
  from crypt import crypt as _crypt
/home/wahyu260697/document/Erpnext/silverplast/frappe-bench/env/lib/python3.11/site-packages/rq/connections.py:72: DeprecationWarning: The `pop_connection` function is deprecated. Pass the `connection` explicitly instead.
  warnings.warn(
/home/wahyu260697/document/Erpnext/silverplast/frappe-bench/env/lib/python3.11/site-packages/rq/connections.py:58: DeprecationWarning: The `push_connection` function is deprecated. Pass the `connection` explicitly instead.
  warnings.warn(
/home/wahyu260697/document/Erpnext/silverplast/frappe-bench/env/lib/python3.11/site-packages/passlib/utils/__init__.py:854: DeprecationWarning: 'crypt' is deprecated and slated for removal in Python 3.13
  from crypt import crypt as _crypt
/home/wahyu260697/document/Erpnext/silverplast/frappe-bench/env/lib/python3.11/site-packages/rq/connections.py:72: DeprecationWarning: The `pop_connection` function is deprecated. Pass the `connection` explicitly instead.
  warnings.warn(
/home/wahyu260697/document/Erpnext/silverplast/frappe-bench/env/lib/python3.11/site-packages/rq/connections.py:58: DeprecationWarning: The `push_connection` function is deprecated. Pass the `connection` explicitly instead.
  warnings.warn(
/home/wahyu260697/document/Erpnext/silverplast/frappe-bench/env/lib/python3.11/site-packages/passlib/utils/__init__.py:854: DeprecationWarning: 'crypt' is deprecated and slated for removal in Python 3.13
  from crypt import crypt as _crypt
/home/wahyu260697/document/Erpnext/silverplast/frappe-bench/env/lib/python3.11/site-packages/rq/connections.py:72: DeprecationWarning: The `pop_connection` function is deprecated. Pass the `connection` explicitly instead.
  warnings.warn(
/home/wahyu260697/document/Erpnext/silverplast/frappe-bench/env/lib/python3.11/site-packages/rq/connections.py:58: DeprecationWarning: The `push_connection` function is deprecated. Pass the `connection` explicitly instead.
  warnings.warn(
/home/wahyu260697/document/Erpnext/silverplast/frappe-bench/env/lib/python3.11/site-packages/passlib/utils/__init__.py:854: DeprecationWarning: 'crypt' is deprecated and slated for removal in Python 3.13
  from crypt import crypt as _crypt
/home/wahyu260697/document/Erpnext/silverplast/frappe-bench/env/lib/python3.11/site-packages/rq/connections.py:72: DeprecationWarning: The `pop_connection` function is deprecated. Pass the `connection` explicitly instead.
  warnings.warn(
/home/wahyu260697/document/Erpnext/silverplast/frappe-bench/env/lib/python3.11/site-packages/rq/connections.py:58: DeprecationWarning: The `push_connection` function is deprecated. Pass the `connection` explicitly instead.
  warnings.warn(
/home/wahyu260697/document/Erpnext/silverplast/frappe-bench/env/lib/python3.11/site-packages/passlib/utils/__init__.py:854: DeprecationWarning: 'crypt' is deprecated and slated for removal in Python 3.13
  from crypt import crypt as _crypt
/home/wahyu260697/document/Erpnext/silverplast/frappe-bench/env/lib/python3.11/site-packages/rq/connections.py:72: DeprecationWarning: The `pop_connection` function is deprecated. Pass the `connection` explicitly instead.
  warnings.warn(
/home/wahyu260697/document/Erpnext/silverplast/frappe-bench/env/lib/python3.11/site-packages/rq/connections.py:58: DeprecationWarning: The `push_connection` function is deprecated. Pass the `connection` explicitly instead.
  warnings.warn(
/home/wahyu260697/document/Erpnext/silverplast/frappe-bench/env/lib/python3.11/site-packages/passlib/utils/__init__.py:854: DeprecationWarning: 'crypt' is deprecated and slated for removal in Python 3.13
  from crypt import crypt as _crypt
/home/wahyu260697/document/Erpnext/silverplast/frappe-bench/env/lib/python3.11/site-packages/rq/connections.py:72: DeprecationWarning: The `pop_connection` function is deprecated. Pass the `connection` explicitly instead.
  warnings.warn(
/home/wahyu260697/document/Erpnext/silverplast/frappe-bench/env/lib/python3.11/site-packages/rq/connections.py:58: DeprecationWarning: The `push_connection` function is deprecated. Pass the `connection` explicitly instead.
  warnings.warn(
/home/wahyu260697/document/Erpnext/silverplast/frappe-bench/env/lib/python3.11/site-packages/passlib/utils/__init__.py:854: DeprecationWarning: 'crypt' is deprecated and slated for removal in Python 3.13
  from crypt import crypt as _crypt
/home/wahyu260697/document/Erpnext/silverplast/frappe-bench/env/lib/python3.11/site-packages/rq/connections.py:72: DeprecationWarning: The `pop_connection` function is deprecated. Pass the `connection` explicitly instead.
  warnings.warn(
/home/wahyu260697/document/Erpnext/silverplast/frappe-bench/env/lib/python3.11/site-packages/rq/connections.py:58: DeprecationWarning: The `push_connection` function is deprecated. Pass the `connection` explicitly instead.
  warnings.warn(
/home/wahyu260697/document/Erpnext/silverplast/frappe-bench/env/lib/python3.11/site-packages/passlib/utils/__init__.py:854: DeprecationWarning: 'crypt' is deprecated and slated for removal in Python 3.13
  from crypt import crypt as _crypt
/home/wahyu260697/document/Erpnext/silverplast/frappe-bench/env/lib/python3.11/site-packages/rq/connections.py:72: DeprecationWarning: The `pop_connection` function is deprecated. Pass the `connection` explicitly instead.
  warnings.warn(
/home/wahyu260697/document/Erpnext/silverplast/frappe-bench/env/lib/python3.11/site-packages/rq/connections.py:58: DeprecationWarning: The `push_connection` function is deprecated. Pass the `connection` explicitly instead.
  warnings.warn(
/home/wahyu260697/document/Erpnext/silverplast/frappe-bench/env/lib/python3.11/site-packages/passlib/utils/__init__.py:854: DeprecationWarning: 'crypt' is deprecated and slated for removal in Python 3.13
  from crypt import crypt as _crypt
/home/wahyu260697/document/Erpnext/silverplast/frappe-bench/env/lib/python3.11/site-packages/rq/connections.py:72: DeprecationWarning: The `pop_connection` function is deprecated. Pass the `connection` explicitly instead.
  warnings.warn(
/home/wahyu260697/document/Erpnext/silverplast/frappe-bench/env/lib/python3.11/site-packages/rq/connections.py:58: DeprecationWarning: The `push_connection` function is deprecated. Pass the `connection` explicitly instead.
  warnings.warn(
/home/wahyu260697/document/Erpnext/silverplast/frappe-bench/env/lib/python3.11/site-packages/passlib/utils/__init__.py:854: DeprecationWarning: 'crypt' is deprecated and slated for removal in Python 3.13
  from crypt import crypt as _crypt
/home/wahyu260697/document/Erpnext/silverplast/frappe-bench/env/lib/python3.11/site-packages/rq/connections.py:72: DeprecationWarning: The `pop_connection` function is deprecated. Pass the `connection` explicitly instead.
  warnings.warn(
/home/wahyu260697/document/Erpnext/silverplast/frappe-bench/env/lib/python3.11/site-packages/rq/connections.py:58: DeprecationWarning: The `push_connection` function is deprecated. Pass the `connection` explicitly instead.
  warnings.warn(
/home/wahyu260697/document/Erpnext/silverplast/frappe-bench/env/lib/python3.11/site-packages/passlib/utils/__init__.py:854: DeprecationWarning: 'crypt' is deprecated and slated for removal in Python 3.13
  from crypt import crypt as _crypt
/home/wahyu260697/document/Erpnext/silverplast/frappe-bench/env/lib/python3.11/site-packages/rq/connections.py:72: DeprecationWarning: The `pop_connection` function is deprecated. Pass the `connection` explicitly instead.
  warnings.warn(
/home/wahyu260697/document/Erpnext/silverplast/frappe-bench/env/lib/python3.11/site-packages/rq/connections.py:58: DeprecationWarning: The `push_connection` function is deprecated. Pass the `connection` explicitly instead.
  warnings.warn(
/home/wahyu260697/document/Erpnext/silverplast/frappe-bench/env/lib/python3.11/site-packages/passlib/utils/__init__.py:854: DeprecationWarning: 'crypt' is deprecated and slated for removal in Python 3.13
  from crypt import crypt as _crypt
/home/wahyu260697/document/Erpnext/silverplast/frappe-bench/env/lib/python3.11/site-packages/rq/connections.py:72: DeprecationWarning: The `pop_connection` function is deprecated. Pass the `connection` explicitly instead.
  warnings.warn(
/home/wahyu260697/document/Erpnext/silverplast/frappe-bench/env/lib/python3.11/site-packages/rq/connections.py:58: DeprecationWarning: The `push_connection` function is deprecated. Pass the `connection` explicitly instead.
  warnings.warn(
/home/wahyu260697/document/Erpnext/silverplast/frappe-bench/env/lib/python3.11/site-packages/passlib/utils/__init__.py:854: DeprecationWarning: 'crypt' is deprecated and slated for removal in Python 3.13
  from crypt import crypt as _crypt
/home/wahyu260697/document/Erpnext/silverplast/frappe-bench/env/lib/python3.11/site-packages/rq/connections.py:72: DeprecationWarning: The `pop_connection` function is deprecated. Pass the `connection` explicitly instead.
  warnings.warn(
/home/wahyu260697/document/Erpnext/silverplast/frappe-bench/env/lib/python3.11/site-packages/rq/connections.py:58: DeprecationWarning: The `push_connection` function is deprecated. Pass the `connection` explicitly instead.
  warnings.warn(
/home/wahyu260697/document/Erpnext/silverplast/frappe-bench/env/lib/python3.11/site-packages/passlib/utils/__init__.py:854: DeprecationWarning: 'crypt' is deprecated and slated for removal in Python 3.13
  from crypt import crypt as _crypt
/home/wahyu260697/document/Erpnext/silverplast/frappe-bench/env/lib/python3.11/site-packages/rq/connections.py:72: DeprecationWarning: The `pop_connection` function is deprecated. Pass the `connection` explicitly instead.
  warnings.warn(
/home/wahyu260697/document/Erpnext/silverplast/frappe-bench/env/lib/python3.11/site-packages/rq/connections.py:58: DeprecationWarning: The `push_connection` function is deprecated. Pass the `connection` explicitly instead.
  warnings.warn(
/home/wahyu260697/document/Erpnext/silverplast/frappe-bench/env/lib/python3.11/site-packages/passlib/utils/__init__.py:854: DeprecationWarning: 'crypt' is deprecated and slated for removal in Python 3.13
  from crypt import crypt as _crypt
/home/wahyu260697/document/Erpnext/silverplast/frappe-bench/env/lib/python3.11/site-packages/rq/connections.py:72: DeprecationWarning: The `pop_connection` function is deprecated. Pass the `connection` explicitly instead.
  warnings.warn(
/home/wahyu260697/document/Erpnext/silverplast/frappe-bench/env/lib/python3.11/site-packages/rq/connections.py:58: DeprecationWarning: The `push_connection` function is deprecated. Pass the `connection` explicitly instead.
  warnings.warn(
/home/wahyu260697/document/Erpnext/silverplast/frappe-bench/env/lib/python3.11/site-packages/passlib/utils/__init__.py:854: DeprecationWarning: 'crypt' is deprecated and slated for removal in Python 3.13
  from crypt import crypt as _crypt
/home/wahyu260697/document/Erpnext/silverplast/frappe-bench/env/lib/python3.11/site-packages/rq/connections.py:72: DeprecationWarning: The `pop_connection` function is deprecated. Pass the `connection` explicitly instead.
  warnings.warn(
/home/wahyu260697/document/Erpnext/silverplast/frappe-bench/env/lib/python3.11/site-packages/rq/connections.py:58: DeprecationWarning: The `push_connection` function is deprecated. Pass the `connection` explicitly instead.
  warnings.warn(
/home/wahyu260697/document/Erpnext/silverplast/frappe-bench/env/lib/python3.11/site-packages/passlib/utils/__init__.py:854: DeprecationWarning: 'crypt' is deprecated and slated for removal in Python 3.13
  from crypt import crypt as _crypt
/home/wahyu260697/document/Erpnext/silverplast/frappe-bench/env/lib/python3.11/site-packages/rq/connections.py:72: DeprecationWarning: The `pop_connection` function is deprecated. Pass the `connection` explicitly instead.
  warnings.warn(
/home/wahyu260697/document/Erpnext/silverplast/frappe-bench/env/lib/python3.11/site-packages/rq/connections.py:58: DeprecationWarning: The `push_connection` function is deprecated. Pass the `connection` explicitly instead.
  warnings.warn(
/home/wahyu260697/document/Erpnext/silverplast/frappe-bench/env/lib/python3.11/site-packages/passlib/utils/__init__.py:854: DeprecationWarning: 'crypt' is deprecated and slated for removal in Python 3.13
  from crypt import crypt as _crypt
/home/wahyu260697/document/Erpnext/silverplast/frappe-bench/env/lib/python3.11/site-packages/rq/connections.py:72: DeprecationWarning: The `pop_connection` function is deprecated. Pass the `connection` explicitly instead.
  warnings.warn(
/home/wahyu260697/document/Erpnext/silverplast/frappe-bench/env/lib/python3.11/site-packages/rq/connections.py:58: DeprecationWarning: The `push_connection` function is deprecated. Pass the `connection` explicitly instead.
  warnings.warn(
/home/wahyu260697/document/Erpnext/silverplast/frappe-bench/env/lib/python3.11/site-packages/passlib/utils/__init__.py:854: DeprecationWarning: 'crypt' is deprecated and slated for removal in Python 3.13
  from crypt import crypt as _crypt
/home/wahyu260697/document/Erpnext/silverplast/frappe-bench/env/lib/python3.11/site-packages/rq/connections.py:72: DeprecationWarning: The `pop_connection` function is deprecated. Pass the `connection` explicitly instead.
  warnings.warn(
/home/wahyu260697/document/Erpnext/silverplast/frappe-bench/env/lib/python3.11/site-packages/rq/connections.py:58: DeprecationWarning: The `push_connection` function is deprecated. Pass the `connection` explicitly instead.
  warnings.warn(
/home/wahyu260697/document/Erpnext/silverplast/frappe-bench/env/lib/python3.11/site-packages/passlib/utils/__init__.py:854: DeprecationWarning: 'crypt' is deprecated and slated for removal in Python 3.13
  from crypt import crypt as _crypt
/home/wahyu260697/document/Erpnext/silverplast/frappe-bench/env/lib/python3.11/site-packages/rq/connections.py:72: DeprecationWarning: The `pop_connection` function is deprecated. Pass the `connection` explicitly instead.
  warnings.warn(
/home/wahyu260697/document/Erpnext/silverplast/frappe-bench/env/lib/python3.11/site-packages/rq/connections.py:58: DeprecationWarning: The `push_connection` function is deprecated. Pass the `connection` explicitly instead.
  warnings.warn(
/home/wahyu260697/document/Erpnext/silverplast/frappe-bench/env/lib/python3.11/site-packages/passlib/utils/__init__.py:854: DeprecationWarning: 'crypt' is deprecated and slated for removal in Python 3.13
  from crypt import crypt as _crypt
/home/wahyu260697/document/Erpnext/silverplast/frappe-bench/env/lib/python3.11/site-packages/rq/connections.py:72: DeprecationWarning: The `pop_connection` function is deprecated. Pass the `connection` explicitly instead.
  warnings.warn(
/home/wahyu260697/document/Erpnext/silverplast/frappe-bench/env/lib/python3.11/site-packages/rq/connections.py:58: DeprecationWarning: The `push_connection` function is deprecated. Pass the `connection` explicitly instead.
  warnings.warn(
/home/wahyu260697/document/Erpnext/silverplast/frappe-bench/env/lib/python3.11/site-packages/passlib/utils/__init__.py:854: DeprecationWarning: 'crypt' is deprecated and slated for removal in Python 3.13
  from crypt import crypt as _crypt
/home/wahyu260697/document/Erpnext/silverplast/frappe-bench/env/lib/python3.11/site-packages/rq/connections.py:72: DeprecationWarning: The `pop_connection` function is deprecated. Pass the `connection` explicitly instead.
  warnings.warn(
/home/wahyu260697/document/Erpnext/silverplast/frappe-bench/env/lib/python3.11/site-packages/rq/connections.py:58: DeprecationWarning: The `push_connection` function is deprecated. Pass the `connection` explicitly instead.
  warnings.warn(
/home/wahyu260697/document/Erpnext/silverplast/frappe-bench/env/lib/python3.11/site-packages/passlib/utils/__init__.py:854: DeprecationWarning: 'crypt' is deprecated and slated for removal in Python 3.13
  from crypt import crypt as _crypt
/home/wahyu260697/document/Erpnext/silverplast/frappe-bench/env/lib/python3.11/site-packages/rq/connections.py:72: DeprecationWarning: The `pop_connection` function is deprecated. Pass the `connection` explicitly instead.
  warnings.warn(
/home/wahyu260697/document/Erpnext/silverplast/frappe-bench/env/lib/python3.11/site-packages/rq/connections.py:58: DeprecationWarning: The `push_connection` function is deprecated. Pass the `connection` explicitly instead.
  warnings.warn(
/home/wahyu260697/document/Erpnext/silverplast/frappe-bench/env/lib/python3.11/site-packages/passlib/utils/__init__.py:854: DeprecationWarning: 'crypt' is deprecated and slated for removal in Python 3.13
  from crypt import crypt as _crypt
/home/wahyu260697/document/Erpnext/silverplast/frappe-bench/env/lib/python3.11/site-packages/rq/connections.py:72: DeprecationWarning: The `pop_connection` function is deprecated. Pass the `connection` explicitly instead.
  warnings.warn(
/home/wahyu260697/document/Erpnext/silverplast/frappe-bench/env/lib/python3.11/site-packages/rq/connections.py:58: DeprecationWarning: The `push_connection` function is deprecated. Pass the `connection` explicitly instead.
  warnings.warn(
/home/wahyu260697/document/Erpnext/silverplast/frappe-bench/env/lib/python3.11/site-packages/passlib/utils/__init__.py:854: DeprecationWarning: 'crypt' is deprecated and slated for removal in Python 3.13
  from crypt import crypt as _crypt
/home/wahyu260697/document/Erpnext/silverplast/frappe-bench/env/lib/python3.11/site-packages/rq/connections.py:72: DeprecationWarning: The `pop_connection` function is deprecated. Pass the `connection` explicitly instead.
  warnings.warn(
/home/wahyu260697/document/Erpnext/silverplast/frappe-bench/env/lib/python3.11/site-packages/rq/connections.py:58: DeprecationWarning: The `push_connection` function is deprecated. Pass the `connection` explicitly instead.
  warnings.warn(
/home/wahyu260697/document/Erpnext/silverplast/frappe-bench/env/lib/python3.11/site-packages/passlib/utils/__init__.py:854: DeprecationWarning: 'crypt' is deprecated and slated for removal in Python 3.13
  from crypt import crypt as _crypt
/home/wahyu260697/document/Erpnext/silverplast/frappe-bench/env/lib/python3.11/site-packages/rq/connections.py:72: DeprecationWarning: The `pop_connection` function is deprecated. Pass the `connection` explicitly instead.
  warnings.warn(
/home/wahyu260697/document/Erpnext/silverplast/frappe-bench/env/lib/python3.11/site-packages/rq/connections.py:58: DeprecationWarning: The `push_connection` function is deprecated. Pass the `connection` explicitly instead.
  warnings.warn(
/home/wahyu260697/document/Erpnext/silverplast/frappe-bench/env/lib/python3.11/site-packages/passlib/utils/__init__.py:854: DeprecationWarning: 'crypt' is deprecated and slated for removal in Python 3.13
  from crypt import crypt as _crypt
/home/wahyu260697/document/Erpnext/silverplast/frappe-bench/env/lib/python3.11/site-packages/rq/connections.py:72: DeprecationWarning: The `pop_connection` function is deprecated. Pass the `connection` explicitly instead.
  warnings.warn(
/home/wahyu260697/document/Erpnext/silverplast/frappe-bench/env/lib/python3.11/site-packages/rq/connections.py:58: DeprecationWarning: The `push_connection` function is deprecated. Pass the `connection` explicitly instead.
  warnings.warn(
/home/wahyu260697/document/Erpnext/silverplast/frappe-bench/env/lib/python3.11/site-packages/passlib/utils/__init__.py:854: DeprecationWarning: 'crypt' is deprecated and slated for removal in Python 3.13
  from crypt import crypt as _crypt
/home/wahyu260697/document/Erpnext/silverplast/frappe-bench/env/lib/python3.11/site-packages/rq/connections.py:72: DeprecationWarning: The `pop_connection` function is deprecated. Pass the `connection` explicitly instead.
  warnings.warn(
/home/wahyu260697/document/Erpnext/silverplast/frappe-bench/env/lib/python3.11/site-packages/rq/connections.py:58: DeprecationWarning: The `push_connection` function is deprecated. Pass the `connection` explicitly instead.
  warnings.warn(
/home/wahyu260697/document/Erpnext/silverplast/frappe-bench/env/lib/python3.11/site-packages/passlib/utils/__init__.py:854: DeprecationWarning: 'crypt' is deprecated and slated for removal in Python 3.13
  from crypt import crypt as _crypt
/home/wahyu260697/document/Erpnext/silverplast/frappe-bench/env/lib/python3.11/site-packages/rq/connections.py:72: DeprecationWarning: The `pop_connection` function is deprecated. Pass the `connection` explicitly instead.
  warnings.warn(
/home/wahyu260697/document/Erpnext/silverplast/frappe-bench/env/lib/python3.11/site-packages/rq/connections.py:58: DeprecationWarning: The `push_connection` function is deprecated. Pass the `connection` explicitly instead.
  warnings.warn(
/home/wahyu260697/document/Erpnext/silverplast/frappe-bench/env/lib/python3.11/site-packages/passlib/utils/__init__.py:854: DeprecationWarning: 'crypt' is deprecated and slated for removal in Python 3.13
  from crypt import crypt as _crypt
/home/wahyu260697/document/Erpnext/silverplast/frappe-bench/env/lib/python3.11/site-packages/rq/connections.py:72: DeprecationWarning: The `pop_connection` function is deprecated. Pass the `connection` explicitly instead.
  warnings.warn(
/home/wahyu260697/document/Erpnext/silverplast/frappe-bench/env/lib/python3.11/site-packages/rq/connections.py:58: DeprecationWarning: The `push_connection` function is deprecated. Pass the `connection` explicitly instead.
  warnings.warn(
/home/wahyu260697/document/Erpnext/silverplast/frappe-bench/env/lib/python3.11/site-packages/passlib/utils/__init__.py:854: DeprecationWarning: 'crypt' is deprecated and slated for removal in Python 3.13
  from crypt import crypt as _crypt
/home/wahyu260697/document/Erpnext/silverplast/frappe-bench/env/lib/python3.11/site-packages/rq/connections.py:72: DeprecationWarning: The `pop_connection` function is deprecated. Pass the `connection` explicitly instead.
  warnings.warn(
/home/wahyu260697/document/Erpnext/silverplast/frappe-bench/env/lib/python3.11/site-packages/rq/connections.py:58: DeprecationWarning: The `push_connection` function is deprecated. Pass the `connection` explicitly instead.
  warnings.warn(
/home/wahyu260697/document/Erpnext/silverplast/frappe-bench/env/lib/python3.11/site-packages/passlib/utils/__init__.py:854: DeprecationWarning: 'crypt' is deprecated and slated for removal in Python 3.13
  from crypt import crypt as _crypt
/home/wahyu260697/document/Erpnext/silverplast/frappe-bench/env/lib/python3.11/site-packages/rq/connections.py:72: DeprecationWarning: The `pop_connection` function is deprecated. Pass the `connection` explicitly instead.
  warnings.warn(
/home/wahyu260697/document/Erpnext/silverplast/frappe-bench/env/lib/python3.11/site-packages/rq/connections.py:58: DeprecationWarning: The `push_connection` function is deprecated. Pass the `connection` explicitly instead.
  warnings.warn(
/home/wahyu260697/document/Erpnext/silverplast/frappe-bench/env/lib/python3.11/site-packages/passlib/utils/__init__.py:854: DeprecationWarning: 'crypt' is deprecated and slated for removal in Python 3.13
  from crypt import crypt as _crypt
/home/wahyu260697/document/Erpnext/silverplast/frappe-bench/env/lib/python3.11/site-packages/rq/connections.py:72: DeprecationWarning: The `pop_connection` function is deprecated. Pass the `connection` explicitly instead.
  warnings.warn(
/home/wahyu260697/document/Erpnext/silverplast/frappe-bench/env/lib/python3.11/site-packages/rq/connections.py:58: DeprecationWarning: The `push_connection` function is deprecated. Pass the `connection` explicitly instead.
  warnings.warn(
/home/wahyu260697/document/Erpnext/silverplast/frappe-bench/env/lib/python3.11/site-packages/passlib/utils/__init__.py:854: DeprecationWarning: 'crypt' is deprecated and slated for removal in Python 3.13
  from crypt import crypt as _crypt
/home/wahyu260697/document/Erpnext/silverplast/frappe-bench/env/lib/python3.11/site-packages/rq/connections.py:72: DeprecationWarning: The `pop_connection` function is deprecated. Pass the `connection` explicitly instead.
  warnings.warn(
/home/wahyu260697/document/Erpnext/silverplast/frappe-bench/env/lib/python3.11/site-packages/rq/connections.py:58: DeprecationWarning: The `push_connection` function is deprecated. Pass the `connection` explicitly instead.
  warnings.warn(
/home/wahyu260697/document/Erpnext/silverplast/frappe-bench/env/lib/python3.11/site-packages/passlib/utils/__init__.py:854: DeprecationWarning: 'crypt' is deprecated and slated for removal in Python 3.13
  from crypt import crypt as _crypt
/home/wahyu260697/document/Erpnext/silverplast/frappe-bench/env/lib/python3.11/site-packages/rq/connections.py:72: DeprecationWarning: The `pop_connection` function is deprecated. Pass the `connection` explicitly instead.
  warnings.warn(
/home/wahyu260697/document/Erpnext/silverplast/frappe-bench/env/lib/python3.11/site-packages/rq/connections.py:58: DeprecationWarning: The `push_connection` function is deprecated. Pass the `connection` explicitly instead.
  warnings.warn(
/home/wahyu260697/document/Erpnext/silverplast/frappe-bench/env/lib/python3.11/site-packages/passlib/utils/__init__.py:854: DeprecationWarning: 'crypt' is deprecated and slated for removal in Python 3.13
  from crypt import crypt as _crypt
/home/wahyu260697/document/Erpnext/silverplast/frappe-bench/env/lib/python3.11/site-packages/rq/connections.py:72: DeprecationWarning: The `pop_connection` function is deprecated. Pass the `connection` explicitly instead.
  warnings.warn(
/home/wahyu260697/document/Erpnext/silverplast/frappe-bench/env/lib/python3.11/site-packages/rq/connections.py:58: DeprecationWarning: The `push_connection` function is deprecated. Pass the `connection` explicitly instead.
  warnings.warn(
/home/wahyu260697/document/Erpnext/silverplast/frappe-bench/env/lib/python3.11/site-packages/passlib/utils/__init__.py:854: DeprecationWarning: 'crypt' is deprecated and slated for removal in Python 3.13
  from crypt import crypt as _crypt
/home/wahyu260697/document/Erpnext/silverplast/frappe-bench/env/lib/python3.11/site-packages/rq/connections.py:72: DeprecationWarning: The `pop_connection` function is deprecated. Pass the `connection` explicitly instead.
  warnings.warn(
/home/wahyu260697/document/Erpnext/silverplast/frappe-bench/env/lib/python3.11/site-packages/rq/connections.py:58: DeprecationWarning: The `push_connection` function is deprecated. Pass the `connection` explicitly instead.
  warnings.warn(
/home/wahyu260697/document/Erpnext/silverplast/frappe-bench/env/lib/python3.11/site-packages/passlib/utils/__init__.py:854: DeprecationWarning: 'crypt' is deprecated and slated for removal in Python 3.13
  from crypt import crypt as _crypt
/home/wahyu260697/document/Erpnext/silverplast/frappe-bench/env/lib/python3.11/site-packages/rq/connections.py:72: DeprecationWarning: The `pop_connection` function is deprecated. Pass the `connection` explicitly instead.
  warnings.warn(
/home/wahyu260697/document/Erpnext/silverplast/frappe-bench/env/lib/python3.11/site-packages/rq/connections.py:58: DeprecationWarning: The `push_connection` function is deprecated. Pass the `connection` explicitly instead.
  warnings.warn(
/home/wahyu260697/document/Erpnext/silverplast/frappe-bench/env/lib/python3.11/site-packages/passlib/utils/__init__.py:854: DeprecationWarning: 'crypt' is deprecated and slated for removal in Python 3.13
  from crypt import crypt as _crypt
/home/wahyu260697/document/Erpnext/silverplast/frappe-bench/env/lib/python3.11/site-packages/rq/connections.py:72: DeprecationWarning: The `pop_connection` function is deprecated. Pass the `connection` explicitly instead.
  warnings.warn(
/home/wahyu260697/document/Erpnext/silverplast/frappe-bench/env/lib/python3.11/site-packages/rq/connections.py:58: DeprecationWarning: The `push_connection` function is deprecated. Pass the `connection` explicitly instead.
  warnings.warn(
/home/wahyu260697/document/Erpnext/silverplast/frappe-bench/env/lib/python3.11/site-packages/passlib/utils/__init__.py:854: DeprecationWarning: 'crypt' is deprecated and slated for removal in Python 3.13
  from crypt import crypt as _crypt
/home/wahyu260697/document/Erpnext/silverplast/frappe-bench/env/lib/python3.11/site-packages/rq/connections.py:72: DeprecationWarning: The `pop_connection` function is deprecated. Pass the `connection` explicitly instead.
  warnings.warn(
/home/wahyu260697/document/Erpnext/silverplast/frappe-bench/env/lib/python3.11/site-packages/rq/connections.py:58: DeprecationWarning: The `push_connection` function is deprecated. Pass the `connection` explicitly instead.
  warnings.warn(
/home/wahyu260697/document/Erpnext/silverplast/frappe-bench/env/lib/python3.11/site-packages/passlib/utils/__init__.py:854: DeprecationWarning: 'crypt' is deprecated and slated for removal in Python 3.13
  from crypt import crypt as _crypt
/home/wahyu260697/document/Erpnext/silverplast/frappe-bench/env/lib/python3.11/site-packages/rq/connections.py:72: DeprecationWarning: The `pop_connection` function is deprecated. Pass the `connection` explicitly instead.
  warnings.warn(
/home/wahyu260697/document/Erpnext/silverplast/frappe-bench/env/lib/python3.11/site-packages/rq/connections.py:58: DeprecationWarning: The `push_connection` function is deprecated. Pass the `connection` explicitly instead.
  warnings.warn(
/home/wahyu260697/document/Erpnext/silverplast/frappe-bench/env/lib/python3.11/site-packages/passlib/utils/__init__.py:854: DeprecationWarning: 'crypt' is deprecated and slated for removal in Python 3.13
  from crypt import crypt as _crypt
/home/wahyu260697/document/Erpnext/silverplast/frappe-bench/env/lib/python3.11/site-packages/rq/connections.py:72: DeprecationWarning: The `pop_connection` function is deprecated. Pass the `connection` explicitly instead.
  warnings.warn(
/home/wahyu260697/document/Erpnext/silverplast/frappe-bench/env/lib/python3.11/site-packages/rq/connections.py:58: DeprecationWarning: The `push_connection` function is deprecated. Pass the `connection` explicitly instead.
  warnings.warn(
/home/wahyu260697/document/Erpnext/silverplast/frappe-bench/env/lib/python3.11/site-packages/passlib/utils/__init__.py:854: DeprecationWarning: 'crypt' is deprecated and slated for removal in Python 3.13
  from crypt import crypt as _crypt
/home/wahyu260697/document/Erpnext/silverplast/frappe-bench/env/lib/python3.11/site-packages/rq/connections.py:72: DeprecationWarning: The `pop_connection` function is deprecated. Pass the `connection` explicitly instead.
  warnings.warn(
/home/wahyu260697/document/Erpnext/silverplast/frappe-bench/env/lib/python3.11/site-packages/rq/connections.py:58: DeprecationWarning: The `push_connection` function is deprecated. Pass the `connection` explicitly instead.
  warnings.warn(
/home/wahyu260697/document/Erpnext/silverplast/frappe-bench/env/lib/python3.11/site-packages/passlib/utils/__init__.py:854: DeprecationWarning: 'crypt' is deprecated and slated for removal in Python 3.13
  from crypt import crypt as _crypt
/home/wahyu260697/document/Erpnext/silverplast/frappe-bench/env/lib/python3.11/site-packages/rq/connections.py:72: DeprecationWarning: The `pop_connection` function is deprecated. Pass the `connection` explicitly instead.
  warnings.warn(
/home/wahyu260697/document/Erpnext/silverplast/frappe-bench/env/lib/python3.11/site-packages/rq/connections.py:58: DeprecationWarning: The `push_connection` function is deprecated. Pass the `connection` explicitly instead.
  warnings.warn(
/home/wahyu260697/document/Erpnext/silverplast/frappe-bench/env/lib/python3.11/site-packages/passlib/utils/__init__.py:854: DeprecationWarning: 'crypt' is deprecated and slated for removal in Python 3.13
  from crypt import crypt as _crypt
/home/wahyu260697/document/Erpnext/silverplast/frappe-bench/env/lib/python3.11/site-packages/rq/connections.py:72: DeprecationWarning: The `pop_connection` function is deprecated. Pass the `connection` explicitly instead.
  warnings.warn(
/home/wahyu260697/document/Erpnext/silverplast/frappe-bench/env/lib/python3.11/site-packages/rq/connections.py:58: DeprecationWarning: The `push_connection` function is deprecated. Pass the `connection` explicitly instead.
  warnings.warn(
/home/wahyu260697/document/Erpnext/silverplast/frappe-bench/env/lib/python3.11/site-packages/passlib/utils/__init__.py:854: DeprecationWarning: 'crypt' is deprecated and slated for removal in Python 3.13
  from crypt import crypt as _crypt
/home/wahyu260697/document/Erpnext/silverplast/frappe-bench/env/lib/python3.11/site-packages/rq/connections.py:72: DeprecationWarning: The `pop_connection` function is deprecated. Pass the `connection` explicitly instead.
  warnings.warn(
/home/wahyu260697/document/Erpnext/silverplast/frappe-bench/env/lib/python3.11/site-packages/rq/connections.py:58: DeprecationWarning: The `push_connection` function is deprecated. Pass the `connection` explicitly instead.
  warnings.warn(
/home/wahyu260697/document/Erpnext/silverplast/frappe-bench/env/lib/python3.11/site-packages/passlib/utils/__init__.py:854: DeprecationWarning: 'crypt' is deprecated and slated for removal in Python 3.13
  from crypt import crypt as _crypt
/home/wahyu260697/document/Erpnext/silverplast/frappe-bench/env/lib/python3.11/site-packages/rq/connections.py:72: DeprecationWarning: The `pop_connection` function is deprecated. Pass the `connection` explicitly instead.
  warnings.warn(
/home/wahyu260697/document/Erpnext/silverplast/frappe-bench/env/lib/python3.11/site-packages/rq/connections.py:58: DeprecationWarning: The `push_connection` function is deprecated. Pass the `connection` explicitly instead.
  warnings.warn(
/home/wahyu260697/document/Erpnext/silverplast/frappe-bench/env/lib/python3.11/site-packages/passlib/utils/__init__.py:854: DeprecationWarning: 'crypt' is deprecated and slated for removal in Python 3.13
  from crypt import crypt as _crypt
/home/wahyu260697/document/Erpnext/silverplast/frappe-bench/env/lib/python3.11/site-packages/rq/connections.py:72: DeprecationWarning: The `pop_connection` function is deprecated. Pass the `connection` explicitly instead.
  warnings.warn(
/home/wahyu260697/document/Erpnext/silverplast/frappe-bench/env/lib/python3.11/site-packages/rq/connections.py:58: DeprecationWarning: The `push_connection` function is deprecated. Pass the `connection` explicitly instead.
  warnings.warn(
/home/wahyu260697/document/Erpnext/silverplast/frappe-bench/env/lib/python3.11/site-packages/passlib/utils/__init__.py:854: DeprecationWarning: 'crypt' is deprecated and slated for removal in Python 3.13
  from crypt import crypt as _crypt
/home/wahyu260697/document/Erpnext/silverplast/frappe-bench/env/lib/python3.11/site-packages/rq/connections.py:72: DeprecationWarning: The `pop_connection` function is deprecated. Pass the `connection` explicitly instead.
  warnings.warn(
/home/wahyu260697/document/Erpnext/silverplast/frappe-bench/env/lib/python3.11/site-packages/rq/connections.py:58: DeprecationWarning: The `push_connection` function is deprecated. Pass the `connection` explicitly instead.
  warnings.warn(
/home/wahyu260697/document/Erpnext/silverplast/frappe-bench/env/lib/python3.11/site-packages/passlib/utils/__init__.py:854: DeprecationWarning: 'crypt' is deprecated and slated for removal in Python 3.13
  from crypt import crypt as _crypt
/home/wahyu260697/document/Erpnext/silverplast/frappe-bench/env/lib/python3.11/site-packages/rq/connections.py:72: DeprecationWarning: The `pop_connection` function is deprecated. Pass the `connection` explicitly instead.
  warnings.warn(
/home/wahyu260697/document/Erpnext/silverplast/frappe-bench/env/lib/python3.11/site-packages/rq/connections.py:58: DeprecationWarning: The `push_connection` function is deprecated. Pass the `connection` explicitly instead.
  warnings.warn(
/home/wahyu260697/document/Erpnext/silverplast/frappe-bench/env/lib/python3.11/site-packages/passlib/utils/__init__.py:854: DeprecationWarning: 'crypt' is deprecated and slated for removal in Python 3.13
  from crypt import crypt as _crypt
/home/wahyu260697/document/Erpnext/silverplast/frappe-bench/env/lib/python3.11/site-packages/rq/connections.py:72: DeprecationWarning: The `pop_connection` function is deprecated. Pass the `connection` explicitly instead.
  warnings.warn(
/home/wahyu260697/document/Erpnext/silverplast/frappe-bench/env/lib/python3.11/site-packages/rq/connections.py:58: DeprecationWarning: The `push_connection` function is deprecated. Pass the `connection` explicitly instead.
  warnings.warn(
/home/wahyu260697/document/Erpnext/silverplast/frappe-bench/env/lib/python3.11/site-packages/passlib/utils/__init__.py:854: DeprecationWarning: 'crypt' is deprecated and slated for removal in Python 3.13
  from crypt import crypt as _crypt
/home/wahyu260697/document/Erpnext/silverplast/frappe-bench/env/lib/python3.11/site-packages/rq/connections.py:72: DeprecationWarning: The `pop_connection` function is deprecated. Pass the `connection` explicitly instead.
  warnings.warn(
/home/wahyu260697/document/Erpnext/silverplast/frappe-bench/env/lib/python3.11/site-packages/rq/connections.py:58: DeprecationWarning: The `push_connection` function is deprecated. Pass the `connection` explicitly instead.
  warnings.warn(
/home/wahyu260697/document/Erpnext/silverplast/frappe-bench/env/lib/python3.11/site-packages/passlib/utils/__init__.py:854: DeprecationWarning: 'crypt' is deprecated and slated for removal in Python 3.13
  from crypt import crypt as _crypt
/home/wahyu260697/document/Erpnext/silverplast/frappe-bench/env/lib/python3.11/site-packages/rq/connections.py:72: DeprecationWarning: The `pop_connection` function is deprecated. Pass the `connection` explicitly instead.
  warnings.warn(
/home/wahyu260697/document/Erpnext/silverplast/frappe-bench/env/lib/python3.11/site-packages/rq/connections.py:58: DeprecationWarning: The `push_connection` function is deprecated. Pass the `connection` explicitly instead.
  warnings.warn(
/home/wahyu260697/document/Erpnext/silverplast/frappe-bench/env/lib/python3.11/site-packages/passlib/utils/__init__.py:854: DeprecationWarning: 'crypt' is deprecated and slated for removal in Python 3.13
  from crypt import crypt as _crypt
/home/wahyu260697/document/Erpnext/silverplast/frappe-bench/env/lib/python3.11/site-packages/rq/connections.py:72: DeprecationWarning: The `pop_connection` function is deprecated. Pass the `connection` explicitly instead.
  warnings.warn(
/home/wahyu260697/document/Erpnext/silverplast/frappe-bench/env/lib/python3.11/site-packages/rq/connections.py:58: DeprecationWarning: The `push_connection` function is deprecated. Pass the `connection` explicitly instead.
  warnings.warn(
/home/wahyu260697/document/Erpnext/silverplast/frappe-bench/env/lib/python3.11/site-packages/passlib/utils/__init__.py:854: DeprecationWarning: 'crypt' is deprecated and slated for removal in Python 3.13
  from crypt import crypt as _crypt
/home/wahyu260697/document/Erpnext/silverplast/frappe-bench/env/lib/python3.11/site-packages/rq/connections.py:72: DeprecationWarning: The `pop_connection` function is deprecated. Pass the `connection` explicitly instead.
  warnings.warn(
/home/wahyu260697/document/Erpnext/silverplast/frappe-bench/env/lib/python3.11/site-packages/rq/connections.py:58: DeprecationWarning: The `push_connection` function is deprecated. Pass the `connection` explicitly instead.
  warnings.warn(
/home/wahyu260697/document/Erpnext/silverplast/frappe-bench/env/lib/python3.11/site-packages/passlib/utils/__init__.py:854: DeprecationWarning: 'crypt' is deprecated and slated for removal in Python 3.13
  from crypt import crypt as _crypt
/home/wahyu260697/document/Erpnext/silverplast/frappe-bench/env/lib/python3.11/site-packages/rq/connections.py:72: DeprecationWarning: The `pop_connection` function is deprecated. Pass the `connection` explicitly instead.
  warnings.warn(
/home/wahyu260697/document/Erpnext/silverplast/frappe-bench/env/lib/python3.11/site-packages/rq/connections.py:58: DeprecationWarning: The `push_connection` function is deprecated. Pass the `connection` explicitly instead.
  warnings.warn(
/home/wahyu260697/document/Erpnext/silverplast/frappe-bench/env/lib/python3.11/site-packages/passlib/utils/__init__.py:854: DeprecationWarning: 'crypt' is deprecated and slated for removal in Python 3.13
  from crypt import crypt as _crypt
/home/wahyu260697/document/Erpnext/silverplast/frappe-bench/env/lib/python3.11/site-packages/rq/connections.py:72: DeprecationWarning: The `pop_connection` function is deprecated. Pass the `connection` explicitly instead.
  warnings.warn(
/home/wahyu260697/document/Erpnext/silverplast/frappe-bench/env/lib/python3.11/site-packages/rq/connections.py:58: DeprecationWarning: The `push_connection` function is deprecated. Pass the `connection` explicitly instead.
  warnings.warn(
/home/wahyu260697/document/Erpnext/silverplast/frappe-bench/env/lib/python3.11/site-packages/passlib/utils/__init__.py:854: DeprecationWarning: 'crypt' is deprecated and slated for removal in Python 3.13
  from crypt import crypt as _crypt
/home/wahyu260697/document/Erpnext/silverplast/frappe-bench/env/lib/python3.11/site-packages/rq/connections.py:72: DeprecationWarning: The `pop_connection` function is deprecated. Pass the `connection` explicitly instead.
  warnings.warn(
/home/wahyu260697/document/Erpnext/silverplast/frappe-bench/env/lib/python3.11/site-packages/rq/connections.py:58: DeprecationWarning: The `push_connection` function is deprecated. Pass the `connection` explicitly instead.
  warnings.warn(
/home/wahyu260697/document/Erpnext/silverplast/frappe-bench/env/lib/python3.11/site-packages/passlib/utils/__init__.py:854: DeprecationWarning: 'crypt' is deprecated and slated for removal in Python 3.13
  from crypt import crypt as _crypt
/home/wahyu260697/document/Erpnext/silverplast/frappe-bench/env/lib/python3.11/site-packages/rq/connections.py:72: DeprecationWarning: The `pop_connection` function is deprecated. Pass the `connection` explicitly instead.
  warnings.warn(
/home/wahyu260697/document/Erpnext/silverplast/frappe-bench/env/lib/python3.11/site-packages/rq/connections.py:58: DeprecationWarning: The `push_connection` function is deprecated. Pass the `connection` explicitly instead.
  warnings.warn(
/home/wahyu260697/document/Erpnext/silverplast/frappe-bench/env/lib/python3.11/site-packages/passlib/utils/__init__.py:854: DeprecationWarning: 'crypt' is deprecated and slated for removal in Python 3.13
  from crypt import crypt as _crypt
/home/wahyu260697/document/Erpnext/silverplast/frappe-bench/env/lib/python3.11/site-packages/rq/connections.py:72: DeprecationWarning: The `pop_connection` function is deprecated. Pass the `connection` explicitly instead.
  warnings.warn(
/home/wahyu260697/document/Erpnext/silverplast/frappe-bench/env/lib/python3.11/site-packages/rq/connections.py:58: DeprecationWarning: The `push_connection` function is deprecated. Pass the `connection` explicitly instead.
  warnings.warn(
/home/wahyu260697/document/Erpnext/silverplast/frappe-bench/env/lib/python3.11/site-packages/passlib/utils/__init__.py:854: DeprecationWarning: 'crypt' is deprecated and slated for removal in Python 3.13
  from crypt import crypt as _crypt
/home/wahyu260697/document/Erpnext/silverplast/frappe-bench/env/lib/python3.11/site-packages/rq/connections.py:72: DeprecationWarning: The `pop_connection` function is deprecated. Pass the `connection` explicitly instead.
  warnings.warn(
/home/wahyu260697/document/Erpnext/silverplast/frappe-bench/env/lib/python3.11/site-packages/rq/connections.py:58: DeprecationWarning: The `push_connection` function is deprecated. Pass the `connection` explicitly instead.
  warnings.warn(
/home/wahyu260697/document/Erpnext/silverplast/frappe-bench/env/lib/python3.11/site-packages/passlib/utils/__init__.py:854: DeprecationWarning: 'crypt' is deprecated and slated for removal in Python 3.13
  from crypt import crypt as _crypt
/home/wahyu260697/document/Erpnext/silverplast/frappe-bench/env/lib/python3.11/site-packages/rq/connections.py:72: DeprecationWarning: The `pop_connection` function is deprecated. Pass the `connection` explicitly instead.
  warnings.warn(
/home/wahyu260697/document/Erpnext/silverplast/frappe-bench/env/lib/python3.11/site-packages/rq/connections.py:58: DeprecationWarning: The `push_connection` function is deprecated. Pass the `connection` explicitly instead.
  warnings.warn(
/home/wahyu260697/document/Erpnext/silverplast/frappe-bench/env/lib/python3.11/site-packages/passlib/utils/__init__.py:854: DeprecationWarning: 'crypt' is deprecated and slated for removal in Python 3.13
  from crypt import crypt as _crypt
/home/wahyu260697/document/Erpnext/silverplast/frappe-bench/env/lib/python3.11/site-packages/rq/connections.py:72: DeprecationWarning: The `pop_connection` function is deprecated. Pass the `connection` explicitly instead.
  warnings.warn(
/home/wahyu260697/document/Erpnext/silverplast/frappe-bench/env/lib/python3.11/site-packages/rq/connections.py:58: DeprecationWarning: The `push_connection` function is deprecated. Pass the `connection` explicitly instead.
  warnings.warn(
/home/wahyu260697/document/Erpnext/silverplast/frappe-bench/env/lib/python3.11/site-packages/passlib/utils/__init__.py:854: DeprecationWarning: 'crypt' is deprecated and slated for removal in Python 3.13
  from crypt import crypt as _crypt
/home/wahyu260697/document/Erpnext/silverplast/frappe-bench/env/lib/python3.11/site-packages/rq/connections.py:72: DeprecationWarning: The `pop_connection` function is deprecated. Pass the `connection` explicitly instead.
  warnings.warn(
/home/wahyu260697/document/Erpnext/silverplast/frappe-bench/env/lib/python3.11/site-packages/rq/connections.py:58: DeprecationWarning: The `push_connection` function is deprecated. Pass the `connection` explicitly instead.
  warnings.warn(
/home/wahyu260697/document/Erpnext/silverplast/frappe-bench/env/lib/python3.11/site-packages/passlib/utils/__init__.py:854: DeprecationWarning: 'crypt' is deprecated and slated for removal in Python 3.13
  from crypt import crypt as _crypt
/home/wahyu260697/document/Erpnext/silverplast/frappe-bench/env/lib/python3.11/site-packages/rq/connections.py:72: DeprecationWarning: The `pop_connection` function is deprecated. Pass the `connection` explicitly instead.
  warnings.warn(
/home/wahyu260697/document/Erpnext/silverplast/frappe-bench/env/lib/python3.11/site-packages/rq/connections.py:58: DeprecationWarning: The `push_connection` function is deprecated. Pass the `connection` explicitly instead.
  warnings.warn(
/home/wahyu260697/document/Erpnext/silverplast/frappe-bench/env/lib/python3.11/site-packages/passlib/utils/__init__.py:854: DeprecationWarning: 'crypt' is deprecated and slated for removal in Python 3.13
  from crypt import crypt as _crypt
/home/wahyu260697/document/Erpnext/silverplast/frappe-bench/env/lib/python3.11/site-packages/rq/connections.py:72: DeprecationWarning: The `pop_connection` function is deprecated. Pass the `connection` explicitly instead.
  warnings.warn(
/home/wahyu260697/document/Erpnext/silverplast/frappe-bench/env/lib/python3.11/site-packages/rq/connections.py:58: DeprecationWarning: The `push_connection` function is deprecated. Pass the `connection` explicitly instead.
  warnings.warn(
/home/wahyu260697/document/Erpnext/silverplast/frappe-bench/env/lib/python3.11/site-packages/passlib/utils/__init__.py:854: DeprecationWarning: 'crypt' is deprecated and slated for removal in Python 3.13
  from crypt import crypt as _crypt
/home/wahyu260697/document/Erpnext/silverplast/frappe-bench/env/lib/python3.11/site-packages/rq/connections.py:72: DeprecationWarning: The `pop_connection` function is deprecated. Pass the `connection` explicitly instead.
  warnings.warn(
/home/wahyu260697/document/Erpnext/silverplast/frappe-bench/env/lib/python3.11/site-packages/rq/connections.py:58: DeprecationWarning: The `push_connection` function is deprecated. Pass the `connection` explicitly instead.
  warnings.warn(
/home/wahyu260697/document/Erpnext/silverplast/frappe-bench/env/lib/python3.11/site-packages/rq/connections.py:72: DeprecationWarning: The `pop_connection` function is deprecated. Pass the `connection` explicitly instead.
  warnings.warn(
/home/wahyu260697/document/Erpnext/silverplast/frappe-bench/env/lib/python3.11/site-packages/rq/connections.py:58: DeprecationWarning: The `push_connection` function is deprecated. Pass the `connection` explicitly instead.
  warnings.warn(
/home/wahyu260697/document/Erpnext/silverplast/frappe-bench/env/lib/python3.11/site-packages/passlib/utils/__init__.py:854: DeprecationWarning: 'crypt' is deprecated and slated for removal in Python 3.13
  from crypt import crypt as _crypt
/home/wahyu260697/document/Erpnext/silverplast/frappe-bench/env/lib/python3.11/site-packages/rq/connections.py:72: DeprecationWarning: The `pop_connection` function is deprecated. Pass the `connection` explicitly instead.
  warnings.warn(
/home/wahyu260697/document/Erpnext/silverplast/frappe-bench/env/lib/python3.11/site-packages/rq/connections.py:58: DeprecationWarning: The `push_connection` function is deprecated. Pass the `connection` explicitly instead.
  warnings.warn(
/home/wahyu260697/document/Erpnext/silverplast/frappe-bench/env/lib/python3.11/site-packages/passlib/utils/__init__.py:854: DeprecationWarning: 'crypt' is deprecated and slated for removal in Python 3.13
  from crypt import crypt as _crypt
/home/wahyu260697/document/Erpnext/silverplast/frappe-bench/env/lib/python3.11/site-packages/rq/connections.py:72: DeprecationWarning: The `pop_connection` function is deprecated. Pass the `connection` explicitly instead.
  warnings.warn(
/home/wahyu260697/document/Erpnext/silverplast/frappe-bench/env/lib/python3.11/site-packages/rq/connections.py:58: DeprecationWarning: The `push_connection` function is deprecated. Pass the `connection` explicitly instead.
  warnings.warn(
/home/wahyu260697/document/Erpnext/silverplast/frappe-bench/env/lib/python3.11/site-packages/passlib/utils/__init__.py:854: DeprecationWarning: 'crypt' is deprecated and slated for removal in Python 3.13
  from crypt import crypt as _crypt
/home/wahyu260697/document/Erpnext/silverplast/frappe-bench/env/lib/python3.11/site-packages/rq/connections.py:72: DeprecationWarning: The `pop_connection` function is deprecated. Pass the `connection` explicitly instead.
  warnings.warn(
/home/wahyu260697/document/Erpnext/silverplast/frappe-bench/env/lib/python3.11/site-packages/rq/connections.py:58: DeprecationWarning: The `push_connection` function is deprecated. Pass the `connection` explicitly instead.
  warnings.warn(
/home/wahyu260697/document/Erpnext/silverplast/frappe-bench/env/lib/python3.11/site-packages/passlib/utils/__init__.py:854: DeprecationWarning: 'crypt' is deprecated and slated for removal in Python 3.13
  from crypt import crypt as _crypt
/home/wahyu260697/document/Erpnext/silverplast/frappe-bench/env/lib/python3.11/site-packages/rq/connections.py:72: DeprecationWarning: The `pop_connection` function is deprecated. Pass the `connection` explicitly instead.
  warnings.warn(
/home/wahyu260697/document/Erpnext/silverplast/frappe-bench/env/lib/python3.11/site-packages/rq/connections.py:58: DeprecationWarning: The `push_connection` function is deprecated. Pass the `connection` explicitly instead.
  warnings.warn(
/home/wahyu260697/document/Erpnext/silverplast/frappe-bench/env/lib/python3.11/site-packages/passlib/utils/__init__.py:854: DeprecationWarning: 'crypt' is deprecated and slated for removal in Python 3.13
  from crypt import crypt as _crypt
/home/wahyu260697/document/Erpnext/silverplast/frappe-bench/env/lib/python3.11/site-packages/rq/connections.py:72: DeprecationWarning: The `pop_connection` function is deprecated. Pass the `connection` explicitly instead.
  warnings.warn(
/home/wahyu260697/document/Erpnext/silverplast/frappe-bench/env/lib/python3.11/site-packages/rq/connections.py:58: DeprecationWarning: The `push_connection` function is deprecated. Pass the `connection` explicitly instead.
  warnings.warn(
/home/wahyu260697/document/Erpnext/silverplast/frappe-bench/env/lib/python3.11/site-packages/passlib/utils/__init__.py:854: DeprecationWarning: 'crypt' is deprecated and slated for removal in Python 3.13
  from crypt import crypt as _crypt
/home/wahyu260697/document/Erpnext/silverplast/frappe-bench/env/lib/python3.11/site-packages/rq/connections.py:72: DeprecationWarning: The `pop_connection` function is deprecated. Pass the `connection` explicitly instead.
  warnings.warn(
/home/wahyu260697/document/Erpnext/silverplast/frappe-bench/env/lib/python3.11/site-packages/rq/connections.py:58: DeprecationWarning: The `push_connection` function is deprecated. Pass the `connection` explicitly instead.
  warnings.warn(
/home/wahyu260697/document/Erpnext/silverplast/frappe-bench/env/lib/python3.11/site-packages/passlib/utils/__init__.py:854: DeprecationWarning: 'crypt' is deprecated and slated for removal in Python 3.13
  from crypt import crypt as _crypt
/home/wahyu260697/document/Erpnext/silverplast/frappe-bench/env/lib/python3.11/site-packages/rq/connections.py:72: DeprecationWarning: The `pop_connection` function is deprecated. Pass the `connection` explicitly instead.
  warnings.warn(
/home/wahyu260697/document/Erpnext/silverplast/frappe-bench/env/lib/python3.11/site-packages/rq/connections.py:58: DeprecationWarning: The `push_connection` function is deprecated. Pass the `connection` explicitly instead.
  warnings.warn(
/home/wahyu260697/document/Erpnext/silverplast/frappe-bench/env/lib/python3.11/site-packages/passlib/utils/__init__.py:854: DeprecationWarning: 'crypt' is deprecated and slated for removal in Python 3.13
  from crypt import crypt as _crypt
/home/wahyu260697/document/Erpnext/silverplast/frappe-bench/env/lib/python3.11/site-packages/rq/connections.py:72: DeprecationWarning: The `pop_connection` function is deprecated. Pass the `connection` explicitly instead.
  warnings.warn(
/home/wahyu260697/document/Erpnext/silverplast/frappe-bench/env/lib/python3.11/site-packages/rq/connections.py:58: DeprecationWarning: The `push_connection` function is deprecated. Pass the `connection` explicitly instead.
  warnings.warn(
/home/wahyu260697/document/Erpnext/silverplast/frappe-bench/env/lib/python3.11/site-packages/passlib/utils/__init__.py:854: DeprecationWarning: 'crypt' is deprecated and slated for removal in Python 3.13
  from crypt import crypt as _crypt
/home/wahyu260697/document/Erpnext/silverplast/frappe-bench/env/lib/python3.11/site-packages/rq/connections.py:72: DeprecationWarning: The `pop_connection` function is deprecated. Pass the `connection` explicitly instead.
  warnings.warn(
/home/wahyu260697/document/Erpnext/silverplast/frappe-bench/env/lib/python3.11/site-packages/rq/connections.py:58: DeprecationWarning: The `push_connection` function is deprecated. Pass the `connection` explicitly instead.
  warnings.warn(
/home/wahyu260697/document/Erpnext/silverplast/frappe-bench/env/lib/python3.11/site-packages/passlib/utils/__init__.py:854: DeprecationWarning: 'crypt' is deprecated and slated for removal in Python 3.13
  from crypt import crypt as _crypt
/home/wahyu260697/document/Erpnext/silverplast/frappe-bench/env/lib/python3.11/site-packages/rq/connections.py:72: DeprecationWarning: The `pop_connection` function is deprecated. Pass the `connection` explicitly instead.
  warnings.warn(
/home/wahyu260697/document/Erpnext/silverplast/frappe-bench/env/lib/python3.11/site-packages/rq/connections.py:58: DeprecationWarning: The `push_connection` function is deprecated. Pass the `connection` explicitly instead.
  warnings.warn(
/home/wahyu260697/document/Erpnext/silverplast/frappe-bench/env/lib/python3.11/site-packages/passlib/utils/__init__.py:854: DeprecationWarning: 'crypt' is deprecated and slated for removal in Python 3.13
  from crypt import crypt as _crypt
/home/wahyu260697/document/Erpnext/silverplast/frappe-bench/env/lib/python3.11/site-packages/rq/connections.py:72: DeprecationWarning: The `pop_connection` function is deprecated. Pass the `connection` explicitly instead.
  warnings.warn(
/home/wahyu260697/document/Erpnext/silverplast/frappe-bench/env/lib/python3.11/site-packages/rq/connections.py:58: DeprecationWarning: The `push_connection` function is deprecated. Pass the `connection` explicitly instead.
  warnings.warn(
/home/wahyu260697/document/Erpnext/silverplast/frappe-bench/env/lib/python3.11/site-packages/passlib/utils/__init__.py:854: DeprecationWarning: 'crypt' is deprecated and slated for removal in Python 3.13
  from crypt import crypt as _crypt
/home/wahyu260697/document/Erpnext/silverplast/frappe-bench/env/lib/python3.11/site-packages/rq/connections.py:72: DeprecationWarning: The `pop_connection` function is deprecated. Pass the `connection` explicitly instead.
  warnings.warn(
/home/wahyu260697/document/Erpnext/silverplast/frappe-bench/env/lib/python3.11/site-packages/rq/connections.py:58: DeprecationWarning: The `push_connection` function is deprecated. Pass the `connection` explicitly instead.
  warnings.warn(
/home/wahyu260697/document/Erpnext/silverplast/frappe-bench/env/lib/python3.11/site-packages/passlib/utils/__init__.py:854: DeprecationWarning: 'crypt' is deprecated and slated for removal in Python 3.13
  from crypt import crypt as _crypt
/home/wahyu260697/document/Erpnext/silverplast/frappe-bench/env/lib/python3.11/site-packages/rq/connections.py:72: DeprecationWarning: The `pop_connection` function is deprecated. Pass the `connection` explicitly instead.
  warnings.warn(
/home/wahyu260697/document/Erpnext/silverplast/frappe-bench/env/lib/python3.11/site-packages/rq/connections.py:58: DeprecationWarning: The `push_connection` function is deprecated. Pass the `connection` explicitly instead.
  warnings.warn(
/home/wahyu260697/document/Erpnext/silverplast/frappe-bench/env/lib/python3.11/site-packages/passlib/utils/__init__.py:854: DeprecationWarning: 'crypt' is deprecated and slated for removal in Python 3.13
  from crypt import crypt as _crypt
/home/wahyu260697/document/Erpnext/silverplast/frappe-bench/env/lib/python3.11/site-packages/rq/connections.py:72: DeprecationWarning: The `pop_connection` function is deprecated. Pass the `connection` explicitly instead.
  warnings.warn(
/home/wahyu260697/document/Erpnext/silverplast/frappe-bench/env/lib/python3.11/site-packages/rq/connections.py:58: DeprecationWarning: The `push_connection` function is deprecated. Pass the `connection` explicitly instead.
  warnings.warn(
/home/wahyu260697/document/Erpnext/silverplast/frappe-bench/env/lib/python3.11/site-packages/passlib/utils/__init__.py:854: DeprecationWarning: 'crypt' is deprecated and slated for removal in Python 3.13
  from crypt import crypt as _crypt
/home/wahyu260697/document/Erpnext/silverplast/frappe-bench/env/lib/python3.11/site-packages/rq/connections.py:72: DeprecationWarning: The `pop_connection` function is deprecated. Pass the `connection` explicitly instead.
  warnings.warn(
/home/wahyu260697/document/Erpnext/silverplast/frappe-bench/env/lib/python3.11/site-packages/rq/connections.py:58: DeprecationWarning: The `push_connection` function is deprecated. Pass the `connection` explicitly instead.
  warnings.warn(
/home/wahyu260697/document/Erpnext/silverplast/frappe-bench/env/lib/python3.11/site-packages/passlib/utils/__init__.py:854: DeprecationWarning: 'crypt' is deprecated and slated for removal in Python 3.13
  from crypt import crypt as _crypt
/home/wahyu260697/document/Erpnext/silverplast/frappe-bench/env/lib/python3.11/site-packages/rq/connections.py:72: DeprecationWarning: The `pop_connection` function is deprecated. Pass the `connection` explicitly instead.
  warnings.warn(
/home/wahyu260697/document/Erpnext/silverplast/frappe-bench/env/lib/python3.11/site-packages/rq/connections.py:58: DeprecationWarning: The `push_connection` function is deprecated. Pass the `connection` explicitly instead.
  warnings.warn(
/home/wahyu260697/document/Erpnext/silverplast/frappe-bench/env/lib/python3.11/site-packages/passlib/utils/__init__.py:854: DeprecationWarning: 'crypt' is deprecated and slated for removal in Python 3.13
  from crypt import crypt as _crypt
/home/wahyu260697/document/Erpnext/silverplast/frappe-bench/env/lib/python3.11/site-packages/rq/connections.py:72: DeprecationWarning: The `pop_connection` function is deprecated. Pass the `connection` explicitly instead.
  warnings.warn(
/home/wahyu260697/document/Erpnext/silverplast/frappe-bench/env/lib/python3.11/site-packages/rq/connections.py:58: DeprecationWarning: The `push_connection` function is deprecated. Pass the `connection` explicitly instead.
  warnings.warn(
/home/wahyu260697/document/Erpnext/silverplast/frappe-bench/env/lib/python3.11/site-packages/passlib/utils/__init__.py:854: DeprecationWarning: 'crypt' is deprecated and slated for removal in Python 3.13
  from crypt import crypt as _crypt
/home/wahyu260697/document/Erpnext/silverplast/frappe-bench/env/lib/python3.11/site-packages/rq/connections.py:72: DeprecationWarning: The `pop_connection` function is deprecated. Pass the `connection` explicitly instead.
  warnings.warn(
/home/wahyu260697/document/Erpnext/silverplast/frappe-bench/env/lib/python3.11/site-packages/rq/connections.py:58: DeprecationWarning: The `push_connection` function is deprecated. Pass the `connection` explicitly instead.
  warnings.warn(
/home/wahyu260697/document/Erpnext/silverplast/frappe-bench/env/lib/python3.11/site-packages/passlib/utils/__init__.py:854: DeprecationWarning: 'crypt' is deprecated and slated for removal in Python 3.13
  from crypt import crypt as _crypt
/home/wahyu260697/document/Erpnext/silverplast/frappe-bench/env/lib/python3.11/site-packages/rq/connections.py:72: DeprecationWarning: The `pop_connection` function is deprecated. Pass the `connection` explicitly instead.
  warnings.warn(
/home/wahyu260697/document/Erpnext/silverplast/frappe-bench/env/lib/python3.11/site-packages/rq/connections.py:58: DeprecationWarning: The `push_connection` function is deprecated. Pass the `connection` explicitly instead.
  warnings.warn(
/home/wahyu260697/document/Erpnext/silverplast/frappe-bench/env/lib/python3.11/site-packages/passlib/utils/__init__.py:854: DeprecationWarning: 'crypt' is deprecated and slated for removal in Python 3.13
  from crypt import crypt as _crypt
/home/wahyu260697/document/Erpnext/silverplast/frappe-bench/env/lib/python3.11/site-packages/rq/connections.py:72: DeprecationWarning: The `pop_connection` function is deprecated. Pass the `connection` explicitly instead.
  warnings.warn(
/home/wahyu260697/document/Erpnext/silverplast/frappe-bench/env/lib/python3.11/site-packages/rq/connections.py:58: DeprecationWarning: The `push_connection` function is deprecated. Pass the `connection` explicitly instead.
  warnings.warn(
/home/wahyu260697/document/Erpnext/silverplast/frappe-bench/env/lib/python3.11/site-packages/passlib/utils/__init__.py:854: DeprecationWarning: 'crypt' is deprecated and slated for removal in Python 3.13
  from crypt import crypt as _crypt
/home/wahyu260697/document/Erpnext/silverplast/frappe-bench/env/lib/python3.11/site-packages/rq/connections.py:72: DeprecationWarning: The `pop_connection` function is deprecated. Pass the `connection` explicitly instead.
  warnings.warn(
/home/wahyu260697/document/Erpnext/silverplast/frappe-bench/env/lib/python3.11/site-packages/rq/connections.py:58: DeprecationWarning: The `push_connection` function is deprecated. Pass the `connection` explicitly instead.
  warnings.warn(
/home/wahyu260697/document/Erpnext/silverplast/frappe-bench/env/lib/python3.11/site-packages/passlib/utils/__init__.py:854: DeprecationWarning: 'crypt' is deprecated and slated for removal in Python 3.13
  from crypt import crypt as _crypt
/home/wahyu260697/document/Erpnext/silverplast/frappe-bench/env/lib/python3.11/site-packages/rq/connections.py:72: DeprecationWarning: The `pop_connection` function is deprecated. Pass the `connection` explicitly instead.
  warnings.warn(
/home/wahyu260697/document/Erpnext/silverplast/frappe-bench/env/lib/python3.11/site-packages/rq/connections.py:58: DeprecationWarning: The `push_connection` function is deprecated. Pass the `connection` explicitly instead.
  warnings.warn(
/home/wahyu260697/document/Erpnext/silverplast/frappe-bench/env/lib/python3.11/site-packages/passlib/utils/__init__.py:854: DeprecationWarning: 'crypt' is deprecated and slated for removal in Python 3.13
  from crypt import crypt as _crypt
/home/wahyu260697/document/Erpnext/silverplast/frappe-bench/env/lib/python3.11/site-packages/rq/connections.py:72: DeprecationWarning: The `pop_connection` function is deprecated. Pass the `connection` explicitly instead.
  warnings.warn(
/home/wahyu260697/document/Erpnext/silverplast/frappe-bench/env/lib/python3.11/site-packages/rq/connections.py:58: DeprecationWarning: The `push_connection` function is deprecated. Pass the `connection` explicitly instead.
  warnings.warn(
/home/wahyu260697/document/Erpnext/silverplast/frappe-bench/env/lib/python3.11/site-packages/passlib/utils/__init__.py:854: DeprecationWarning: 'crypt' is deprecated and slated for removal in Python 3.13
  from crypt import crypt as _crypt
/home/wahyu260697/document/Erpnext/silverplast/frappe-bench/env/lib/python3.11/site-packages/rq/connections.py:72: DeprecationWarning: The `pop_connection` function is deprecated. Pass the `connection` explicitly instead.
  warnings.warn(
/home/wahyu260697/document/Erpnext/silverplast/frappe-bench/env/lib/python3.11/site-packages/rq/connections.py:58: DeprecationWarning: The `push_connection` function is deprecated. Pass the `connection` explicitly instead.
  warnings.warn(
/home/wahyu260697/document/Erpnext/silverplast/frappe-bench/env/lib/python3.11/site-packages/passlib/utils/__init__.py:854: DeprecationWarning: 'crypt' is deprecated and slated for removal in Python 3.13
  from crypt import crypt as _crypt
/home/wahyu260697/document/Erpnext/silverplast/frappe-bench/env/lib/python3.11/site-packages/rq/connections.py:72: DeprecationWarning: The `pop_connection` function is deprecated. Pass the `connection` explicitly instead.
  warnings.warn(
/home/wahyu260697/document/Erpnext/silverplast/frappe-bench/env/lib/python3.11/site-packages/rq/connections.py:58: DeprecationWarning: The `push_connection` function is deprecated. Pass the `connection` explicitly instead.
  warnings.warn(
/home/wahyu260697/document/Erpnext/silverplast/frappe-bench/env/lib/python3.11/site-packages/passlib/utils/__init__.py:854: DeprecationWarning: 'crypt' is deprecated and slated for removal in Python 3.13
  from crypt import crypt as _crypt
/home/wahyu260697/document/Erpnext/silverplast/frappe-bench/env/lib/python3.11/site-packages/rq/connections.py:72: DeprecationWarning: The `pop_connection` function is deprecated. Pass the `connection` explicitly instead.
  warnings.warn(
/home/wahyu260697/document/Erpnext/silverplast/frappe-bench/env/lib/python3.11/site-packages/rq/connections.py:58: DeprecationWarning: The `push_connection` function is deprecated. Pass the `connection` explicitly instead.
  warnings.warn(
/home/wahyu260697/document/Erpnext/silverplast/frappe-bench/env/lib/python3.11/site-packages/passlib/utils/__init__.py:854: DeprecationWarning: 'crypt' is deprecated and slated for removal in Python 3.13
  from crypt import crypt as _crypt
/home/wahyu260697/document/Erpnext/silverplast/frappe-bench/env/lib/python3.11/site-packages/rq/connections.py:72: DeprecationWarning: The `pop_connection` function is deprecated. Pass the `connection` explicitly instead.
  warnings.warn(
/home/wahyu260697/document/Erpnext/silverplast/frappe-bench/env/lib/python3.11/site-packages/rq/connections.py:58: DeprecationWarning: The `push_connection` function is deprecated. Pass the `connection` explicitly instead.
  warnings.warn(
/home/wahyu260697/document/Erpnext/silverplast/frappe-bench/env/lib/python3.11/site-packages/passlib/utils/__init__.py:854: DeprecationWarning: 'crypt' is deprecated and slated for removal in Python 3.13
  from crypt import crypt as _crypt
/home/wahyu260697/document/Erpnext/silverplast/frappe-bench/env/lib/python3.11/site-packages/rq/connections.py:72: DeprecationWarning: The `pop_connection` function is deprecated. Pass the `connection` explicitly instead.
  warnings.warn(
/home/wahyu260697/document/Erpnext/silverplast/frappe-bench/env/lib/python3.11/site-packages/rq/connections.py:58: DeprecationWarning: The `push_connection` function is deprecated. Pass the `connection` explicitly instead.
  warnings.warn(
/home/wahyu260697/document/Erpnext/silverplast/frappe-bench/env/lib/python3.11/site-packages/passlib/utils/__init__.py:854: DeprecationWarning: 'crypt' is deprecated and slated for removal in Python 3.13
  from crypt import crypt as _crypt
/home/wahyu260697/document/Erpnext/silverplast/frappe-bench/env/lib/python3.11/site-packages/rq/connections.py:72: DeprecationWarning: The `pop_connection` function is deprecated. Pass the `connection` explicitly instead.
  warnings.warn(
/home/wahyu260697/document/Erpnext/silverplast/frappe-bench/env/lib/python3.11/site-packages/rq/connections.py:58: DeprecationWarning: The `push_connection` function is deprecated. Pass the `connection` explicitly instead.
  warnings.warn(
/home/wahyu260697/document/Erpnext/silverplast/frappe-bench/env/lib/python3.11/site-packages/passlib/utils/__init__.py:854: DeprecationWarning: 'crypt' is deprecated and slated for removal in Python 3.13
  from crypt import crypt as _crypt
/home/wahyu260697/document/Erpnext/silverplast/frappe-bench/env/lib/python3.11/site-packages/rq/connections.py:72: DeprecationWarning: The `pop_connection` function is deprecated. Pass the `connection` explicitly instead.
  warnings.warn(
/home/wahyu260697/document/Erpnext/silverplast/frappe-bench/env/lib/python3.11/site-packages/rq/connections.py:58: DeprecationWarning: The `push_connection` function is deprecated. Pass the `connection` explicitly instead.
  warnings.warn(
/home/wahyu260697/document/Erpnext/silverplast/frappe-bench/env/lib/python3.11/site-packages/passlib/utils/__init__.py:854: DeprecationWarning: 'crypt' is deprecated and slated for removal in Python 3.13
  from crypt import crypt as _crypt
/home/wahyu260697/document/Erpnext/silverplast/frappe-bench/env/lib/python3.11/site-packages/rq/connections.py:72: DeprecationWarning: The `pop_connection` function is deprecated. Pass the `connection` explicitly instead.
  warnings.warn(
/home/wahyu260697/document/Erpnext/silverplast/frappe-bench/env/lib/python3.11/site-packages/rq/connections.py:58: DeprecationWarning: The `push_connection` function is deprecated. Pass the `connection` explicitly instead.
  warnings.warn(
/home/wahyu260697/document/Erpnext/silverplast/frappe-bench/env/lib/python3.11/site-packages/passlib/utils/__init__.py:854: DeprecationWarning: 'crypt' is deprecated and slated for removal in Python 3.13
  from crypt import crypt as _crypt
/home/wahyu260697/document/Erpnext/silverplast/frappe-bench/env/lib/python3.11/site-packages/rq/connections.py:72: DeprecationWarning: The `pop_connection` function is deprecated. Pass the `connection` explicitly instead.
  warnings.warn(
/home/wahyu260697/document/Erpnext/silverplast/frappe-bench/env/lib/python3.11/site-packages/rq/connections.py:58: DeprecationWarning: The `push_connection` function is deprecated. Pass the `connection` explicitly instead.
  warnings.warn(
/home/wahyu260697/document/Erpnext/silverplast/frappe-bench/env/lib/python3.11/site-packages/passlib/utils/__init__.py:854: DeprecationWarning: 'crypt' is deprecated and slated for removal in Python 3.13
  from crypt import crypt as _crypt
/home/wahyu260697/document/Erpnext/silverplast/frappe-bench/env/lib/python3.11/site-packages/rq/connections.py:72: DeprecationWarning: The `pop_connection` function is deprecated. Pass the `connection` explicitly instead.
  warnings.warn(
/home/wahyu260697/document/Erpnext/silverplast/frappe-bench/env/lib/python3.11/site-packages/rq/connections.py:58: DeprecationWarning: The `push_connection` function is deprecated. Pass the `connection` explicitly instead.
  warnings.warn(
/home/wahyu260697/document/Erpnext/silverplast/frappe-bench/env/lib/python3.11/site-packages/passlib/utils/__init__.py:854: DeprecationWarning: 'crypt' is deprecated and slated for removal in Python 3.13
  from crypt import crypt as _crypt
/home/wahyu260697/document/Erpnext/silverplast/frappe-bench/env/lib/python3.11/site-packages/rq/connections.py:72: DeprecationWarning: The `pop_connection` function is deprecated. Pass the `connection` explicitly instead.
  warnings.warn(
/home/wahyu260697/document/Erpnext/silverplast/frappe-bench/env/lib/python3.11/site-packages/rq/connections.py:58: DeprecationWarning: The `push_connection` function is deprecated. Pass the `connection` explicitly instead.
  warnings.warn(
/home/wahyu260697/document/Erpnext/silverplast/frappe-bench/env/lib/python3.11/site-packages/passlib/utils/__init__.py:854: DeprecationWarning: 'crypt' is deprecated and slated for removal in Python 3.13
  from crypt import crypt as _crypt
/home/wahyu260697/document/Erpnext/silverplast/frappe-bench/env/lib/python3.11/site-packages/rq/connections.py:72: DeprecationWarning: The `pop_connection` function is deprecated. Pass the `connection` explicitly instead.
  warnings.warn(
/home/wahyu260697/document/Erpnext/silverplast/frappe-bench/env/lib/python3.11/site-packages/rq/connections.py:58: DeprecationWarning: The `push_connection` function is deprecated. Pass the `connection` explicitly instead.
  warnings.warn(
/home/wahyu260697/document/Erpnext/silverplast/frappe-bench/env/lib/python3.11/site-packages/passlib/utils/__init__.py:854: DeprecationWarning: 'crypt' is deprecated and slated for removal in Python 3.13
  from crypt import crypt as _crypt
/home/wahyu260697/document/Erpnext/silverplast/frappe-bench/env/lib/python3.11/site-packages/rq/connections.py:72: DeprecationWarning: The `pop_connection` function is deprecated. Pass the `connection` explicitly instead.
  warnings.warn(
/home/wahyu260697/document/Erpnext/silverplast/frappe-bench/env/lib/python3.11/site-packages/rq/connections.py:58: DeprecationWarning: The `push_connection` function is deprecated. Pass the `connection` explicitly instead.
  warnings.warn(
/home/wahyu260697/document/Erpnext/silverplast/frappe-bench/env/lib/python3.11/site-packages/passlib/utils/__init__.py:854: DeprecationWarning: 'crypt' is deprecated and slated for removal in Python 3.13
  from crypt import crypt as _crypt
/home/wahyu260697/document/Erpnext/silverplast/frappe-bench/env/lib/python3.11/site-packages/rq/connections.py:72: DeprecationWarning: The `pop_connection` function is deprecated. Pass the `connection` explicitly instead.
  warnings.warn(
/home/wahyu260697/document/Erpnext/silverplast/frappe-bench/env/lib/python3.11/site-packages/rq/connections.py:58: DeprecationWarning: The `push_connection` function is deprecated. Pass the `connection` explicitly instead.
  warnings.warn(
/home/wahyu260697/document/Erpnext/silverplast/frappe-bench/env/lib/python3.11/site-packages/passlib/utils/__init__.py:854: DeprecationWarning: 'crypt' is deprecated and slated for removal in Python 3.13
  from crypt import crypt as _crypt
/home/wahyu260697/document/Erpnext/silverplast/frappe-bench/env/lib/python3.11/site-packages/rq/connections.py:72: DeprecationWarning: The `pop_connection` function is deprecated. Pass the `connection` explicitly instead.
  warnings.warn(
/home/wahyu260697/document/Erpnext/silverplast/frappe-bench/env/lib/python3.11/site-packages/rq/connections.py:58: DeprecationWarning: The `push_connection` function is deprecated. Pass the `connection` explicitly instead.
  warnings.warn(
/home/wahyu260697/document/Erpnext/silverplast/frappe-bench/env/lib/python3.11/site-packages/passlib/utils/__init__.py:854: DeprecationWarning: 'crypt' is deprecated and slated for removal in Python 3.13
  from crypt import crypt as _crypt
/home/wahyu260697/document/Erpnext/silverplast/frappe-bench/env/lib/python3.11/site-packages/rq/connections.py:72: DeprecationWarning: The `pop_connection` function is deprecated. Pass the `connection` explicitly instead.
  warnings.warn(
/home/wahyu260697/document/Erpnext/silverplast/frappe-bench/env/lib/python3.11/site-packages/rq/connections.py:58: DeprecationWarning: The `push_connection` function is deprecated. Pass the `connection` explicitly instead.
  warnings.warn(
/home/wahyu260697/document/Erpnext/silverplast/frappe-bench/env/lib/python3.11/site-packages/passlib/utils/__init__.py:854: DeprecationWarning: 'crypt' is deprecated and slated for removal in Python 3.13
  from crypt import crypt as _crypt
/home/wahyu260697/document/Erpnext/silverplast/frappe-bench/env/lib/python3.11/site-packages/rq/connections.py:72: DeprecationWarning: The `pop_connection` function is deprecated. Pass the `connection` explicitly instead.
  warnings.warn(
/home/wahyu260697/document/Erpnext/silverplast/frappe-bench/env/lib/python3.11/site-packages/rq/connections.py:58: DeprecationWarning: The `push_connection` function is deprecated. Pass the `connection` explicitly instead.
  warnings.warn(
/home/wahyu260697/document/Erpnext/silverplast/frappe-bench/env/lib/python3.11/site-packages/passlib/utils/__init__.py:854: DeprecationWarning: 'crypt' is deprecated and slated for removal in Python 3.13
  from crypt import crypt as _crypt
/home/wahyu260697/document/Erpnext/silverplast/frappe-bench/env/lib/python3.11/site-packages/rq/connections.py:72: DeprecationWarning: The `pop_connection` function is deprecated. Pass the `connection` explicitly instead.
  warnings.warn(
/home/wahyu260697/document/Erpnext/silverplast/frappe-bench/env/lib/python3.11/site-packages/rq/connections.py:58: DeprecationWarning: The `push_connection` function is deprecated. Pass the `connection` explicitly instead.
  warnings.warn(
/home/wahyu260697/document/Erpnext/silverplast/frappe-bench/env/lib/python3.11/site-packages/passlib/utils/__init__.py:854: DeprecationWarning: 'crypt' is deprecated and slated for removal in Python 3.13
  from crypt import crypt as _crypt
/home/wahyu260697/document/Erpnext/silverplast/frappe-bench/env/lib/python3.11/site-packages/rq/connections.py:72: DeprecationWarning: The `pop_connection` function is deprecated. Pass the `connection` explicitly instead.
  warnings.warn(
/home/wahyu260697/document/Erpnext/silverplast/frappe-bench/env/lib/python3.11/site-packages/rq/connections.py:58: DeprecationWarning: The `push_connection` function is deprecated. Pass the `connection` explicitly instead.
  warnings.warn(
/home/wahyu260697/document/Erpnext/silverplast/frappe-bench/env/lib/python3.11/site-packages/passlib/utils/__init__.py:854: DeprecationWarning: 'crypt' is deprecated and slated for removal in Python 3.13
  from crypt import crypt as _crypt
/home/wahyu260697/document/Erpnext/silverplast/frappe-bench/env/lib/python3.11/site-packages/rq/connections.py:72: DeprecationWarning: The `pop_connection` function is deprecated. Pass the `connection` explicitly instead.
  warnings.warn(
/home/wahyu260697/document/Erpnext/silverplast/frappe-bench/env/lib/python3.11/site-packages/rq/connections.py:58: DeprecationWarning: The `push_connection` function is deprecated. Pass the `connection` explicitly instead.
  warnings.warn(
/home/wahyu260697/document/Erpnext/silverplast/frappe-bench/env/lib/python3.11/site-packages/passlib/utils/__init__.py:854: DeprecationWarning: 'crypt' is deprecated and slated for removal in Python 3.13
  from crypt import crypt as _crypt
/home/wahyu260697/document/Erpnext/silverplast/frappe-bench/env/lib/python3.11/site-packages/rq/connections.py:72: DeprecationWarning: The `pop_connection` function is deprecated. Pass the `connection` explicitly instead.
  warnings.warn(
/home/wahyu260697/document/Erpnext/silverplast/frappe-bench/env/lib/python3.11/site-packages/rq/connections.py:58: DeprecationWarning: The `push_connection` function is deprecated. Pass the `connection` explicitly instead.
  warnings.warn(
/home/wahyu260697/document/Erpnext/silverplast/frappe-bench/env/lib/python3.11/site-packages/passlib/utils/__init__.py:854: DeprecationWarning: 'crypt' is deprecated and slated for removal in Python 3.13
  from crypt import crypt as _crypt
/home/wahyu260697/document/Erpnext/silverplast/frappe-bench/env/lib/python3.11/site-packages/rq/connections.py:72: DeprecationWarning: The `pop_connection` function is deprecated. Pass the `connection` explicitly instead.
  warnings.warn(
/home/wahyu260697/document/Erpnext/silverplast/frappe-bench/env/lib/python3.11/site-packages/rq/connections.py:58: DeprecationWarning: The `push_connection` function is deprecated. Pass the `connection` explicitly instead.
  warnings.warn(
/home/wahyu260697/document/Erpnext/silverplast/frappe-bench/env/lib/python3.11/site-packages/passlib/utils/__init__.py:854: DeprecationWarning: 'crypt' is deprecated and slated for removal in Python 3.13
  from crypt import crypt as _crypt
/home/wahyu260697/document/Erpnext/silverplast/frappe-bench/env/lib/python3.11/site-packages/rq/connections.py:72: DeprecationWarning: The `pop_connection` function is deprecated. Pass the `connection` explicitly instead.
  warnings.warn(
/home/wahyu260697/document/Erpnext/silverplast/frappe-bench/env/lib/python3.11/site-packages/rq/connections.py:58: DeprecationWarning: The `push_connection` function is deprecated. Pass the `connection` explicitly instead.
  warnings.warn(
/home/wahyu260697/document/Erpnext/silverplast/frappe-bench/env/lib/python3.11/site-packages/passlib/utils/__init__.py:854: DeprecationWarning: 'crypt' is deprecated and slated for removal in Python 3.13
  from crypt import crypt as _crypt
/home/wahyu260697/document/Erpnext/silverplast/frappe-bench/env/lib/python3.11/site-packages/rq/connections.py:72: DeprecationWarning: The `pop_connection` function is deprecated. Pass the `connection` explicitly instead.
  warnings.warn(
/home/wahyu260697/document/Erpnext/silverplast/frappe-bench/env/lib/python3.11/site-packages/rq/connections.py:58: DeprecationWarning: The `push_connection` function is deprecated. Pass the `connection` explicitly instead.
  warnings.warn(
/home/wahyu260697/document/Erpnext/silverplast/frappe-bench/env/lib/python3.11/site-packages/passlib/utils/__init__.py:854: DeprecationWarning: 'crypt' is deprecated and slated for removal in Python 3.13
  from crypt import crypt as _crypt
/home/wahyu260697/document/Erpnext/silverplast/frappe-bench/env/lib/python3.11/site-packages/rq/connections.py:72: DeprecationWarning: The `pop_connection` function is deprecated. Pass the `connection` explicitly instead.
  warnings.warn(
/home/wahyu260697/document/Erpnext/silverplast/frappe-bench/env/lib/python3.11/site-packages/rq/connections.py:58: DeprecationWarning: The `push_connection` function is deprecated. Pass the `connection` explicitly instead.
  warnings.warn(
/home/wahyu260697/document/Erpnext/silverplast/frappe-bench/env/lib/python3.11/site-packages/passlib/utils/__init__.py:854: DeprecationWarning: 'crypt' is deprecated and slated for removal in Python 3.13
  from crypt import crypt as _crypt
/home/wahyu260697/document/Erpnext/silverplast/frappe-bench/env/lib/python3.11/site-packages/rq/connections.py:72: DeprecationWarning: The `pop_connection` function is deprecated. Pass the `connection` explicitly instead.
  warnings.warn(
/home/wahyu260697/document/Erpnext/silverplast/frappe-bench/env/lib/python3.11/site-packages/rq/connections.py:58: DeprecationWarning: The `push_connection` function is deprecated. Pass the `connection` explicitly instead.
  warnings.warn(
/home/wahyu260697/document/Erpnext/silverplast/frappe-bench/env/lib/python3.11/site-packages/passlib/utils/__init__.py:854: DeprecationWarning: 'crypt' is deprecated and slated for removal in Python 3.13
  from crypt import crypt as _crypt
/home/wahyu260697/document/Erpnext/silverplast/frappe-bench/env/lib/python3.11/site-packages/rq/connections.py:72: DeprecationWarning: The `pop_connection` function is deprecated. Pass the `connection` explicitly instead.
  warnings.warn(
/home/wahyu260697/document/Erpnext/silverplast/frappe-bench/env/lib/python3.11/site-packages/rq/connections.py:58: DeprecationWarning: The `push_connection` function is deprecated. Pass the `connection` explicitly instead.
  warnings.warn(
/home/wahyu260697/document/Erpnext/silverplast/frappe-bench/env/lib/python3.11/site-packages/passlib/utils/__init__.py:854: DeprecationWarning: 'crypt' is deprecated and slated for removal in Python 3.13
  from crypt import crypt as _crypt
/home/wahyu260697/document/Erpnext/silverplast/frappe-bench/env/lib/python3.11/site-packages/rq/connections.py:72: DeprecationWarning: The `pop_connection` function is deprecated. Pass the `connection` explicitly instead.
  warnings.warn(
/home/wahyu260697/document/Erpnext/silverplast/frappe-bench/env/lib/python3.11/site-packages/rq/connections.py:58: DeprecationWarning: The `push_connection` function is deprecated. Pass the `connection` explicitly instead.
  warnings.warn(
/home/wahyu260697/document/Erpnext/silverplast/frappe-bench/env/lib/python3.11/site-packages/passlib/utils/__init__.py:854: DeprecationWarning: 'crypt' is deprecated and slated for removal in Python 3.13
  from crypt import crypt as _crypt
/home/wahyu260697/document/Erpnext/silverplast/frappe-bench/env/lib/python3.11/site-packages/rq/connections.py:72: DeprecationWarning: The `pop_connection` function is deprecated. Pass the `connection` explicitly instead.
  warnings.warn(
/home/wahyu260697/document/Erpnext/silverplast/frappe-bench/env/lib/python3.11/site-packages/rq/connections.py:58: DeprecationWarning: The `push_connection` function is deprecated. Pass the `connection` explicitly instead.
  warnings.warn(
/home/wahyu260697/document/Erpnext/silverplast/frappe-bench/env/lib/python3.11/site-packages/passlib/utils/__init__.py:854: DeprecationWarning: 'crypt' is deprecated and slated for removal in Python 3.13
  from crypt import crypt as _crypt
/home/wahyu260697/document/Erpnext/silverplast/frappe-bench/env/lib/python3.11/site-packages/rq/connections.py:72: DeprecationWarning: The `pop_connection` function is deprecated. Pass the `connection` explicitly instead.
  warnings.warn(
/home/wahyu260697/document/Erpnext/silverplast/frappe-bench/env/lib/python3.11/site-packages/rq/connections.py:58: DeprecationWarning: The `push_connection` function is deprecated. Pass the `connection` explicitly instead.
  warnings.warn(
/home/wahyu260697/document/Erpnext/silverplast/frappe-bench/env/lib/python3.11/site-packages/passlib/utils/__init__.py:854: DeprecationWarning: 'crypt' is deprecated and slated for removal in Python 3.13
  from crypt import crypt as _crypt
/home/wahyu260697/document/Erpnext/silverplast/frappe-bench/env/lib/python3.11/site-packages/rq/connections.py:72: DeprecationWarning: The `pop_connection` function is deprecated. Pass the `connection` explicitly instead.
  warnings.warn(
/home/wahyu260697/document/Erpnext/silverplast/frappe-bench/env/lib/python3.11/site-packages/rq/connections.py:58: DeprecationWarning: The `push_connection` function is deprecated. Pass the `connection` explicitly instead.
  warnings.warn(
/home/wahyu260697/document/Erpnext/silverplast/frappe-bench/env/lib/python3.11/site-packages/passlib/utils/__init__.py:854: DeprecationWarning: 'crypt' is deprecated and slated for removal in Python 3.13
  from crypt import crypt as _crypt
/home/wahyu260697/document/Erpnext/silverplast/frappe-bench/env/lib/python3.11/site-packages/rq/connections.py:72: DeprecationWarning: The `pop_connection` function is deprecated. Pass the `connection` explicitly instead.
  warnings.warn(
/home/wahyu260697/document/Erpnext/silverplast/frappe-bench/env/lib/python3.11/site-packages/rq/connections.py:58: DeprecationWarning: The `push_connection` function is deprecated. Pass the `connection` explicitly instead.
  warnings.warn(
/home/wahyu260697/document/Erpnext/silverplast/frappe-bench/env/lib/python3.11/site-packages/passlib/utils/__init__.py:854: DeprecationWarning: 'crypt' is deprecated and slated for removal in Python 3.13
  from crypt import crypt as _crypt
/home/wahyu260697/document/Erpnext/silverplast/frappe-bench/env/lib/python3.11/site-packages/rq/connections.py:72: DeprecationWarning: The `pop_connection` function is deprecated. Pass the `connection` explicitly instead.
  warnings.warn(
/home/wahyu260697/document/Erpnext/silverplast/frappe-bench/env/lib/python3.11/site-packages/rq/connections.py:58: DeprecationWarning: The `push_connection` function is deprecated. Pass the `connection` explicitly instead.
  warnings.warn(
/home/wahyu260697/document/Erpnext/silverplast/frappe-bench/env/lib/python3.11/site-packages/passlib/utils/__init__.py:854: DeprecationWarning: 'crypt' is deprecated and slated for removal in Python 3.13
  from crypt import crypt as _crypt
/home/wahyu260697/document/Erpnext/silverplast/frappe-bench/env/lib/python3.11/site-packages/rq/connections.py:72: DeprecationWarning: The `pop_connection` function is deprecated. Pass the `connection` explicitly instead.
  warnings.warn(
/home/wahyu260697/document/Erpnext/silverplast/frappe-bench/env/lib/python3.11/site-packages/rq/connections.py:58: DeprecationWarning: The `push_connection` function is deprecated. Pass the `connection` explicitly instead.
  warnings.warn(
/home/wahyu260697/document/Erpnext/silverplast/frappe-bench/env/lib/python3.11/site-packages/passlib/utils/__init__.py:854: DeprecationWarning: 'crypt' is deprecated and slated for removal in Python 3.13
  from crypt import crypt as _crypt
/home/wahyu260697/document/Erpnext/silverplast/frappe-bench/env/lib/python3.11/site-packages/rq/connections.py:72: DeprecationWarning: The `pop_connection` function is deprecated. Pass the `connection` explicitly instead.
  warnings.warn(
/home/wahyu260697/document/Erpnext/silverplast/frappe-bench/env/lib/python3.11/site-packages/rq/connections.py:58: DeprecationWarning: The `push_connection` function is deprecated. Pass the `connection` explicitly instead.
  warnings.warn(
/home/wahyu260697/document/Erpnext/silverplast/frappe-bench/env/lib/python3.11/site-packages/passlib/utils/__init__.py:854: DeprecationWarning: 'crypt' is deprecated and slated for removal in Python 3.13
  from crypt import crypt as _crypt
/home/wahyu260697/document/Erpnext/silverplast/frappe-bench/env/lib/python3.11/site-packages/rq/connections.py:72: DeprecationWarning: The `pop_connection` function is deprecated. Pass the `connection` explicitly instead.
  warnings.warn(
/home/wahyu260697/document/Erpnext/silverplast/frappe-bench/env/lib/python3.11/site-packages/rq/connections.py:58: DeprecationWarning: The `push_connection` function is deprecated. Pass the `connection` explicitly instead.
  warnings.warn(
/home/wahyu260697/document/Erpnext/silverplast/frappe-bench/env/lib/python3.11/site-packages/passlib/utils/__init__.py:854: DeprecationWarning: 'crypt' is deprecated and slated for removal in Python 3.13
  from crypt import crypt as _crypt
/home/wahyu260697/document/Erpnext/silverplast/frappe-bench/env/lib/python3.11/site-packages/rq/connections.py:72: DeprecationWarning: The `pop_connection` function is deprecated. Pass the `connection` explicitly instead.
  warnings.warn(
/home/wahyu260697/document/Erpnext/silverplast/frappe-bench/env/lib/python3.11/site-packages/rq/connections.py:58: DeprecationWarning: The `push_connection` function is deprecated. Pass the `connection` explicitly instead.
  warnings.warn(
/home/wahyu260697/document/Erpnext/silverplast/frappe-bench/env/lib/python3.11/site-packages/passlib/utils/__init__.py:854: DeprecationWarning: 'crypt' is deprecated and slated for removal in Python 3.13
  from crypt import crypt as _crypt
/home/wahyu260697/document/Erpnext/silverplast/frappe-bench/env/lib/python3.11/site-packages/rq/connections.py:72: DeprecationWarning: The `pop_connection` function is deprecated. Pass the `connection` explicitly instead.
  warnings.warn(
/home/wahyu260697/document/Erpnext/silverplast/frappe-bench/env/lib/python3.11/site-packages/rq/connections.py:58: DeprecationWarning: The `push_connection` function is deprecated. Pass the `connection` explicitly instead.
  warnings.warn(
/home/wahyu260697/document/Erpnext/silverplast/frappe-bench/env/lib/python3.11/site-packages/passlib/utils/__init__.py:854: DeprecationWarning: 'crypt' is deprecated and slated for removal in Python 3.13
  from crypt import crypt as _crypt
/home/wahyu260697/document/Erpnext/silverplast/frappe-bench/env/lib/python3.11/site-packages/rq/connections.py:72: DeprecationWarning: The `pop_connection` function is deprecated. Pass the `connection` explicitly instead.
  warnings.warn(
/home/wahyu260697/document/Erpnext/silverplast/frappe-bench/env/lib/python3.11/site-packages/rq/connections.py:58: DeprecationWarning: The `push_connection` function is deprecated. Pass the `connection` explicitly instead.
  warnings.warn(
/home/wahyu260697/document/Erpnext/silverplast/frappe-bench/env/lib/python3.11/site-packages/passlib/utils/__init__.py:854: DeprecationWarning: 'crypt' is deprecated and slated for removal in Python 3.13
  from crypt import crypt as _crypt
/home/wahyu260697/document/Erpnext/silverplast/frappe-bench/env/lib/python3.11/site-packages/rq/connections.py:72: DeprecationWarning: The `pop_connection` function is deprecated. Pass the `connection` explicitly instead.
  warnings.warn(
/home/wahyu260697/document/Erpnext/silverplast/frappe-bench/env/lib/python3.11/site-packages/rq/connections.py:58: DeprecationWarning: The `push_connection` function is deprecated. Pass the `connection` explicitly instead.
  warnings.warn(
/home/wahyu260697/document/Erpnext/silverplast/frappe-bench/env/lib/python3.11/site-packages/passlib/utils/__init__.py:854: DeprecationWarning: 'crypt' is deprecated and slated for removal in Python 3.13
  from crypt import crypt as _crypt
/home/wahyu260697/document/Erpnext/silverplast/frappe-bench/env/lib/python3.11/site-packages/rq/connections.py:72: DeprecationWarning: The `pop_connection` function is deprecated. Pass the `connection` explicitly instead.
  warnings.warn(
/home/wahyu260697/document/Erpnext/silverplast/frappe-bench/env/lib/python3.11/site-packages/rq/connections.py:58: DeprecationWarning: The `push_connection` function is deprecated. Pass the `connection` explicitly instead.
  warnings.warn(
/home/wahyu260697/document/Erpnext/silverplast/frappe-bench/env/lib/python3.11/site-packages/passlib/utils/__init__.py:854: DeprecationWarning: 'crypt' is deprecated and slated for removal in Python 3.13
  from crypt import crypt as _crypt
/home/wahyu260697/document/Erpnext/silverplast/frappe-bench/env/lib/python3.11/site-packages/rq/connections.py:72: DeprecationWarning: The `pop_connection` function is deprecated. Pass the `connection` explicitly instead.
  warnings.warn(
/home/wahyu260697/document/Erpnext/silverplast/frappe-bench/env/lib/python3.11/site-packages/rq/connections.py:58: DeprecationWarning: The `push_connection` function is deprecated. Pass the `connection` explicitly instead.
  warnings.warn(
/home/wahyu260697/document/Erpnext/silverplast/frappe-bench/env/lib/python3.11/site-packages/passlib/utils/__init__.py:854: DeprecationWarning: 'crypt' is deprecated and slated for removal in Python 3.13
  from crypt import crypt as _crypt
/home/wahyu260697/document/Erpnext/silverplast/frappe-bench/env/lib/python3.11/site-packages/rq/connections.py:72: DeprecationWarning: The `pop_connection` function is deprecated. Pass the `connection` explicitly instead.
  warnings.warn(
/home/wahyu260697/document/Erpnext/silverplast/frappe-bench/env/lib/python3.11/site-packages/rq/connections.py:58: DeprecationWarning: The `push_connection` function is deprecated. Pass the `connection` explicitly instead.
  warnings.warn(
/home/wahyu260697/document/Erpnext/silverplast/frappe-bench/env/lib/python3.11/site-packages/passlib/utils/__init__.py:854: DeprecationWarning: 'crypt' is deprecated and slated for removal in Python 3.13
  from crypt import crypt as _crypt
/home/wahyu260697/document/Erpnext/silverplast/frappe-bench/env/lib/python3.11/site-packages/rq/connections.py:72: DeprecationWarning: The `pop_connection` function is deprecated. Pass the `connection` explicitly instead.
  warnings.warn(
/home/wahyu260697/document/Erpnext/silverplast/frappe-bench/env/lib/python3.11/site-packages/rq/connections.py:58: DeprecationWarning: The `push_connection` function is deprecated. Pass the `connection` explicitly instead.
  warnings.warn(
/home/wahyu260697/document/Erpnext/silverplast/frappe-bench/env/lib/python3.11/site-packages/passlib/utils/__init__.py:854: DeprecationWarning: 'crypt' is deprecated and slated for removal in Python 3.13
  from crypt import crypt as _crypt
/home/wahyu260697/document/Erpnext/silverplast/frappe-bench/env/lib/python3.11/site-packages/rq/connections.py:72: DeprecationWarning: The `pop_connection` function is deprecated. Pass the `connection` explicitly instead.
  warnings.warn(
/home/wahyu260697/document/Erpnext/silverplast/frappe-bench/env/lib/python3.11/site-packages/rq/connections.py:58: DeprecationWarning: The `push_connection` function is deprecated. Pass the `connection` explicitly instead.
  warnings.warn(
/home/wahyu260697/document/Erpnext/silverplast/frappe-bench/env/lib/python3.11/site-packages/passlib/utils/__init__.py:854: DeprecationWarning: 'crypt' is deprecated and slated for removal in Python 3.13
  from crypt import crypt as _crypt
/home/wahyu260697/document/Erpnext/silverplast/frappe-bench/env/lib/python3.11/site-packages/rq/connections.py:72: DeprecationWarning: The `pop_connection` function is deprecated. Pass the `connection` explicitly instead.
  warnings.warn(
/home/wahyu260697/document/Erpnext/silverplast/frappe-bench/env/lib/python3.11/site-packages/rq/connections.py:58: DeprecationWarning: The `push_connection` function is deprecated. Pass the `connection` explicitly instead.
  warnings.warn(
/home/wahyu260697/document/Erpnext/silverplast/frappe-bench/env/lib/python3.11/site-packages/passlib/utils/__init__.py:854: DeprecationWarning: 'crypt' is deprecated and slated for removal in Python 3.13
  from crypt import crypt as _crypt
/home/wahyu260697/document/Erpnext/silverplast/frappe-bench/env/lib/python3.11/site-packages/rq/connections.py:72: DeprecationWarning: The `pop_connection` function is deprecated. Pass the `connection` explicitly instead.
  warnings.warn(
/home/wahyu260697/document/Erpnext/silverplast/frappe-bench/env/lib/python3.11/site-packages/rq/connections.py:58: DeprecationWarning: The `push_connection` function is deprecated. Pass the `connection` explicitly instead.
  warnings.warn(
/home/wahyu260697/document/Erpnext/silverplast/frappe-bench/env/lib/python3.11/site-packages/passlib/utils/__init__.py:854: DeprecationWarning: 'crypt' is deprecated and slated for removal in Python 3.13
  from crypt import crypt as _crypt
/home/wahyu260697/document/Erpnext/silverplast/frappe-bench/env/lib/python3.11/site-packages/rq/connections.py:72: DeprecationWarning: The `pop_connection` function is deprecated. Pass the `connection` explicitly instead.
  warnings.warn(
/home/wahyu260697/document/Erpnext/silverplast/frappe-bench/env/lib/python3.11/site-packages/rq/connections.py:58: DeprecationWarning: The `push_connection` function is deprecated. Pass the `connection` explicitly instead.
  warnings.warn(
/home/wahyu260697/document/Erpnext/silverplast/frappe-bench/env/lib/python3.11/site-packages/passlib/utils/__init__.py:854: DeprecationWarning: 'crypt' is deprecated and slated for removal in Python 3.13
  from crypt import crypt as _crypt
/home/wahyu260697/document/Erpnext/silverplast/frappe-bench/env/lib/python3.11/site-packages/rq/connections.py:72: DeprecationWarning: The `pop_connection` function is deprecated. Pass the `connection` explicitly instead.
  warnings.warn(
/home/wahyu260697/document/Erpnext/silverplast/frappe-bench/env/lib/python3.11/site-packages/rq/connections.py:58: DeprecationWarning: The `push_connection` function is deprecated. Pass the `connection` explicitly instead.
  warnings.warn(
/home/wahyu260697/document/Erpnext/silverplast/frappe-bench/env/lib/python3.11/site-packages/passlib/utils/__init__.py:854: DeprecationWarning: 'crypt' is deprecated and slated for removal in Python 3.13
  from crypt import crypt as _crypt
/home/wahyu260697/document/Erpnext/silverplast/frappe-bench/env/lib/python3.11/site-packages/rq/connections.py:72: DeprecationWarning: The `pop_connection` function is deprecated. Pass the `connection` explicitly instead.
  warnings.warn(
/home/wahyu260697/document/Erpnext/silverplast/frappe-bench/env/lib/python3.11/site-packages/rq/connections.py:58: DeprecationWarning: The `push_connection` function is deprecated. Pass the `connection` explicitly instead.
  warnings.warn(
/home/wahyu260697/document/Erpnext/silverplast/frappe-bench/env/lib/python3.11/site-packages/passlib/utils/__init__.py:854: DeprecationWarning: 'crypt' is deprecated and slated for removal in Python 3.13
  from crypt import crypt as _crypt
/home/wahyu260697/document/Erpnext/silverplast/frappe-bench/env/lib/python3.11/site-packages/rq/connections.py:72: DeprecationWarning: The `pop_connection` function is deprecated. Pass the `connection` explicitly instead.
  warnings.warn(
/home/wahyu260697/document/Erpnext/silverplast/frappe-bench/env/lib/python3.11/site-packages/rq/connections.py:58: DeprecationWarning: The `push_connection` function is deprecated. Pass the `connection` explicitly instead.
  warnings.warn(
/home/wahyu260697/document/Erpnext/silverplast/frappe-bench/env/lib/python3.11/site-packages/passlib/utils/__init__.py:854: DeprecationWarning: 'crypt' is deprecated and slated for removal in Python 3.13
  from crypt import crypt as _crypt
/home/wahyu260697/document/Erpnext/silverplast/frappe-bench/env/lib/python3.11/site-packages/rq/connections.py:72: DeprecationWarning: The `pop_connection` function is deprecated. Pass the `connection` explicitly instead.
  warnings.warn(
/home/wahyu260697/document/Erpnext/silverplast/frappe-bench/env/lib/python3.11/site-packages/rq/connections.py:58: DeprecationWarning: The `push_connection` function is deprecated. Pass the `connection` explicitly instead.
  warnings.warn(
/home/wahyu260697/document/Erpnext/silverplast/frappe-bench/env/lib/python3.11/site-packages/passlib/utils/__init__.py:854: DeprecationWarning: 'crypt' is deprecated and slated for removal in Python 3.13
  from crypt import crypt as _crypt
/home/wahyu260697/document/Erpnext/silverplast/frappe-bench/env/lib/python3.11/site-packages/rq/connections.py:72: DeprecationWarning: The `pop_connection` function is deprecated. Pass the `connection` explicitly instead.
  warnings.warn(
/home/wahyu260697/document/Erpnext/silverplast/frappe-bench/env/lib/python3.11/site-packages/rq/connections.py:58: DeprecationWarning: The `push_connection` function is deprecated. Pass the `connection` explicitly instead.
  warnings.warn(
/home/wahyu260697/document/Erpnext/silverplast/frappe-bench/env/lib/python3.11/site-packages/passlib/utils/__init__.py:854: DeprecationWarning: 'crypt' is deprecated and slated for removal in Python 3.13
  from crypt import crypt as _crypt
/home/wahyu260697/document/Erpnext/silverplast/frappe-bench/env/lib/python3.11/site-packages/rq/connections.py:72: DeprecationWarning: The `pop_connection` function is deprecated. Pass the `connection` explicitly instead.
  warnings.warn(
/home/wahyu260697/document/Erpnext/silverplast/frappe-bench/env/lib/python3.11/site-packages/rq/connections.py:58: DeprecationWarning: The `push_connection` function is deprecated. Pass the `connection` explicitly instead.
  warnings.warn(
/home/wahyu260697/document/Erpnext/silverplast/frappe-bench/env/lib/python3.11/site-packages/passlib/utils/__init__.py:854: DeprecationWarning: 'crypt' is deprecated and slated for removal in Python 3.13
  from crypt import crypt as _crypt
/home/wahyu260697/document/Erpnext/silverplast/frappe-bench/env/lib/python3.11/site-packages/rq/connections.py:72: DeprecationWarning: The `pop_connection` function is deprecated. Pass the `connection` explicitly instead.
  warnings.warn(
/home/wahyu260697/document/Erpnext/silverplast/frappe-bench/env/lib/python3.11/site-packages/rq/connections.py:58: DeprecationWarning: The `push_connection` function is deprecated. Pass the `connection` explicitly instead.
  warnings.warn(
/home/wahyu260697/document/Erpnext/silverplast/frappe-bench/env/lib/python3.11/site-packages/passlib/utils/__init__.py:854: DeprecationWarning: 'crypt' is deprecated and slated for removal in Python 3.13
  from crypt import crypt as _crypt
/home/wahyu260697/document/Erpnext/silverplast/frappe-bench/env/lib/python3.11/site-packages/rq/connections.py:72: DeprecationWarning: The `pop_connection` function is deprecated. Pass the `connection` explicitly instead.
  warnings.warn(
/home/wahyu260697/document/Erpnext/silverplast/frappe-bench/env/lib/python3.11/site-packages/rq/connections.py:58: DeprecationWarning: The `push_connection` function is deprecated. Pass the `connection` explicitly instead.
  warnings.warn(
/home/wahyu260697/document/Erpnext/silverplast/frappe-bench/env/lib/python3.11/site-packages/passlib/utils/__init__.py:854: DeprecationWarning: 'crypt' is deprecated and slated for removal in Python 3.13
  from crypt import crypt as _crypt
/home/wahyu260697/document/Erpnext/silverplast/frappe-bench/env/lib/python3.11/site-packages/rq/connections.py:72: DeprecationWarning: The `pop_connection` function is deprecated. Pass the `connection` explicitly instead.
  warnings.warn(
/home/wahyu260697/document/Erpnext/silverplast/frappe-bench/env/lib/python3.11/site-packages/rq/connections.py:58: DeprecationWarning: The `push_connection` function is deprecated. Pass the `connection` explicitly instead.
  warnings.warn(
/home/wahyu260697/document/Erpnext/silverplast/frappe-bench/env/lib/python3.11/site-packages/passlib/utils/__init__.py:854: DeprecationWarning: 'crypt' is deprecated and slated for removal in Python 3.13
  from crypt import crypt as _crypt
/home/wahyu260697/document/Erpnext/silverplast/frappe-bench/env/lib/python3.11/site-packages/rq/connections.py:72: DeprecationWarning: The `pop_connection` function is deprecated. Pass the `connection` explicitly instead.
  warnings.warn(
/home/wahyu260697/document/Erpnext/silverplast/frappe-bench/env/lib/python3.11/site-packages/rq/connections.py:58: DeprecationWarning: The `push_connection` function is deprecated. Pass the `connection` explicitly instead.
  warnings.warn(
/home/wahyu260697/document/Erpnext/silverplast/frappe-bench/env/lib/python3.11/site-packages/passlib/utils/__init__.py:854: DeprecationWarning: 'crypt' is deprecated and slated for removal in Python 3.13
  from crypt import crypt as _crypt
/home/wahyu260697/document/Erpnext/silverplast/frappe-bench/env/lib/python3.11/site-packages/rq/connections.py:72: DeprecationWarning: The `pop_connection` function is deprecated. Pass the `connection` explicitly instead.
  warnings.warn(
/home/wahyu260697/document/Erpnext/silverplast/frappe-bench/env/lib/python3.11/site-packages/rq/connections.py:58: DeprecationWarning: The `push_connection` function is deprecated. Pass the `connection` explicitly instead.
  warnings.warn(
/home/wahyu260697/document/Erpnext/silverplast/frappe-bench/env/lib/python3.11/site-packages/passlib/utils/__init__.py:854: DeprecationWarning: 'crypt' is deprecated and slated for removal in Python 3.13
  from crypt import crypt as _crypt
/home/wahyu260697/document/Erpnext/silverplast/frappe-bench/env/lib/python3.11/site-packages/rq/connections.py:72: DeprecationWarning: The `pop_connection` function is deprecated. Pass the `connection` explicitly instead.
  warnings.warn(
/home/wahyu260697/document/Erpnext/silverplast/frappe-bench/env/lib/python3.11/site-packages/rq/connections.py:58: DeprecationWarning: The `push_connection` function is deprecated. Pass the `connection` explicitly instead.
  warnings.warn(
/home/wahyu260697/document/Erpnext/silverplast/frappe-bench/env/lib/python3.11/site-packages/passlib/utils/__init__.py:854: DeprecationWarning: 'crypt' is deprecated and slated for removal in Python 3.13
  from crypt import crypt as _crypt
/home/wahyu260697/document/Erpnext/silverplast/frappe-bench/env/lib/python3.11/site-packages/rq/connections.py:72: DeprecationWarning: The `pop_connection` function is deprecated. Pass the `connection` explicitly instead.
  warnings.warn(
/home/wahyu260697/document/Erpnext/silverplast/frappe-bench/env/lib/python3.11/site-packages/rq/connections.py:58: DeprecationWarning: The `push_connection` function is deprecated. Pass the `connection` explicitly instead.
  warnings.warn(
/home/wahyu260697/document/Erpnext/silverplast/frappe-bench/env/lib/python3.11/site-packages/passlib/utils/__init__.py:854: DeprecationWarning: 'crypt' is deprecated and slated for removal in Python 3.13
  from crypt import crypt as _crypt
/home/wahyu260697/document/Erpnext/silverplast/frappe-bench/env/lib/python3.11/site-packages/rq/connections.py:72: DeprecationWarning: The `pop_connection` function is deprecated. Pass the `connection` explicitly instead.
  warnings.warn(
/home/wahyu260697/document/Erpnext/silverplast/frappe-bench/env/lib/python3.11/site-packages/rq/connections.py:58: DeprecationWarning: The `push_connection` function is deprecated. Pass the `connection` explicitly instead.
  warnings.warn(
/home/wahyu260697/document/Erpnext/silverplast/frappe-bench/env/lib/python3.11/site-packages/passlib/utils/__init__.py:854: DeprecationWarning: 'crypt' is deprecated and slated for removal in Python 3.13
  from crypt import crypt as _crypt
/home/wahyu260697/document/Erpnext/silverplast/frappe-bench/env/lib/python3.11/site-packages/rq/connections.py:72: DeprecationWarning: The `pop_connection` function is deprecated. Pass the `connection` explicitly instead.
  warnings.warn(
/home/wahyu260697/document/Erpnext/silverplast/frappe-bench/env/lib/python3.11/site-packages/rq/connections.py:58: DeprecationWarning: The `push_connection` function is deprecated. Pass the `connection` explicitly instead.
  warnings.warn(
/home/wahyu260697/document/Erpnext/silverplast/frappe-bench/env/lib/python3.11/site-packages/passlib/utils/__init__.py:854: DeprecationWarning: 'crypt' is deprecated and slated for removal in Python 3.13
  from crypt import crypt as _crypt
/home/wahyu260697/document/Erpnext/silverplast/frappe-bench/env/lib/python3.11/site-packages/rq/connections.py:72: DeprecationWarning: The `pop_connection` function is deprecated. Pass the `connection` explicitly instead.
  warnings.warn(
/home/wahyu260697/document/Erpnext/silverplast/frappe-bench/env/lib/python3.11/site-packages/rq/connections.py:58: DeprecationWarning: The `push_connection` function is deprecated. Pass the `connection` explicitly instead.
  warnings.warn(
/home/wahyu260697/document/Erpnext/silverplast/frappe-bench/env/lib/python3.11/site-packages/passlib/utils/__init__.py:854: DeprecationWarning: 'crypt' is deprecated and slated for removal in Python 3.13
  from crypt import crypt as _crypt
/home/wahyu260697/document/Erpnext/silverplast/frappe-bench/env/lib/python3.11/site-packages/rq/connections.py:72: DeprecationWarning: The `pop_connection` function is deprecated. Pass the `connection` explicitly instead.
  warnings.warn(
/home/wahyu260697/document/Erpnext/silverplast/frappe-bench/env/lib/python3.11/site-packages/rq/connections.py:58: DeprecationWarning: The `push_connection` function is deprecated. Pass the `connection` explicitly instead.
  warnings.warn(
/home/wahyu260697/document/Erpnext/silverplast/frappe-bench/env/lib/python3.11/site-packages/passlib/utils/__init__.py:854: DeprecationWarning: 'crypt' is deprecated and slated for removal in Python 3.13
  from crypt import crypt as _crypt
/home/wahyu260697/document/Erpnext/silverplast/frappe-bench/env/lib/python3.11/site-packages/rq/connections.py:72: DeprecationWarning: The `pop_connection` function is deprecated. Pass the `connection` explicitly instead.
  warnings.warn(
/home/wahyu260697/document/Erpnext/silverplast/frappe-bench/env/lib/python3.11/site-packages/rq/connections.py:58: DeprecationWarning: The `push_connection` function is deprecated. Pass the `connection` explicitly instead.
  warnings.warn(
/home/wahyu260697/document/Erpnext/silverplast/frappe-bench/env/lib/python3.11/site-packages/passlib/utils/__init__.py:854: DeprecationWarning: 'crypt' is deprecated and slated for removal in Python 3.13
  from crypt import crypt as _crypt
/home/wahyu260697/document/Erpnext/silverplast/frappe-bench/env/lib/python3.11/site-packages/rq/connections.py:72: DeprecationWarning: The `pop_connection` function is deprecated. Pass the `connection` explicitly instead.
  warnings.warn(
/home/wahyu260697/document/Erpnext/silverplast/frappe-bench/env/lib/python3.11/site-packages/rq/connections.py:58: DeprecationWarning: The `push_connection` function is deprecated. Pass the `connection` explicitly instead.
  warnings.warn(
/home/wahyu260697/document/Erpnext/silverplast/frappe-bench/env/lib/python3.11/site-packages/passlib/utils/__init__.py:854: DeprecationWarning: 'crypt' is deprecated and slated for removal in Python 3.13
  from crypt import crypt as _crypt
/home/wahyu260697/document/Erpnext/silverplast/frappe-bench/env/lib/python3.11/site-packages/rq/connections.py:72: DeprecationWarning: The `pop_connection` function is deprecated. Pass the `connection` explicitly instead.
  warnings.warn(
/home/wahyu260697/document/Erpnext/silverplast/frappe-bench/env/lib/python3.11/site-packages/rq/connections.py:58: DeprecationWarning: The `push_connection` function is deprecated. Pass the `connection` explicitly instead.
  warnings.warn(
/home/wahyu260697/document/Erpnext/silverplast/frappe-bench/env/lib/python3.11/site-packages/passlib/utils/__init__.py:854: DeprecationWarning: 'crypt' is deprecated and slated for removal in Python 3.13
  from crypt import crypt as _crypt
/home/wahyu260697/document/Erpnext/silverplast/frappe-bench/env/lib/python3.11/site-packages/rq/connections.py:72: DeprecationWarning: The `pop_connection` function is deprecated. Pass the `connection` explicitly instead.
  warnings.warn(
/home/wahyu260697/document/Erpnext/silverplast/frappe-bench/env/lib/python3.11/site-packages/rq/connections.py:58: DeprecationWarning: The `push_connection` function is deprecated. Pass the `connection` explicitly instead.
  warnings.warn(
/home/wahyu260697/document/Erpnext/silverplast/frappe-bench/env/lib/python3.11/site-packages/passlib/utils/__init__.py:854: DeprecationWarning: 'crypt' is deprecated and slated for removal in Python 3.13
  from crypt import crypt as _crypt
/home/wahyu260697/document/Erpnext/silverplast/frappe-bench/env/lib/python3.11/site-packages/rq/connections.py:72: DeprecationWarning: The `pop_connection` function is deprecated. Pass the `connection` explicitly instead.
  warnings.warn(
/home/wahyu260697/document/Erpnext/silverplast/frappe-bench/env/lib/python3.11/site-packages/rq/connections.py:58: DeprecationWarning: The `push_connection` function is deprecated. Pass the `connection` explicitly instead.
  warnings.warn(
/home/wahyu260697/document/Erpnext/silverplast/frappe-bench/env/lib/python3.11/site-packages/passlib/utils/__init__.py:854: DeprecationWarning: 'crypt' is deprecated and slated for removal in Python 3.13
  from crypt import crypt as _crypt
/home/wahyu260697/document/Erpnext/silverplast/frappe-bench/env/lib/python3.11/site-packages/rq/connections.py:72: DeprecationWarning: The `pop_connection` function is deprecated. Pass the `connection` explicitly instead.
  warnings.warn(
/home/wahyu260697/document/Erpnext/silverplast/frappe-bench/env/lib/python3.11/site-packages/rq/connections.py:58: DeprecationWarning: The `push_connection` function is deprecated. Pass the `connection` explicitly instead.
  warnings.warn(
/home/wahyu260697/document/Erpnext/silverplast/frappe-bench/env/lib/python3.11/site-packages/passlib/utils/__init__.py:854: DeprecationWarning: 'crypt' is deprecated and slated for removal in Python 3.13
  from crypt import crypt as _crypt
/home/wahyu260697/document/Erpnext/silverplast/frappe-bench/env/lib/python3.11/site-packages/rq/connections.py:72: DeprecationWarning: The `pop_connection` function is deprecated. Pass the `connection` explicitly instead.
  warnings.warn(
/home/wahyu260697/document/Erpnext/silverplast/frappe-bench/env/lib/python3.11/site-packages/rq/connections.py:58: DeprecationWarning: The `push_connection` function is deprecated. Pass the `connection` explicitly instead.
  warnings.warn(
/home/wahyu260697/document/Erpnext/silverplast/frappe-bench/env/lib/python3.11/site-packages/passlib/utils/__init__.py:854: DeprecationWarning: 'crypt' is deprecated and slated for removal in Python 3.13
  from crypt import crypt as _crypt
/home/wahyu260697/document/Erpnext/silverplast/frappe-bench/env/lib/python3.11/site-packages/rq/connections.py:72: DeprecationWarning: The `pop_connection` function is deprecated. Pass the `connection` explicitly instead.
  warnings.warn(
/home/wahyu260697/document/Erpnext/silverplast/frappe-bench/env/lib/python3.11/site-packages/rq/connections.py:58: DeprecationWarning: The `push_connection` function is deprecated. Pass the `connection` explicitly instead.
  warnings.warn(
/home/wahyu260697/document/Erpnext/silverplast/frappe-bench/env/lib/python3.11/site-packages/passlib/utils/__init__.py:854: DeprecationWarning: 'crypt' is deprecated and slated for removal in Python 3.13
  from crypt import crypt as _crypt
/home/wahyu260697/document/Erpnext/silverplast/frappe-bench/env/lib/python3.11/site-packages/rq/connections.py:72: DeprecationWarning: The `pop_connection` function is deprecated. Pass the `connection` explicitly instead.
  warnings.warn(
/home/wahyu260697/document/Erpnext/silverplast/frappe-bench/env/lib/python3.11/site-packages/rq/connections.py:58: DeprecationWarning: The `push_connection` function is deprecated. Pass the `connection` explicitly instead.
  warnings.warn(
/home/wahyu260697/document/Erpnext/silverplast/frappe-bench/env/lib/python3.11/site-packages/passlib/utils/__init__.py:854: DeprecationWarning: 'crypt' is deprecated and slated for removal in Python 3.13
  from crypt import crypt as _crypt
/home/wahyu260697/document/Erpnext/silverplast/frappe-bench/env/lib/python3.11/site-packages/rq/connections.py:72: DeprecationWarning: The `pop_connection` function is deprecated. Pass the `connection` explicitly instead.
  warnings.warn(
/home/wahyu260697/document/Erpnext/silverplast/frappe-bench/env/lib/python3.11/site-packages/rq/connections.py:58: DeprecationWarning: The `push_connection` function is deprecated. Pass the `connection` explicitly instead.
  warnings.warn(
/home/wahyu260697/document/Erpnext/silverplast/frappe-bench/env/lib/python3.11/site-packages/passlib/utils/__init__.py:854: DeprecationWarning: 'crypt' is deprecated and slated for removal in Python 3.13
  from crypt import crypt as _crypt
/home/wahyu260697/document/Erpnext/silverplast/frappe-bench/env/lib/python3.11/site-packages/rq/connections.py:72: DeprecationWarning: The `pop_connection` function is deprecated. Pass the `connection` explicitly instead.
  warnings.warn(
/home/wahyu260697/document/Erpnext/silverplast/frappe-bench/env/lib/python3.11/site-packages/rq/connections.py:58: DeprecationWarning: The `push_connection` function is deprecated. Pass the `connection` explicitly instead.
  warnings.warn(
/home/wahyu260697/document/Erpnext/silverplast/frappe-bench/env/lib/python3.11/site-packages/passlib/utils/__init__.py:854: DeprecationWarning: 'crypt' is deprecated and slated for removal in Python 3.13
  from crypt import crypt as _crypt
/home/wahyu260697/document/Erpnext/silverplast/frappe-bench/env/lib/python3.11/site-packages/rq/connections.py:72: DeprecationWarning: The `pop_connection` function is deprecated. Pass the `connection` explicitly instead.
  warnings.warn(
/home/wahyu260697/document/Erpnext/silverplast/frappe-bench/env/lib/python3.11/site-packages/rq/connections.py:58: DeprecationWarning: The `push_connection` function is deprecated. Pass the `connection` explicitly instead.
  warnings.warn(
/home/wahyu260697/document/Erpnext/silverplast/frappe-bench/env/lib/python3.11/site-packages/passlib/utils/__init__.py:854: DeprecationWarning: 'crypt' is deprecated and slated for removal in Python 3.13
  from crypt import crypt as _crypt
/home/wahyu260697/document/Erpnext/silverplast/frappe-bench/env/lib/python3.11/site-packages/rq/connections.py:72: DeprecationWarning: The `pop_connection` function is deprecated. Pass the `connection` explicitly instead.
  warnings.warn(
/home/wahyu260697/document/Erpnext/silverplast/frappe-bench/env/lib/python3.11/site-packages/rq/connections.py:58: DeprecationWarning: The `push_connection` function is deprecated. Pass the `connection` explicitly instead.
  warnings.warn(
/home/wahyu260697/document/Erpnext/silverplast/frappe-bench/env/lib/python3.11/site-packages/passlib/utils/__init__.py:854: DeprecationWarning: 'crypt' is deprecated and slated for removal in Python 3.13
  from crypt import crypt as _crypt
/home/wahyu260697/document/Erpnext/silverplast/frappe-bench/env/lib/python3.11/site-packages/rq/connections.py:72: DeprecationWarning: The `pop_connection` function is deprecated. Pass the `connection` explicitly instead.
  warnings.warn(
/home/wahyu260697/document/Erpnext/silverplast/frappe-bench/env/lib/python3.11/site-packages/rq/connections.py:58: DeprecationWarning: The `push_connection` function is deprecated. Pass the `connection` explicitly instead.
  warnings.warn(
/home/wahyu260697/document/Erpnext/silverplast/frappe-bench/env/lib/python3.11/site-packages/passlib/utils/__init__.py:854: DeprecationWarning: 'crypt' is deprecated and slated for removal in Python 3.13
  from crypt import crypt as _crypt
/home/wahyu260697/document/Erpnext/silverplast/frappe-bench/env/lib/python3.11/site-packages/rq/connections.py:72: DeprecationWarning: The `pop_connection` function is deprecated. Pass the `connection` explicitly instead.
  warnings.warn(
/home/wahyu260697/document/Erpnext/silverplast/frappe-bench/env/lib/python3.11/site-packages/rq/connections.py:58: DeprecationWarning: The `push_connection` function is deprecated. Pass the `connection` explicitly instead.
  warnings.warn(
/home/wahyu260697/document/Erpnext/silverplast/frappe-bench/env/lib/python3.11/site-packages/passlib/utils/__init__.py:854: DeprecationWarning: 'crypt' is deprecated and slated for removal in Python 3.13
  from crypt import crypt as _crypt
/home/wahyu260697/document/Erpnext/silverplast/frappe-bench/env/lib/python3.11/site-packages/rq/connections.py:72: DeprecationWarning: The `pop_connection` function is deprecated. Pass the `connection` explicitly instead.
  warnings.warn(
/home/wahyu260697/document/Erpnext/silverplast/frappe-bench/env/lib/python3.11/site-packages/rq/connections.py:58: DeprecationWarning: The `push_connection` function is deprecated. Pass the `connection` explicitly instead.
  warnings.warn(
/home/wahyu260697/document/Erpnext/silverplast/frappe-bench/env/lib/python3.11/site-packages/passlib/utils/__init__.py:854: DeprecationWarning: 'crypt' is deprecated and slated for removal in Python 3.13
  from crypt import crypt as _crypt
/home/wahyu260697/document/Erpnext/silverplast/frappe-bench/env/lib/python3.11/site-packages/rq/connections.py:72: DeprecationWarning: The `pop_connection` function is deprecated. Pass the `connection` explicitly instead.
  warnings.warn(
/home/wahyu260697/document/Erpnext/silverplast/frappe-bench/env/lib/python3.11/site-packages/rq/connections.py:58: DeprecationWarning: The `push_connection` function is deprecated. Pass the `connection` explicitly instead.
  warnings.warn(
/home/wahyu260697/document/Erpnext/silverplast/frappe-bench/env/lib/python3.11/site-packages/passlib/utils/__init__.py:854: DeprecationWarning: 'crypt' is deprecated and slated for removal in Python 3.13
  from crypt import crypt as _crypt
/home/wahyu260697/document/Erpnext/silverplast/frappe-bench/env/lib/python3.11/site-packages/rq/connections.py:72: DeprecationWarning: The `pop_connection` function is deprecated. Pass the `connection` explicitly instead.
  warnings.warn(
/home/wahyu260697/document/Erpnext/silverplast/frappe-bench/env/lib/python3.11/site-packages/rq/connections.py:58: DeprecationWarning: The `push_connection` function is deprecated. Pass the `connection` explicitly instead.
  warnings.warn(
/home/wahyu260697/document/Erpnext/silverplast/frappe-bench/env/lib/python3.11/site-packages/passlib/utils/__init__.py:854: DeprecationWarning: 'crypt' is deprecated and slated for removal in Python 3.13
  from crypt import crypt as _crypt
/home/wahyu260697/document/Erpnext/silverplast/frappe-bench/env/lib/python3.11/site-packages/rq/connections.py:72: DeprecationWarning: The `pop_connection` function is deprecated. Pass the `connection` explicitly instead.
  warnings.warn(
/home/wahyu260697/document/Erpnext/silverplast/frappe-bench/env/lib/python3.11/site-packages/rq/connections.py:58: DeprecationWarning: The `push_connection` function is deprecated. Pass the `connection` explicitly instead.
  warnings.warn(
/home/wahyu260697/document/Erpnext/silverplast/frappe-bench/env/lib/python3.11/site-packages/passlib/utils/__init__.py:854: DeprecationWarning: 'crypt' is deprecated and slated for removal in Python 3.13
  from crypt import crypt as _crypt
/home/wahyu260697/document/Erpnext/silverplast/frappe-bench/env/lib/python3.11/site-packages/rq/connections.py:72: DeprecationWarning: The `pop_connection` function is deprecated. Pass the `connection` explicitly instead.
  warnings.warn(
/home/wahyu260697/document/Erpnext/silverplast/frappe-bench/env/lib/python3.11/site-packages/rq/connections.py:58: DeprecationWarning: The `push_connection` function is deprecated. Pass the `connection` explicitly instead.
  warnings.warn(
/home/wahyu260697/document/Erpnext/silverplast/frappe-bench/env/lib/python3.11/site-packages/passlib/utils/__init__.py:854: DeprecationWarning: 'crypt' is deprecated and slated for removal in Python 3.13
  from crypt import crypt as _crypt
/home/wahyu260697/document/Erpnext/silverplast/frappe-bench/env/lib/python3.11/site-packages/rq/connections.py:72: DeprecationWarning: The `pop_connection` function is deprecated. Pass the `connection` explicitly instead.
  warnings.warn(
/home/wahyu260697/document/Erpnext/silverplast/frappe-bench/env/lib/python3.11/site-packages/rq/connections.py:58: DeprecationWarning: The `push_connection` function is deprecated. Pass the `connection` explicitly instead.
  warnings.warn(
/home/wahyu260697/document/Erpnext/silverplast/frappe-bench/env/lib/python3.11/site-packages/passlib/utils/__init__.py:854: DeprecationWarning: 'crypt' is deprecated and slated for removal in Python 3.13
  from crypt import crypt as _crypt
/home/wahyu260697/document/Erpnext/silverplast/frappe-bench/env/lib/python3.11/site-packages/rq/connections.py:72: DeprecationWarning: The `pop_connection` function is deprecated. Pass the `connection` explicitly instead.
  warnings.warn(
/home/wahyu260697/document/Erpnext/silverplast/frappe-bench/env/lib/python3.11/site-packages/rq/connections.py:58: DeprecationWarning: The `push_connection` function is deprecated. Pass the `connection` explicitly instead.
  warnings.warn(
/home/wahyu260697/document/Erpnext/silverplast/frappe-bench/env/lib/python3.11/site-packages/passlib/utils/__init__.py:854: DeprecationWarning: 'crypt' is deprecated and slated for removal in Python 3.13
  from crypt import crypt as _crypt
/home/wahyu260697/document/Erpnext/silverplast/frappe-bench/env/lib/python3.11/site-packages/rq/connections.py:72: DeprecationWarning: The `pop_connection` function is deprecated. Pass the `connection` explicitly instead.
  warnings.warn(
/home/wahyu260697/document/Erpnext/silverplast/frappe-bench/env/lib/python3.11/site-packages/rq/connections.py:58: DeprecationWarning: The `push_connection` function is deprecated. Pass the `connection` explicitly instead.
  warnings.warn(
/home/wahyu260697/document/Erpnext/silverplast/frappe-bench/env/lib/python3.11/site-packages/passlib/utils/__init__.py:854: DeprecationWarning: 'crypt' is deprecated and slated for removal in Python 3.13
  from crypt import crypt as _crypt
/home/wahyu260697/document/Erpnext/silverplast/frappe-bench/env/lib/python3.11/site-packages/rq/connections.py:72: DeprecationWarning: The `pop_connection` function is deprecated. Pass the `connection` explicitly instead.
  warnings.warn(
/home/wahyu260697/document/Erpnext/silverplast/frappe-bench/env/lib/python3.11/site-packages/rq/connections.py:58: DeprecationWarning: The `push_connection` function is deprecated. Pass the `connection` explicitly instead.
  warnings.warn(
/home/wahyu260697/document/Erpnext/silverplast/frappe-bench/env/lib/python3.11/site-packages/passlib/utils/__init__.py:854: DeprecationWarning: 'crypt' is deprecated and slated for removal in Python 3.13
  from crypt import crypt as _crypt
/home/wahyu260697/document/Erpnext/silverplast/frappe-bench/env/lib/python3.11/site-packages/rq/connections.py:72: DeprecationWarning: The `pop_connection` function is deprecated. Pass the `connection` explicitly instead.
  warnings.warn(
/home/wahyu260697/document/Erpnext/silverplast/frappe-bench/env/lib/python3.11/site-packages/rq/connections.py:58: DeprecationWarning: The `push_connection` function is deprecated. Pass the `connection` explicitly instead.
  warnings.warn(
/home/wahyu260697/document/Erpnext/silverplast/frappe-bench/env/lib/python3.11/site-packages/passlib/utils/__init__.py:854: DeprecationWarning: 'crypt' is deprecated and slated for removal in Python 3.13
  from crypt import crypt as _crypt
/home/wahyu260697/document/Erpnext/silverplast/frappe-bench/env/lib/python3.11/site-packages/rq/connections.py:72: DeprecationWarning: The `pop_connection` function is deprecated. Pass the `connection` explicitly instead.
  warnings.warn(
/home/wahyu260697/document/Erpnext/silverplast/frappe-bench/env/lib/python3.11/site-packages/rq/connections.py:58: DeprecationWarning: The `push_connection` function is deprecated. Pass the `connection` explicitly instead.
  warnings.warn(
/home/wahyu260697/document/Erpnext/silverplast/frappe-bench/env/lib/python3.11/site-packages/passlib/utils/__init__.py:854: DeprecationWarning: 'crypt' is deprecated and slated for removal in Python 3.13
  from crypt import crypt as _crypt
/home/wahyu260697/document/Erpnext/silverplast/frappe-bench/env/lib/python3.11/site-packages/rq/connections.py:72: DeprecationWarning: The `pop_connection` function is deprecated. Pass the `connection` explicitly instead.
  warnings.warn(
/home/wahyu260697/document/Erpnext/silverplast/frappe-bench/env/lib/python3.11/site-packages/rq/connections.py:58: DeprecationWarning: The `push_connection` function is deprecated. Pass the `connection` explicitly instead.
  warnings.warn(
/home/wahyu260697/document/Erpnext/silverplast/frappe-bench/env/lib/python3.11/site-packages/passlib/utils/__init__.py:854: DeprecationWarning: 'crypt' is deprecated and slated for removal in Python 3.13
  from crypt import crypt as _crypt
/home/wahyu260697/document/Erpnext/silverplast/frappe-bench/env/lib/python3.11/site-packages/rq/connections.py:72: DeprecationWarning: The `pop_connection` function is deprecated. Pass the `connection` explicitly instead.
  warnings.warn(
/home/wahyu260697/document/Erpnext/silverplast/frappe-bench/env/lib/python3.11/site-packages/rq/connections.py:58: DeprecationWarning: The `push_connection` function is deprecated. Pass the `connection` explicitly instead.
  warnings.warn(
/home/wahyu260697/document/Erpnext/silverplast/frappe-bench/env/lib/python3.11/site-packages/passlib/utils/__init__.py:854: DeprecationWarning: 'crypt' is deprecated and slated for removal in Python 3.13
  from crypt import crypt as _crypt
/home/wahyu260697/document/Erpnext/silverplast/frappe-bench/env/lib/python3.11/site-packages/rq/connections.py:72: DeprecationWarning: The `pop_connection` function is deprecated. Pass the `connection` explicitly instead.
  warnings.warn(
/home/wahyu260697/document/Erpnext/silverplast/frappe-bench/env/lib/python3.11/site-packages/rq/connections.py:58: DeprecationWarning: The `push_connection` function is deprecated. Pass the `connection` explicitly instead.
  warnings.warn(
/home/wahyu260697/document/Erpnext/silverplast/frappe-bench/env/lib/python3.11/site-packages/passlib/utils/__init__.py:854: DeprecationWarning: 'crypt' is deprecated and slated for removal in Python 3.13
  from crypt import crypt as _crypt
/home/wahyu260697/document/Erpnext/silverplast/frappe-bench/env/lib/python3.11/site-packages/rq/connections.py:72: DeprecationWarning: The `pop_connection` function is deprecated. Pass the `connection` explicitly instead.
  warnings.warn(
/home/wahyu260697/document/Erpnext/silverplast/frappe-bench/env/lib/python3.11/site-packages/rq/connections.py:58: DeprecationWarning: The `push_connection` function is deprecated. Pass the `connection` explicitly instead.
  warnings.warn(
/home/wahyu260697/document/Erpnext/silverplast/frappe-bench/env/lib/python3.11/site-packages/passlib/utils/__init__.py:854: DeprecationWarning: 'crypt' is deprecated and slated for removal in Python 3.13
  from crypt import crypt as _crypt
/home/wahyu260697/document/Erpnext/silverplast/frappe-bench/env/lib/python3.11/site-packages/rq/connections.py:72: DeprecationWarning: The `pop_connection` function is deprecated. Pass the `connection` explicitly instead.
  warnings.warn(
/home/wahyu260697/document/Erpnext/silverplast/frappe-bench/env/lib/python3.11/site-packages/rq/connections.py:58: DeprecationWarning: The `push_connection` function is deprecated. Pass the `connection` explicitly instead.
  warnings.warn(
/home/wahyu260697/document/Erpnext/silverplast/frappe-bench/env/lib/python3.11/site-packages/passlib/utils/__init__.py:854: DeprecationWarning: 'crypt' is deprecated and slated for removal in Python 3.13
  from crypt import crypt as _crypt
/home/wahyu260697/document/Erpnext/silverplast/frappe-bench/env/lib/python3.11/site-packages/rq/connections.py:72: DeprecationWarning: The `pop_connection` function is deprecated. Pass the `connection` explicitly instead.
  warnings.warn(
/home/wahyu260697/document/Erpnext/silverplast/frappe-bench/env/lib/python3.11/site-packages/rq/connections.py:58: DeprecationWarning: The `push_connection` function is deprecated. Pass the `connection` explicitly instead.
  warnings.warn(
/home/wahyu260697/document/Erpnext/silverplast/frappe-bench/env/lib/python3.11/site-packages/passlib/utils/__init__.py:854: DeprecationWarning: 'crypt' is deprecated and slated for removal in Python 3.13
  from crypt import crypt as _crypt
/home/wahyu260697/document/Erpnext/silverplast/frappe-bench/env/lib/python3.11/site-packages/rq/connections.py:72: DeprecationWarning: The `pop_connection` function is deprecated. Pass the `connection` explicitly instead.
  warnings.warn(
/home/wahyu260697/document/Erpnext/silverplast/frappe-bench/env/lib/python3.11/site-packages/rq/connections.py:58: DeprecationWarning: The `push_connection` function is deprecated. Pass the `connection` explicitly instead.
  warnings.warn(
/home/wahyu260697/document/Erpnext/silverplast/frappe-bench/env/lib/python3.11/site-packages/passlib/utils/__init__.py:854: DeprecationWarning: 'crypt' is deprecated and slated for removal in Python 3.13
  from crypt import crypt as _crypt
/home/wahyu260697/document/Erpnext/silverplast/frappe-bench/env/lib/python3.11/site-packages/rq/connections.py:72: DeprecationWarning: The `pop_connection` function is deprecated. Pass the `connection` explicitly instead.
  warnings.warn(
/home/wahyu260697/document/Erpnext/silverplast/frappe-bench/env/lib/python3.11/site-packages/rq/connections.py:58: DeprecationWarning: The `push_connection` function is deprecated. Pass the `connection` explicitly instead.
  warnings.warn(
/home/wahyu260697/document/Erpnext/silverplast/frappe-bench/env/lib/python3.11/site-packages/passlib/utils/__init__.py:854: DeprecationWarning: 'crypt' is deprecated and slated for removal in Python 3.13
  from crypt import crypt as _crypt
/home/wahyu260697/document/Erpnext/silverplast/frappe-bench/env/lib/python3.11/site-packages/rq/connections.py:72: DeprecationWarning: The `pop_connection` function is deprecated. Pass the `connection` explicitly instead.
  warnings.warn(
/home/wahyu260697/document/Erpnext/silverplast/frappe-bench/env/lib/python3.11/site-packages/rq/connections.py:58: DeprecationWarning: The `push_connection` function is deprecated. Pass the `connection` explicitly instead.
  warnings.warn(
/home/wahyu260697/document/Erpnext/silverplast/frappe-bench/env/lib/python3.11/site-packages/passlib/utils/__init__.py:854: DeprecationWarning: 'crypt' is deprecated and slated for removal in Python 3.13
  from crypt import crypt as _crypt
/home/wahyu260697/document/Erpnext/silverplast/frappe-bench/env/lib/python3.11/site-packages/rq/connections.py:72: DeprecationWarning: The `pop_connection` function is deprecated. Pass the `connection` explicitly instead.
  warnings.warn(
/home/wahyu260697/document/Erpnext/silverplast/frappe-bench/env/lib/python3.11/site-packages/rq/connections.py:58: DeprecationWarning: The `push_connection` function is deprecated. Pass the `connection` explicitly instead.
  warnings.warn(
/home/wahyu260697/document/Erpnext/silverplast/frappe-bench/env/lib/python3.11/site-packages/passlib/utils/__init__.py:854: DeprecationWarning: 'crypt' is deprecated and slated for removal in Python 3.13
  from crypt import crypt as _crypt
/home/wahyu260697/document/Erpnext/silverplast/frappe-bench/env/lib/python3.11/site-packages/rq/connections.py:72: DeprecationWarning: The `pop_connection` function is deprecated. Pass the `connection` explicitly instead.
  warnings.warn(
/home/wahyu260697/document/Erpnext/silverplast/frappe-bench/env/lib/python3.11/site-packages/rq/connections.py:58: DeprecationWarning: The `push_connection` function is deprecated. Pass the `connection` explicitly instead.
  warnings.warn(
/home/wahyu260697/document/Erpnext/silverplast/frappe-bench/env/lib/python3.11/site-packages/passlib/utils/__init__.py:854: DeprecationWarning: 'crypt' is deprecated and slated for removal in Python 3.13
  from crypt import crypt as _crypt
/home/wahyu260697/document/Erpnext/silverplast/frappe-bench/env/lib/python3.11/site-packages/rq/connections.py:72: DeprecationWarning: The `pop_connection` function is deprecated. Pass the `connection` explicitly instead.
  warnings.warn(
/home/wahyu260697/document/Erpnext/silverplast/frappe-bench/env/lib/python3.11/site-packages/rq/connections.py:58: DeprecationWarning: The `push_connection` function is deprecated. Pass the `connection` explicitly instead.
  warnings.warn(
/home/wahyu260697/document/Erpnext/silverplast/frappe-bench/env/lib/python3.11/site-packages/passlib/utils/__init__.py:854: DeprecationWarning: 'crypt' is deprecated and slated for removal in Python 3.13
  from crypt import crypt as _crypt
/home/wahyu260697/document/Erpnext/silverplast/frappe-bench/env/lib/python3.11/site-packages/rq/connections.py:72: DeprecationWarning: The `pop_connection` function is deprecated. Pass the `connection` explicitly instead.
  warnings.warn(
/home/wahyu260697/document/Erpnext/silverplast/frappe-bench/env/lib/python3.11/site-packages/rq/connections.py:58: DeprecationWarning: The `push_connection` function is deprecated. Pass the `connection` explicitly instead.
  warnings.warn(
/home/wahyu260697/document/Erpnext/silverplast/frappe-bench/env/lib/python3.11/site-packages/passlib/utils/__init__.py:854: DeprecationWarning: 'crypt' is deprecated and slated for removal in Python 3.13
  from crypt import crypt as _crypt
/home/wahyu260697/document/Erpnext/silverplast/frappe-bench/env/lib/python3.11/site-packages/rq/connections.py:72: DeprecationWarning: The `pop_connection` function is deprecated. Pass the `connection` explicitly instead.
  warnings.warn(
/home/wahyu260697/document/Erpnext/silverplast/frappe-bench/env/lib/python3.11/site-packages/rq/connections.py:58: DeprecationWarning: The `push_connection` function is deprecated. Pass the `connection` explicitly instead.
  warnings.warn(
/home/wahyu260697/document/Erpnext/silverplast/frappe-bench/env/lib/python3.11/site-packages/passlib/utils/__init__.py:854: DeprecationWarning: 'crypt' is deprecated and slated for removal in Python 3.13
  from crypt import crypt as _crypt
/home/wahyu260697/document/Erpnext/silverplast/frappe-bench/env/lib/python3.11/site-packages/rq/connections.py:72: DeprecationWarning: The `pop_connection` function is deprecated. Pass the `connection` explicitly instead.
  warnings.warn(
/home/wahyu260697/document/Erpnext/silverplast/frappe-bench/env/lib/python3.11/site-packages/rq/connections.py:58: DeprecationWarning: The `push_connection` function is deprecated. Pass the `connection` explicitly instead.
  warnings.warn(
/home/wahyu260697/document/Erpnext/silverplast/frappe-bench/env/lib/python3.11/site-packages/passlib/utils/__init__.py:854: DeprecationWarning: 'crypt' is deprecated and slated for removal in Python 3.13
  from crypt import crypt as _crypt
/home/wahyu260697/document/Erpnext/silverplast/frappe-bench/env/lib/python3.11/site-packages/rq/connections.py:72: DeprecationWarning: The `pop_connection` function is deprecated. Pass the `connection` explicitly instead.
  warnings.warn(
/home/wahyu260697/document/Erpnext/silverplast/frappe-bench/env/lib/python3.11/site-packages/rq/connections.py:58: DeprecationWarning: The `push_connection` function is deprecated. Pass the `connection` explicitly instead.
  warnings.warn(
/home/wahyu260697/document/Erpnext/silverplast/frappe-bench/env/lib/python3.11/site-packages/passlib/utils/__init__.py:854: DeprecationWarning: 'crypt' is deprecated and slated for removal in Python 3.13
  from crypt import crypt as _crypt
/home/wahyu260697/document/Erpnext/silverplast/frappe-bench/env/lib/python3.11/site-packages/rq/connections.py:72: DeprecationWarning: The `pop_connection` function is deprecated. Pass the `connection` explicitly instead.
  warnings.warn(
/home/wahyu260697/document/Erpnext/silverplast/frappe-bench/env/lib/python3.11/site-packages/rq/connections.py:58: DeprecationWarning: The `push_connection` function is deprecated. Pass the `connection` explicitly instead.
  warnings.warn(
/home/wahyu260697/document/Erpnext/silverplast/frappe-bench/env/lib/python3.11/site-packages/passlib/utils/__init__.py:854: DeprecationWarning: 'crypt' is deprecated and slated for removal in Python 3.13
  from crypt import crypt as _crypt
/home/wahyu260697/document/Erpnext/silverplast/frappe-bench/env/lib/python3.11/site-packages/rq/connections.py:72: DeprecationWarning: The `pop_connection` function is deprecated. Pass the `connection` explicitly instead.
  warnings.warn(
/home/wahyu260697/document/Erpnext/silverplast/frappe-bench/env/lib/python3.11/site-packages/rq/connections.py:58: DeprecationWarning: The `push_connection` function is deprecated. Pass the `connection` explicitly instead.
  warnings.warn(
/home/wahyu260697/document/Erpnext/silverplast/frappe-bench/env/lib/python3.11/site-packages/passlib/utils/__init__.py:854: DeprecationWarning: 'crypt' is deprecated and slated for removal in Python 3.13
  from crypt import crypt as _crypt
/home/wahyu260697/document/Erpnext/silverplast/frappe-bench/env/lib/python3.11/site-packages/rq/connections.py:72: DeprecationWarning: The `pop_connection` function is deprecated. Pass the `connection` explicitly instead.
  warnings.warn(
/home/wahyu260697/document/Erpnext/silverplast/frappe-bench/env/lib/python3.11/site-packages/rq/connections.py:58: DeprecationWarning: The `push_connection` function is deprecated. Pass the `connection` explicitly instead.
  warnings.warn(
/home/wahyu260697/document/Erpnext/silverplast/frappe-bench/env/lib/python3.11/site-packages/passlib/utils/__init__.py:854: DeprecationWarning: 'crypt' is deprecated and slated for removal in Python 3.13
  from crypt import crypt as _crypt
/home/wahyu260697/document/Erpnext/silverplast/frappe-bench/env/lib/python3.11/site-packages/rq/connections.py:72: DeprecationWarning: The `pop_connection` function is deprecated. Pass the `connection` explicitly instead.
  warnings.warn(
/home/wahyu260697/document/Erpnext/silverplast/frappe-bench/env/lib/python3.11/site-packages/rq/connections.py:58: DeprecationWarning: The `push_connection` function is deprecated. Pass the `connection` explicitly instead.
  warnings.warn(
/home/wahyu260697/document/Erpnext/silverplast/frappe-bench/env/lib/python3.11/site-packages/passlib/utils/__init__.py:854: DeprecationWarning: 'crypt' is deprecated and slated for removal in Python 3.13
  from crypt import crypt as _crypt
/home/wahyu260697/document/Erpnext/silverplast/frappe-bench/env/lib/python3.11/site-packages/rq/connections.py:72: DeprecationWarning: The `pop_connection` function is deprecated. Pass the `connection` explicitly instead.
  warnings.warn(
/home/wahyu260697/document/Erpnext/silverplast/frappe-bench/env/lib/python3.11/site-packages/rq/connections.py:58: DeprecationWarning: The `push_connection` function is deprecated. Pass the `connection` explicitly instead.
  warnings.warn(
/home/wahyu260697/document/Erpnext/silverplast/frappe-bench/env/lib/python3.11/site-packages/passlib/utils/__init__.py:854: DeprecationWarning: 'crypt' is deprecated and slated for removal in Python 3.13
  from crypt import crypt as _crypt
/home/wahyu260697/document/Erpnext/silverplast/frappe-bench/env/lib/python3.11/site-packages/rq/connections.py:72: DeprecationWarning: The `pop_connection` function is deprecated. Pass the `connection` explicitly instead.
  warnings.warn(
/home/wahyu260697/document/Erpnext/silverplast/frappe-bench/env/lib/python3.11/site-packages/rq/connections.py:58: DeprecationWarning: The `push_connection` function is deprecated. Pass the `connection` explicitly instead.
  warnings.warn(
/home/wahyu260697/document/Erpnext/silverplast/frappe-bench/env/lib/python3.11/site-packages/passlib/utils/__init__.py:854: DeprecationWarning: 'crypt' is deprecated and slated for removal in Python 3.13
  from crypt import crypt as _crypt
/home/wahyu260697/document/Erpnext/silverplast/frappe-bench/env/lib/python3.11/site-packages/rq/connections.py:72: DeprecationWarning: The `pop_connection` function is deprecated. Pass the `connection` explicitly instead.
  warnings.warn(
/home/wahyu260697/document/Erpnext/silverplast/frappe-bench/env/lib/python3.11/site-packages/rq/connections.py:58: DeprecationWarning: The `push_connection` function is deprecated. Pass the `connection` explicitly instead.
  warnings.warn(
/home/wahyu260697/document/Erpnext/silverplast/frappe-bench/env/lib/python3.11/site-packages/passlib/utils/__init__.py:854: DeprecationWarning: 'crypt' is deprecated and slated for removal in Python 3.13
  from crypt import crypt as _crypt
/home/wahyu260697/document/Erpnext/silverplast/frappe-bench/env/lib/python3.11/site-packages/rq/connections.py:72: DeprecationWarning: The `pop_connection` function is deprecated. Pass the `connection` explicitly instead.
  warnings.warn(
/home/wahyu260697/document/Erpnext/silverplast/frappe-bench/env/lib/python3.11/site-packages/rq/connections.py:58: DeprecationWarning: The `push_connection` function is deprecated. Pass the `connection` explicitly instead.
  warnings.warn(
/home/wahyu260697/document/Erpnext/silverplast/frappe-bench/env/lib/python3.11/site-packages/passlib/utils/__init__.py:854: DeprecationWarning: 'crypt' is deprecated and slated for removal in Python 3.13
  from crypt import crypt as _crypt
/home/wahyu260697/document/Erpnext/silverplast/frappe-bench/env/lib/python3.11/site-packages/rq/connections.py:72: DeprecationWarning: The `pop_connection` function is deprecated. Pass the `connection` explicitly instead.
  warnings.warn(
/home/wahyu260697/document/Erpnext/silverplast/frappe-bench/env/lib/python3.11/site-packages/rq/connections.py:58: DeprecationWarning: The `push_connection` function is deprecated. Pass the `connection` explicitly instead.
  warnings.warn(
/home/wahyu260697/document/Erpnext/silverplast/frappe-bench/env/lib/python3.11/site-packages/passlib/utils/__init__.py:854: DeprecationWarning: 'crypt' is deprecated and slated for removal in Python 3.13
  from crypt import crypt as _crypt
/home/wahyu260697/document/Erpnext/silverplast/frappe-bench/env/lib/python3.11/site-packages/rq/connections.py:72: DeprecationWarning: The `pop_connection` function is deprecated. Pass the `connection` explicitly instead.
  warnings.warn(
/home/wahyu260697/document/Erpnext/silverplast/frappe-bench/env/lib/python3.11/site-packages/rq/connections.py:58: DeprecationWarning: The `push_connection` function is deprecated. Pass the `connection` explicitly instead.
  warnings.warn(
/home/wahyu260697/document/Erpnext/silverplast/frappe-bench/env/lib/python3.11/site-packages/passlib/utils/__init__.py:854: DeprecationWarning: 'crypt' is deprecated and slated for removal in Python 3.13
  from crypt import crypt as _crypt
/home/wahyu260697/document/Erpnext/silverplast/frappe-bench/env/lib/python3.11/site-packages/rq/connections.py:72: DeprecationWarning: The `pop_connection` function is deprecated. Pass the `connection` explicitly instead.
  warnings.warn(
/home/wahyu260697/document/Erpnext/silverplast/frappe-bench/env/lib/python3.11/site-packages/rq/connections.py:58: DeprecationWarning: The `push_connection` function is deprecated. Pass the `connection` explicitly instead.
  warnings.warn(
/home/wahyu260697/document/Erpnext/silverplast/frappe-bench/env/lib/python3.11/site-packages/passlib/utils/__init__.py:854: DeprecationWarning: 'crypt' is deprecated and slated for removal in Python 3.13
  from crypt import crypt as _crypt
/home/wahyu260697/document/Erpnext/silverplast/frappe-bench/env/lib/python3.11/site-packages/rq/connections.py:72: DeprecationWarning: The `pop_connection` function is deprecated. Pass the `connection` explicitly instead.
  warnings.warn(
/home/wahyu260697/document/Erpnext/silverplast/frappe-bench/env/lib/python3.11/site-packages/rq/connections.py:58: DeprecationWarning: The `push_connection` function is deprecated. Pass the `connection` explicitly instead.
  warnings.warn(
/home/wahyu260697/document/Erpnext/silverplast/frappe-bench/env/lib/python3.11/site-packages/passlib/utils/__init__.py:854: DeprecationWarning: 'crypt' is deprecated and slated for removal in Python 3.13
  from crypt import crypt as _crypt
/home/wahyu260697/document/Erpnext/silverplast/frappe-bench/env/lib/python3.11/site-packages/rq/connections.py:72: DeprecationWarning: The `pop_connection` function is deprecated. Pass the `connection` explicitly instead.
  warnings.warn(
/home/wahyu260697/document/Erpnext/silverplast/frappe-bench/env/lib/python3.11/site-packages/rq/connections.py:58: DeprecationWarning: The `push_connection` function is deprecated. Pass the `connection` explicitly instead.
  warnings.warn(
/home/wahyu260697/document/Erpnext/silverplast/frappe-bench/env/lib/python3.11/site-packages/passlib/utils/__init__.py:854: DeprecationWarning: 'crypt' is deprecated and slated for removal in Python 3.13
  from crypt import crypt as _crypt
/home/wahyu260697/document/Erpnext/silverplast/frappe-bench/env/lib/python3.11/site-packages/rq/connections.py:72: DeprecationWarning: The `pop_connection` function is deprecated. Pass the `connection` explicitly instead.
  warnings.warn(
/home/wahyu260697/document/Erpnext/silverplast/frappe-bench/env/lib/python3.11/site-packages/rq/connections.py:58: DeprecationWarning: The `push_connection` function is deprecated. Pass the `connection` explicitly instead.
  warnings.warn(
/home/wahyu260697/document/Erpnext/silverplast/frappe-bench/env/lib/python3.11/site-packages/passlib/utils/__init__.py:854: DeprecationWarning: 'crypt' is deprecated and slated for removal in Python 3.13
  from crypt import crypt as _crypt
/home/wahyu260697/document/Erpnext/silverplast/frappe-bench/env/lib/python3.11/site-packages/rq/connections.py:72: DeprecationWarning: The `pop_connection` function is deprecated. Pass the `connection` explicitly instead.
  warnings.warn(
/home/wahyu260697/document/Erpnext/silverplast/frappe-bench/env/lib/python3.11/site-packages/rq/connections.py:58: DeprecationWarning: The `push_connection` function is deprecated. Pass the `connection` explicitly instead.
  warnings.warn(
/home/wahyu260697/document/Erpnext/silverplast/frappe-bench/env/lib/python3.11/site-packages/passlib/utils/__init__.py:854: DeprecationWarning: 'crypt' is deprecated and slated for removal in Python 3.13
  from crypt import crypt as _crypt
/home/wahyu260697/document/Erpnext/silverplast/frappe-bench/env/lib/python3.11/site-packages/rq/connections.py:72: DeprecationWarning: The `pop_connection` function is deprecated. Pass the `connection` explicitly instead.
  warnings.warn(
/home/wahyu260697/document/Erpnext/silverplast/frappe-bench/env/lib/python3.11/site-packages/rq/connections.py:58: DeprecationWarning: The `push_connection` function is deprecated. Pass the `connection` explicitly instead.
  warnings.warn(
/home/wahyu260697/document/Erpnext/silverplast/frappe-bench/env/lib/python3.11/site-packages/passlib/utils/__init__.py:854: DeprecationWarning: 'crypt' is deprecated and slated for removal in Python 3.13
  from crypt import crypt as _crypt
/home/wahyu260697/document/Erpnext/silverplast/frappe-bench/env/lib/python3.11/site-packages/rq/connections.py:72: DeprecationWarning: The `pop_connection` function is deprecated. Pass the `connection` explicitly instead.
  warnings.warn(
/home/wahyu260697/document/Erpnext/silverplast/frappe-bench/env/lib/python3.11/site-packages/rq/connections.py:58: DeprecationWarning: The `push_connection` function is deprecated. Pass the `connection` explicitly instead.
  warnings.warn(
/home/wahyu260697/document/Erpnext/silverplast/frappe-bench/env/lib/python3.11/site-packages/passlib/utils/__init__.py:854: DeprecationWarning: 'crypt' is deprecated and slated for removal in Python 3.13
  from crypt import crypt as _crypt
/home/wahyu260697/document/Erpnext/silverplast/frappe-bench/env/lib/python3.11/site-packages/rq/connections.py:72: DeprecationWarning: The `pop_connection` function is deprecated. Pass the `connection` explicitly instead.
  warnings.warn(
/home/wahyu260697/document/Erpnext/silverplast/frappe-bench/env/lib/python3.11/site-packages/rq/connections.py:58: DeprecationWarning: The `push_connection` function is deprecated. Pass the `connection` explicitly instead.
  warnings.warn(
/home/wahyu260697/document/Erpnext/silverplast/frappe-bench/env/lib/python3.11/site-packages/passlib/utils/__init__.py:854: DeprecationWarning: 'crypt' is deprecated and slated for removal in Python 3.13
  from crypt import crypt as _crypt
/home/wahyu260697/document/Erpnext/silverplast/frappe-bench/env/lib/python3.11/site-packages/rq/connections.py:72: DeprecationWarning: The `pop_connection` function is deprecated. Pass the `connection` explicitly instead.
  warnings.warn(
/home/wahyu260697/document/Erpnext/silverplast/frappe-bench/env/lib/python3.11/site-packages/rq/connections.py:58: DeprecationWarning: The `push_connection` function is deprecated. Pass the `connection` explicitly instead.
  warnings.warn(
/home/wahyu260697/document/Erpnext/silverplast/frappe-bench/env/lib/python3.11/site-packages/passlib/utils/__init__.py:854: DeprecationWarning: 'crypt' is deprecated and slated for removal in Python 3.13
  from crypt import crypt as _crypt
/home/wahyu260697/document/Erpnext/silverplast/frappe-bench/env/lib/python3.11/site-packages/rq/connections.py:72: DeprecationWarning: The `pop_connection` function is deprecated. Pass the `connection` explicitly instead.
  warnings.warn(
/home/wahyu260697/document/Erpnext/silverplast/frappe-bench/env/lib/python3.11/site-packages/rq/connections.py:58: DeprecationWarning: The `push_connection` function is deprecated. Pass the `connection` explicitly instead.
  warnings.warn(
/home/wahyu260697/document/Erpnext/silverplast/frappe-bench/env/lib/python3.11/site-packages/passlib/utils/__init__.py:854: DeprecationWarning: 'crypt' is deprecated and slated for removal in Python 3.13
  from crypt import crypt as _crypt
/home/wahyu260697/document/Erpnext/silverplast/frappe-bench/env/lib/python3.11/site-packages/rq/connections.py:72: DeprecationWarning: The `pop_connection` function is deprecated. Pass the `connection` explicitly instead.
  warnings.warn(
/home/wahyu260697/document/Erpnext/silverplast/frappe-bench/env/lib/python3.11/site-packages/rq/connections.py:58: DeprecationWarning: The `push_connection` function is deprecated. Pass the `connection` explicitly instead.
  warnings.warn(
/home/wahyu260697/document/Erpnext/silverplast/frappe-bench/env/lib/python3.11/site-packages/passlib/utils/__init__.py:854: DeprecationWarning: 'crypt' is deprecated and slated for removal in Python 3.13
  from crypt import crypt as _crypt
/home/wahyu260697/document/Erpnext/silverplast/frappe-bench/env/lib/python3.11/site-packages/rq/connections.py:72: DeprecationWarning: The `pop_connection` function is deprecated. Pass the `connection` explicitly instead.
  warnings.warn(
/home/wahyu260697/document/Erpnext/silverplast/frappe-bench/env/lib/python3.11/site-packages/rq/connections.py:58: DeprecationWarning: The `push_connection` function is deprecated. Pass the `connection` explicitly instead.
  warnings.warn(
/home/wahyu260697/document/Erpnext/silverplast/frappe-bench/env/lib/python3.11/site-packages/passlib/utils/__init__.py:854: DeprecationWarning: 'crypt' is deprecated and slated for removal in Python 3.13
  from crypt import crypt as _crypt
/home/wahyu260697/document/Erpnext/silverplast/frappe-bench/env/lib/python3.11/site-packages/rq/connections.py:72: DeprecationWarning: The `pop_connection` function is deprecated. Pass the `connection` explicitly instead.
  warnings.warn(
/home/wahyu260697/document/Erpnext/silverplast/frappe-bench/env/lib/python3.11/site-packages/rq/connections.py:58: DeprecationWarning: The `push_connection` function is deprecated. Pass the `connection` explicitly instead.
  warnings.warn(
/home/wahyu260697/document/Erpnext/silverplast/frappe-bench/env/lib/python3.11/site-packages/passlib/utils/__init__.py:854: DeprecationWarning: 'crypt' is deprecated and slated for removal in Python 3.13
  from crypt import crypt as _crypt
/home/wahyu260697/document/Erpnext/silverplast/frappe-bench/env/lib/python3.11/site-packages/rq/connections.py:72: DeprecationWarning: The `pop_connection` function is deprecated. Pass the `connection` explicitly instead.
  warnings.warn(
/home/wahyu260697/document/Erpnext/silverplast/frappe-bench/env/lib/python3.11/site-packages/rq/connections.py:58: DeprecationWarning: The `push_connection` function is deprecated. Pass the `connection` explicitly instead.
  warnings.warn(
/home/wahyu260697/document/Erpnext/silverplast/frappe-bench/env/lib/python3.11/site-packages/passlib/utils/__init__.py:854: DeprecationWarning: 'crypt' is deprecated and slated for removal in Python 3.13
  from crypt import crypt as _crypt
/home/wahyu260697/document/Erpnext/silverplast/frappe-bench/env/lib/python3.11/site-packages/rq/connections.py:72: DeprecationWarning: The `pop_connection` function is deprecated. Pass the `connection` explicitly instead.
  warnings.warn(
/home/wahyu260697/document/Erpnext/silverplast/frappe-bench/env/lib/python3.11/site-packages/rq/connections.py:58: DeprecationWarning: The `push_connection` function is deprecated. Pass the `connection` explicitly instead.
  warnings.warn(
/home/wahyu260697/document/Erpnext/silverplast/frappe-bench/env/lib/python3.11/site-packages/passlib/utils/__init__.py:854: DeprecationWarning: 'crypt' is deprecated and slated for removal in Python 3.13
  from crypt import crypt as _crypt
/home/wahyu260697/document/Erpnext/silverplast/frappe-bench/env/lib/python3.11/site-packages/rq/connections.py:72: DeprecationWarning: The `pop_connection` function is deprecated. Pass the `connection` explicitly instead.
  warnings.warn(
/home/wahyu260697/document/Erpnext/silverplast/frappe-bench/env/lib/python3.11/site-packages/rq/connections.py:58: DeprecationWarning: The `push_connection` function is deprecated. Pass the `connection` explicitly instead.
  warnings.warn(
/home/wahyu260697/document/Erpnext/silverplast/frappe-bench/env/lib/python3.11/site-packages/passlib/utils/__init__.py:854: DeprecationWarning: 'crypt' is deprecated and slated for removal in Python 3.13
  from crypt import crypt as _crypt
/home/wahyu260697/document/Erpnext/silverplast/frappe-bench/env/lib/python3.11/site-packages/rq/connections.py:72: DeprecationWarning: The `pop_connection` function is deprecated. Pass the `connection` explicitly instead.
  warnings.warn(
/home/wahyu260697/document/Erpnext/silverplast/frappe-bench/env/lib/python3.11/site-packages/rq/connections.py:58: DeprecationWarning: The `push_connection` function is deprecated. Pass the `connection` explicitly instead.
  warnings.warn(
/home/wahyu260697/document/Erpnext/silverplast/frappe-bench/env/lib/python3.11/site-packages/passlib/utils/__init__.py:854: DeprecationWarning: 'crypt' is deprecated and slated for removal in Python 3.13
  from crypt import crypt as _crypt
/home/wahyu260697/document/Erpnext/silverplast/frappe-bench/env/lib/python3.11/site-packages/rq/connections.py:72: DeprecationWarning: The `pop_connection` function is deprecated. Pass the `connection` explicitly instead.
  warnings.warn(
/home/wahyu260697/document/Erpnext/silverplast/frappe-bench/env/lib/python3.11/site-packages/rq/connections.py:58: DeprecationWarning: The `push_connection` function is deprecated. Pass the `connection` explicitly instead.
  warnings.warn(
/home/wahyu260697/document/Erpnext/silverplast/frappe-bench/env/lib/python3.11/site-packages/passlib/utils/__init__.py:854: DeprecationWarning: 'crypt' is deprecated and slated for removal in Python 3.13
  from crypt import crypt as _crypt
/home/wahyu260697/document/Erpnext/silverplast/frappe-bench/env/lib/python3.11/site-packages/rq/connections.py:72: DeprecationWarning: The `pop_connection` function is deprecated. Pass the `connection` explicitly instead.
  warnings.warn(
/home/wahyu260697/document/Erpnext/silverplast/frappe-bench/env/lib/python3.11/site-packages/rq/connections.py:58: DeprecationWarning: The `push_connection` function is deprecated. Pass the `connection` explicitly instead.
  warnings.warn(
/home/wahyu260697/document/Erpnext/silverplast/frappe-bench/env/lib/python3.11/site-packages/passlib/utils/__init__.py:854: DeprecationWarning: 'crypt' is deprecated and slated for removal in Python 3.13
  from crypt import crypt as _crypt
/home/wahyu260697/document/Erpnext/silverplast/frappe-bench/env/lib/python3.11/site-packages/rq/connections.py:72: DeprecationWarning: The `pop_connection` function is deprecated. Pass the `connection` explicitly instead.
  warnings.warn(
/home/wahyu260697/document/Erpnext/silverplast/frappe-bench/env/lib/python3.11/site-packages/rq/connections.py:58: DeprecationWarning: The `push_connection` function is deprecated. Pass the `connection` explicitly instead.
  warnings.warn(
/home/wahyu260697/document/Erpnext/silverplast/frappe-bench/env/lib/python3.11/site-packages/passlib/utils/__init__.py:854: DeprecationWarning: 'crypt' is deprecated and slated for removal in Python 3.13
  from crypt import crypt as _crypt
/home/wahyu260697/document/Erpnext/silverplast/frappe-bench/env/lib/python3.11/site-packages/rq/connections.py:72: DeprecationWarning: The `pop_connection` function is deprecated. Pass the `connection` explicitly instead.
  warnings.warn(
/home/wahyu260697/document/Erpnext/silverplast/frappe-bench/env/lib/python3.11/site-packages/rq/connections.py:58: DeprecationWarning: The `push_connection` function is deprecated. Pass the `connection` explicitly instead.
  warnings.warn(
/home/wahyu260697/document/Erpnext/silverplast/frappe-bench/env/lib/python3.11/site-packages/passlib/utils/__init__.py:854: DeprecationWarning: 'crypt' is deprecated and slated for removal in Python 3.13
  from crypt import crypt as _crypt
/home/wahyu260697/document/Erpnext/silverplast/frappe-bench/env/lib/python3.11/site-packages/rq/connections.py:72: DeprecationWarning: The `pop_connection` function is deprecated. Pass the `connection` explicitly instead.
  warnings.warn(
/home/wahyu260697/document/Erpnext/silverplast/frappe-bench/env/lib/python3.11/site-packages/rq/connections.py:58: DeprecationWarning: The `push_connection` function is deprecated. Pass the `connection` explicitly instead.
  warnings.warn(
/home/wahyu260697/document/Erpnext/silverplast/frappe-bench/env/lib/python3.11/site-packages/passlib/utils/__init__.py:854: DeprecationWarning: 'crypt' is deprecated and slated for removal in Python 3.13
  from crypt import crypt as _crypt
/home/wahyu260697/document/Erpnext/silverplast/frappe-bench/env/lib/python3.11/site-packages/rq/connections.py:72: DeprecationWarning: The `pop_connection` function is deprecated. Pass the `connection` explicitly instead.
  warnings.warn(
/home/wahyu260697/document/Erpnext/silverplast/frappe-bench/env/lib/python3.11/site-packages/rq/connections.py:58: DeprecationWarning: The `push_connection` function is deprecated. Pass the `connection` explicitly instead.
  warnings.warn(
/home/wahyu260697/document/Erpnext/silverplast/frappe-bench/env/lib/python3.11/site-packages/passlib/utils/__init__.py:854: DeprecationWarning: 'crypt' is deprecated and slated for removal in Python 3.13
  from crypt import crypt as _crypt
/home/wahyu260697/document/Erpnext/silverplast/frappe-bench/env/lib/python3.11/site-packages/rq/connections.py:72: DeprecationWarning: The `pop_connection` function is deprecated. Pass the `connection` explicitly instead.
  warnings.warn(
/home/wahyu260697/document/Erpnext/silverplast/frappe-bench/env/lib/python3.11/site-packages/rq/connections.py:58: DeprecationWarning: The `push_connection` function is deprecated. Pass the `connection` explicitly instead.
  warnings.warn(
/home/wahyu260697/document/Erpnext/silverplast/frappe-bench/env/lib/python3.11/site-packages/passlib/utils/__init__.py:854: DeprecationWarning: 'crypt' is deprecated and slated for removal in Python 3.13
  from crypt import crypt as _crypt
/home/wahyu260697/document/Erpnext/silverplast/frappe-bench/env/lib/python3.11/site-packages/rq/connections.py:72: DeprecationWarning: The `pop_connection` function is deprecated. Pass the `connection` explicitly instead.
  warnings.warn(
/home/wahyu260697/document/Erpnext/silverplast/frappe-bench/env/lib/python3.11/site-packages/rq/connections.py:58: DeprecationWarning: The `push_connection` function is deprecated. Pass the `connection` explicitly instead.
  warnings.warn(
/home/wahyu260697/document/Erpnext/silverplast/frappe-bench/env/lib/python3.11/site-packages/passlib/utils/__init__.py:854: DeprecationWarning: 'crypt' is deprecated and slated for removal in Python 3.13
  from crypt import crypt as _crypt
/home/wahyu260697/document/Erpnext/silverplast/frappe-bench/env/lib/python3.11/site-packages/rq/connections.py:72: DeprecationWarning: The `pop_connection` function is deprecated. Pass the `connection` explicitly instead.
  warnings.warn(
/home/wahyu260697/document/Erpnext/silverplast/frappe-bench/env/lib/python3.11/site-packages/rq/connections.py:58: DeprecationWarning: The `push_connection` function is deprecated. Pass the `connection` explicitly instead.
  warnings.warn(
/home/wahyu260697/document/Erpnext/silverplast/frappe-bench/env/lib/python3.11/site-packages/passlib/utils/__init__.py:854: DeprecationWarning: 'crypt' is deprecated and slated for removal in Python 3.13
  from crypt import crypt as _crypt
/home/wahyu260697/document/Erpnext/silverplast/frappe-bench/env/lib/python3.11/site-packages/rq/connections.py:72: DeprecationWarning: The `pop_connection` function is deprecated. Pass the `connection` explicitly instead.
  warnings.warn(
/home/wahyu260697/document/Erpnext/silverplast/frappe-bench/env/lib/python3.11/site-packages/rq/connections.py:58: DeprecationWarning: The `push_connection` function is deprecated. Pass the `connection` explicitly instead.
  warnings.warn(
/home/wahyu260697/document/Erpnext/silverplast/frappe-bench/env/lib/python3.11/site-packages/passlib/utils/__init__.py:854: DeprecationWarning: 'crypt' is deprecated and slated for removal in Python 3.13
  from crypt import crypt as _crypt
/home/wahyu260697/document/Erpnext/silverplast/frappe-bench/env/lib/python3.11/site-packages/rq/connections.py:72: DeprecationWarning: The `pop_connection` function is deprecated. Pass the `connection` explicitly instead.
  warnings.warn(
/home/wahyu260697/document/Erpnext/silverplast/frappe-bench/env/lib/python3.11/site-packages/rq/connections.py:58: DeprecationWarning: The `push_connection` function is deprecated. Pass the `connection` explicitly instead.
  warnings.warn(
/home/wahyu260697/document/Erpnext/silverplast/frappe-bench/env/lib/python3.11/site-packages/passlib/utils/__init__.py:854: DeprecationWarning: 'crypt' is deprecated and slated for removal in Python 3.13
  from crypt import crypt as _crypt
/home/wahyu260697/document/Erpnext/silverplast/frappe-bench/env/lib/python3.11/site-packages/rq/connections.py:72: DeprecationWarning: The `pop_connection` function is deprecated. Pass the `connection` explicitly instead.
  warnings.warn(
/home/wahyu260697/document/Erpnext/silverplast/frappe-bench/env/lib/python3.11/site-packages/rq/connections.py:58: DeprecationWarning: The `push_connection` function is deprecated. Pass the `connection` explicitly instead.
  warnings.warn(
/home/wahyu260697/document/Erpnext/silverplast/frappe-bench/env/lib/python3.11/site-packages/passlib/utils/__init__.py:854: DeprecationWarning: 'crypt' is deprecated and slated for removal in Python 3.13
  from crypt import crypt as _crypt
/home/wahyu260697/document/Erpnext/silverplast/frappe-bench/env/lib/python3.11/site-packages/rq/connections.py:72: DeprecationWarning: The `pop_connection` function is deprecated. Pass the `connection` explicitly instead.
  warnings.warn(
/home/wahyu260697/document/Erpnext/silverplast/frappe-bench/env/lib/python3.11/site-packages/rq/connections.py:58: DeprecationWarning: The `push_connection` function is deprecated. Pass the `connection` explicitly instead.
  warnings.warn(
/home/wahyu260697/document/Erpnext/silverplast/frappe-bench/env/lib/python3.11/site-packages/passlib/utils/__init__.py:854: DeprecationWarning: 'crypt' is deprecated and slated for removal in Python 3.13
  from crypt import crypt as _crypt
/home/wahyu260697/document/Erpnext/silverplast/frappe-bench/env/lib/python3.11/site-packages/rq/connections.py:72: DeprecationWarning: The `pop_connection` function is deprecated. Pass the `connection` explicitly instead.
  warnings.warn(
/home/wahyu260697/document/Erpnext/silverplast/frappe-bench/env/lib/python3.11/site-packages/rq/connections.py:58: DeprecationWarning: The `push_connection` function is deprecated. Pass the `connection` explicitly instead.
  warnings.warn(
/home/wahyu260697/document/Erpnext/silverplast/frappe-bench/env/lib/python3.11/site-packages/passlib/utils/__init__.py:854: DeprecationWarning: 'crypt' is deprecated and slated for removal in Python 3.13
  from crypt import crypt as _crypt
/home/wahyu260697/document/Erpnext/silverplast/frappe-bench/env/lib/python3.11/site-packages/rq/connections.py:72: DeprecationWarning: The `pop_connection` function is deprecated. Pass the `connection` explicitly instead.
  warnings.warn(
/home/wahyu260697/document/Erpnext/silverplast/frappe-bench/env/lib/python3.11/site-packages/rq/connections.py:58: DeprecationWarning: The `push_connection` function is deprecated. Pass the `connection` explicitly instead.
  warnings.warn(
/home/wahyu260697/document/Erpnext/silverplast/frappe-bench/env/lib/python3.11/site-packages/passlib/utils/__init__.py:854: DeprecationWarning: 'crypt' is deprecated and slated for removal in Python 3.13
  from crypt import crypt as _crypt
/home/wahyu260697/document/Erpnext/silverplast/frappe-bench/env/lib/python3.11/site-packages/rq/connections.py:72: DeprecationWarning: The `pop_connection` function is deprecated. Pass the `connection` explicitly instead.
  warnings.warn(
/home/wahyu260697/document/Erpnext/silverplast/frappe-bench/env/lib/python3.11/site-packages/rq/connections.py:58: DeprecationWarning: The `push_connection` function is deprecated. Pass the `connection` explicitly instead.
  warnings.warn(
/home/wahyu260697/document/Erpnext/silverplast/frappe-bench/env/lib/python3.11/site-packages/passlib/utils/__init__.py:854: DeprecationWarning: 'crypt' is deprecated and slated for removal in Python 3.13
  from crypt import crypt as _crypt
/home/wahyu260697/document/Erpnext/silverplast/frappe-bench/env/lib/python3.11/site-packages/rq/connections.py:72: DeprecationWarning: The `pop_connection` function is deprecated. Pass the `connection` explicitly instead.
  warnings.warn(
/home/wahyu260697/document/Erpnext/silverplast/frappe-bench/env/lib/python3.11/site-packages/rq/connections.py:58: DeprecationWarning: The `push_connection` function is deprecated. Pass the `connection` explicitly instead.
  warnings.warn(
/home/wahyu260697/document/Erpnext/silverplast/frappe-bench/env/lib/python3.11/site-packages/passlib/utils/__init__.py:854: DeprecationWarning: 'crypt' is deprecated and slated for removal in Python 3.13
  from crypt import crypt as _crypt
/home/wahyu260697/document/Erpnext/silverplast/frappe-bench/env/lib/python3.11/site-packages/rq/connections.py:72: DeprecationWarning: The `pop_connection` function is deprecated. Pass the `connection` explicitly instead.
  warnings.warn(
/home/wahyu260697/document/Erpnext/silverplast/frappe-bench/env/lib/python3.11/site-packages/rq/connections.py:58: DeprecationWarning: The `push_connection` function is deprecated. Pass the `connection` explicitly instead.
  warnings.warn(
/home/wahyu260697/document/Erpnext/silverplast/frappe-bench/env/lib/python3.11/site-packages/passlib/utils/__init__.py:854: DeprecationWarning: 'crypt' is deprecated and slated for removal in Python 3.13
  from crypt import crypt as _crypt
/home/wahyu260697/document/Erpnext/silverplast/frappe-bench/env/lib/python3.11/site-packages/rq/connections.py:72: DeprecationWarning: The `pop_connection` function is deprecated. Pass the `connection` explicitly instead.
  warnings.warn(
/home/wahyu260697/document/Erpnext/silverplast/frappe-bench/env/lib/python3.11/site-packages/rq/connections.py:58: DeprecationWarning: The `push_connection` function is deprecated. Pass the `connection` explicitly instead.
  warnings.warn(
/home/wahyu260697/document/Erpnext/silverplast/frappe-bench/env/lib/python3.11/site-packages/passlib/utils/__init__.py:854: DeprecationWarning: 'crypt' is deprecated and slated for removal in Python 3.13
  from crypt import crypt as _crypt
/home/wahyu260697/document/Erpnext/silverplast/frappe-bench/env/lib/python3.11/site-packages/rq/connections.py:72: DeprecationWarning: The `pop_connection` function is deprecated. Pass the `connection` explicitly instead.
  warnings.warn(
/home/wahyu260697/document/Erpnext/silverplast/frappe-bench/env/lib/python3.11/site-packages/rq/connections.py:58: DeprecationWarning: The `push_connection` function is deprecated. Pass the `connection` explicitly instead.
  warnings.warn(
/home/wahyu260697/document/Erpnext/silverplast/frappe-bench/env/lib/python3.11/site-packages/passlib/utils/__init__.py:854: DeprecationWarning: 'crypt' is deprecated and slated for removal in Python 3.13
  from crypt import crypt as _crypt
/home/wahyu260697/document/Erpnext/silverplast/frappe-bench/env/lib/python3.11/site-packages/rq/connections.py:72: DeprecationWarning: The `pop_connection` function is deprecated. Pass the `connection` explicitly instead.
  warnings.warn(
/home/wahyu260697/document/Erpnext/silverplast/frappe-bench/env/lib/python3.11/site-packages/rq/connections.py:58: DeprecationWarning: The `push_connection` function is deprecated. Pass the `connection` explicitly instead.
  warnings.warn(
/home/wahyu260697/document/Erpnext/silverplast/frappe-bench/env/lib/python3.11/site-packages/passlib/utils/__init__.py:854: DeprecationWarning: 'crypt' is deprecated and slated for removal in Python 3.13
  from crypt import crypt as _crypt
/home/wahyu260697/document/Erpnext/silverplast/frappe-bench/env/lib/python3.11/site-packages/rq/connections.py:72: DeprecationWarning: The `pop_connection` function is deprecated. Pass the `connection` explicitly instead.
  warnings.warn(
/home/wahyu260697/document/Erpnext/silverplast/frappe-bench/env/lib/python3.11/site-packages/rq/connections.py:58: DeprecationWarning: The `push_connection` function is deprecated. Pass the `connection` explicitly instead.
  warnings.warn(
/home/wahyu260697/document/Erpnext/silverplast/frappe-bench/env/lib/python3.11/site-packages/passlib/utils/__init__.py:854: DeprecationWarning: 'crypt' is deprecated and slated for removal in Python 3.13
  from crypt import crypt as _crypt
/home/wahyu260697/document/Erpnext/silverplast/frappe-bench/env/lib/python3.11/site-packages/rq/connections.py:72: DeprecationWarning: The `pop_connection` function is deprecated. Pass the `connection` explicitly instead.
  warnings.warn(
/home/wahyu260697/document/Erpnext/silverplast/frappe-bench/env/lib/python3.11/site-packages/rq/connections.py:58: DeprecationWarning: The `push_connection` function is deprecated. Pass the `connection` explicitly instead.
  warnings.warn(
/home/wahyu260697/document/Erpnext/silverplast/frappe-bench/env/lib/python3.11/site-packages/passlib/utils/__init__.py:854: DeprecationWarning: 'crypt' is deprecated and slated for removal in Python 3.13
  from crypt import crypt as _crypt
/home/wahyu260697/document/Erpnext/silverplast/frappe-bench/env/lib/python3.11/site-packages/rq/connections.py:72: DeprecationWarning: The `pop_connection` function is deprecated. Pass the `connection` explicitly instead.
  warnings.warn(
/home/wahyu260697/document/Erpnext/silverplast/frappe-bench/env/lib/python3.11/site-packages/rq/connections.py:58: DeprecationWarning: The `push_connection` function is deprecated. Pass the `connection` explicitly instead.
  warnings.warn(
/home/wahyu260697/document/Erpnext/silverplast/frappe-bench/env/lib/python3.11/site-packages/passlib/utils/__init__.py:854: DeprecationWarning: 'crypt' is deprecated and slated for removal in Python 3.13
  from crypt import crypt as _crypt
/home/wahyu260697/document/Erpnext/silverplast/frappe-bench/env/lib/python3.11/site-packages/rq/connections.py:72: DeprecationWarning: The `pop_connection` function is deprecated. Pass the `connection` explicitly instead.
  warnings.warn(
/home/wahyu260697/document/Erpnext/silverplast/frappe-bench/env/lib/python3.11/site-packages/rq/connections.py:58: DeprecationWarning: The `push_connection` function is deprecated. Pass the `connection` explicitly instead.
  warnings.warn(
/home/wahyu260697/document/Erpnext/silverplast/frappe-bench/env/lib/python3.11/site-packages/passlib/utils/__init__.py:854: DeprecationWarning: 'crypt' is deprecated and slated for removal in Python 3.13
  from crypt import crypt as _crypt
/home/wahyu260697/document/Erpnext/silverplast/frappe-bench/env/lib/python3.11/site-packages/rq/connections.py:72: DeprecationWarning: The `pop_connection` function is deprecated. Pass the `connection` explicitly instead.
  warnings.warn(
/home/wahyu260697/document/Erpnext/silverplast/frappe-bench/env/lib/python3.11/site-packages/rq/connections.py:58: DeprecationWarning: The `push_connection` function is deprecated. Pass the `connection` explicitly instead.
  warnings.warn(
/home/wahyu260697/document/Erpnext/silverplast/frappe-bench/env/lib/python3.11/site-packages/passlib/utils/__init__.py:854: DeprecationWarning: 'crypt' is deprecated and slated for removal in Python 3.13
  from crypt import crypt as _crypt
/home/wahyu260697/document/Erpnext/silverplast/frappe-bench/env/lib/python3.11/site-packages/rq/connections.py:72: DeprecationWarning: The `pop_connection` function is deprecated. Pass the `connection` explicitly instead.
  warnings.warn(
/home/wahyu260697/document/Erpnext/silverplast/frappe-bench/env/lib/python3.11/site-packages/rq/connections.py:58: DeprecationWarning: The `push_connection` function is deprecated. Pass the `connection` explicitly instead.
  warnings.warn(
/home/wahyu260697/document/Erpnext/silverplast/frappe-bench/env/lib/python3.11/site-packages/passlib/utils/__init__.py:854: DeprecationWarning: 'crypt' is deprecated and slated for removal in Python 3.13
  from crypt import crypt as _crypt
/home/wahyu260697/document/Erpnext/silverplast/frappe-bench/env/lib/python3.11/site-packages/rq/connections.py:72: DeprecationWarning: The `pop_connection` function is deprecated. Pass the `connection` explicitly instead.
  warnings.warn(
/home/wahyu260697/document/Erpnext/silverplast/frappe-bench/env/lib/python3.11/site-packages/rq/connections.py:58: DeprecationWarning: The `push_connection` function is deprecated. Pass the `connection` explicitly instead.
  warnings.warn(
/home/wahyu260697/document/Erpnext/silverplast/frappe-bench/env/lib/python3.11/site-packages/passlib/utils/__init__.py:854: DeprecationWarning: 'crypt' is deprecated and slated for removal in Python 3.13
  from crypt import crypt as _crypt
/home/wahyu260697/document/Erpnext/silverplast/frappe-bench/env/lib/python3.11/site-packages/rq/connections.py:72: DeprecationWarning: The `pop_connection` function is deprecated. Pass the `connection` explicitly instead.
  warnings.warn(
/home/wahyu260697/document/Erpnext/silverplast/frappe-bench/env/lib/python3.11/site-packages/rq/connections.py:58: DeprecationWarning: The `push_connection` function is deprecated. Pass the `connection` explicitly instead.
  warnings.warn(
/home/wahyu260697/document/Erpnext/silverplast/frappe-bench/env/lib/python3.11/site-packages/passlib/utils/__init__.py:854: DeprecationWarning: 'crypt' is deprecated and slated for removal in Python 3.13
  from crypt import crypt as _crypt
/home/wahyu260697/document/Erpnext/silverplast/frappe-bench/env/lib/python3.11/site-packages/rq/connections.py:72: DeprecationWarning: The `pop_connection` function is deprecated. Pass the `connection` explicitly instead.
  warnings.warn(
/home/wahyu260697/document/Erpnext/silverplast/frappe-bench/env/lib/python3.11/site-packages/rq/connections.py:58: DeprecationWarning: The `push_connection` function is deprecated. Pass the `connection` explicitly instead.
  warnings.warn(
/home/wahyu260697/document/Erpnext/silverplast/frappe-bench/env/lib/python3.11/site-packages/passlib/utils/__init__.py:854: DeprecationWarning: 'crypt' is deprecated and slated for removal in Python 3.13
  from crypt import crypt as _crypt
/home/wahyu260697/document/Erpnext/silverplast/frappe-bench/env/lib/python3.11/site-packages/rq/connections.py:72: DeprecationWarning: The `pop_connection` function is deprecated. Pass the `connection` explicitly instead.
  warnings.warn(
/home/wahyu260697/document/Erpnext/silverplast/frappe-bench/env/lib/python3.11/site-packages/rq/connections.py:58: DeprecationWarning: The `push_connection` function is deprecated. Pass the `connection` explicitly instead.
  warnings.warn(
/home/wahyu260697/document/Erpnext/silverplast/frappe-bench/env/lib/python3.11/site-packages/passlib/utils/__init__.py:854: DeprecationWarning: 'crypt' is deprecated and slated for removal in Python 3.13
  from crypt import crypt as _crypt
/home/wahyu260697/document/Erpnext/silverplast/frappe-bench/env/lib/python3.11/site-packages/rq/connections.py:72: DeprecationWarning: The `pop_connection` function is deprecated. Pass the `connection` explicitly instead.
  warnings.warn(
/home/wahyu260697/document/Erpnext/silverplast/frappe-bench/env/lib/python3.11/site-packages/rq/connections.py:58: DeprecationWarning: The `push_connection` function is deprecated. Pass the `connection` explicitly instead.
  warnings.warn(
/home/wahyu260697/document/Erpnext/silverplast/frappe-bench/env/lib/python3.11/site-packages/passlib/utils/__init__.py:854: DeprecationWarning: 'crypt' is deprecated and slated for removal in Python 3.13
  from crypt import crypt as _crypt
/home/wahyu260697/document/Erpnext/silverplast/frappe-bench/env/lib/python3.11/site-packages/rq/connections.py:72: DeprecationWarning: The `pop_connection` function is deprecated. Pass the `connection` explicitly instead.
  warnings.warn(
/home/wahyu260697/document/Erpnext/silverplast/frappe-bench/env/lib/python3.11/site-packages/rq/connections.py:58: DeprecationWarning: The `push_connection` function is deprecated. Pass the `connection` explicitly instead.
  warnings.warn(
/home/wahyu260697/document/Erpnext/silverplast/frappe-bench/env/lib/python3.11/site-packages/passlib/utils/__init__.py:854: DeprecationWarning: 'crypt' is deprecated and slated for removal in Python 3.13
  from crypt import crypt as _crypt
/home/wahyu260697/document/Erpnext/silverplast/frappe-bench/env/lib/python3.11/site-packages/rq/connections.py:72: DeprecationWarning: The `pop_connection` function is deprecated. Pass the `connection` explicitly instead.
  warnings.warn(
/home/wahyu260697/document/Erpnext/silverplast/frappe-bench/env/lib/python3.11/site-packages/rq/connections.py:58: DeprecationWarning: The `push_connection` function is deprecated. Pass the `connection` explicitly instead.
  warnings.warn(
/home/wahyu260697/document/Erpnext/silverplast/frappe-bench/env/lib/python3.11/site-packages/passlib/utils/__init__.py:854: DeprecationWarning: 'crypt' is deprecated and slated for removal in Python 3.13
  from crypt import crypt as _crypt
/home/wahyu260697/document/Erpnext/silverplast/frappe-bench/env/lib/python3.11/site-packages/rq/connections.py:72: DeprecationWarning: The `pop_connection` function is deprecated. Pass the `connection` explicitly instead.
  warnings.warn(
/home/wahyu260697/document/Erpnext/silverplast/frappe-bench/env/lib/python3.11/site-packages/rq/connections.py:58: DeprecationWarning: The `push_connection` function is deprecated. Pass the `connection` explicitly instead.
  warnings.warn(
/home/wahyu260697/document/Erpnext/silverplast/frappe-bench/env/lib/python3.11/site-packages/passlib/utils/__init__.py:854: DeprecationWarning: 'crypt' is deprecated and slated for removal in Python 3.13
  from crypt import crypt as _crypt
/home/wahyu260697/document/Erpnext/silverplast/frappe-bench/env/lib/python3.11/site-packages/rq/connections.py:72: DeprecationWarning: The `pop_connection` function is deprecated. Pass the `connection` explicitly instead.
  warnings.warn(
/home/wahyu260697/document/Erpnext/silverplast/frappe-bench/env/lib/python3.11/site-packages/rq/connections.py:58: DeprecationWarning: The `push_connection` function is deprecated. Pass the `connection` explicitly instead.
  warnings.warn(
/home/wahyu260697/document/Erpnext/silverplast/frappe-bench/env/lib/python3.11/site-packages/passlib/utils/__init__.py:854: DeprecationWarning: 'crypt' is deprecated and slated for removal in Python 3.13
  from crypt import crypt as _crypt
/home/wahyu260697/document/Erpnext/silverplast/frappe-bench/env/lib/python3.11/site-packages/rq/connections.py:72: DeprecationWarning: The `pop_connection` function is deprecated. Pass the `connection` explicitly instead.
  warnings.warn(
/home/wahyu260697/document/Erpnext/silverplast/frappe-bench/env/lib/python3.11/site-packages/rq/connections.py:58: DeprecationWarning: The `push_connection` function is deprecated. Pass the `connection` explicitly instead.
  warnings.warn(
/home/wahyu260697/document/Erpnext/silverplast/frappe-bench/env/lib/python3.11/site-packages/passlib/utils/__init__.py:854: DeprecationWarning: 'crypt' is deprecated and slated for removal in Python 3.13
  from crypt import crypt as _crypt
/home/wahyu260697/document/Erpnext/silverplast/frappe-bench/env/lib/python3.11/site-packages/rq/connections.py:72: DeprecationWarning: The `pop_connection` function is deprecated. Pass the `connection` explicitly instead.
  warnings.warn(
/home/wahyu260697/document/Erpnext/silverplast/frappe-bench/env/lib/python3.11/site-packages/rq/connections.py:58: DeprecationWarning: The `push_connection` function is deprecated. Pass the `connection` explicitly instead.
  warnings.warn(
/home/wahyu260697/document/Erpnext/silverplast/frappe-bench/env/lib/python3.11/site-packages/passlib/utils/__init__.py:854: DeprecationWarning: 'crypt' is deprecated and slated for removal in Python 3.13
  from crypt import crypt as _crypt
/home/wahyu260697/document/Erpnext/silverplast/frappe-bench/env/lib/python3.11/site-packages/rq/connections.py:72: DeprecationWarning: The `pop_connection` function is deprecated. Pass the `connection` explicitly instead.
  warnings.warn(
/home/wahyu260697/document/Erpnext/silverplast/frappe-bench/env/lib/python3.11/site-packages/rq/connections.py:58: DeprecationWarning: The `push_connection` function is deprecated. Pass the `connection` explicitly instead.
  warnings.warn(
/home/wahyu260697/document/Erpnext/silverplast/frappe-bench/env/lib/python3.11/site-packages/passlib/utils/__init__.py:854: DeprecationWarning: 'crypt' is deprecated and slated for removal in Python 3.13
  from crypt import crypt as _crypt
/home/wahyu260697/document/Erpnext/silverplast/frappe-bench/env/lib/python3.11/site-packages/rq/connections.py:72: DeprecationWarning: The `pop_connection` function is deprecated. Pass the `connection` explicitly instead.
  warnings.warn(
/home/wahyu260697/document/Erpnext/silverplast/frappe-bench/env/lib/python3.11/site-packages/rq/connections.py:58: DeprecationWarning: The `push_connection` function is deprecated. Pass the `connection` explicitly instead.
  warnings.warn(
/home/wahyu260697/document/Erpnext/silverplast/frappe-bench/env/lib/python3.11/site-packages/passlib/utils/__init__.py:854: DeprecationWarning: 'crypt' is deprecated and slated for removal in Python 3.13
  from crypt import crypt as _crypt
/home/wahyu260697/document/Erpnext/silverplast/frappe-bench/env/lib/python3.11/site-packages/rq/connections.py:72: DeprecationWarning: The `pop_connection` function is deprecated. Pass the `connection` explicitly instead.
  warnings.warn(
/home/wahyu260697/document/Erpnext/silverplast/frappe-bench/env/lib/python3.11/site-packages/rq/connections.py:58: DeprecationWarning: The `push_connection` function is deprecated. Pass the `connection` explicitly instead.
  warnings.warn(
/home/wahyu260697/document/Erpnext/silverplast/frappe-bench/env/lib/python3.11/site-packages/passlib/utils/__init__.py:854: DeprecationWarning: 'crypt' is deprecated and slated for removal in Python 3.13
  from crypt import crypt as _crypt
/home/wahyu260697/document/Erpnext/silverplast/frappe-bench/env/lib/python3.11/site-packages/rq/connections.py:72: DeprecationWarning: The `pop_connection` function is deprecated. Pass the `connection` explicitly instead.
  warnings.warn(
/home/wahyu260697/document/Erpnext/silverplast/frappe-bench/env/lib/python3.11/site-packages/rq/connections.py:58: DeprecationWarning: The `push_connection` function is deprecated. Pass the `connection` explicitly instead.
  warnings.warn(
/home/wahyu260697/document/Erpnext/silverplast/frappe-bench/env/lib/python3.11/site-packages/passlib/utils/__init__.py:854: DeprecationWarning: 'crypt' is deprecated and slated for removal in Python 3.13
  from crypt import crypt as _crypt
/home/wahyu260697/document/Erpnext/silverplast/frappe-bench/env/lib/python3.11/site-packages/rq/connections.py:72: DeprecationWarning: The `pop_connection` function is deprecated. Pass the `connection` explicitly instead.
  warnings.warn(
/home/wahyu260697/document/Erpnext/silverplast/frappe-bench/env/lib/python3.11/site-packages/rq/connections.py:58: DeprecationWarning: The `push_connection` function is deprecated. Pass the `connection` explicitly instead.
  warnings.warn(
/home/wahyu260697/document/Erpnext/silverplast/frappe-bench/env/lib/python3.11/site-packages/passlib/utils/__init__.py:854: DeprecationWarning: 'crypt' is deprecated and slated for removal in Python 3.13
  from crypt import crypt as _crypt
/home/wahyu260697/document/Erpnext/silverplast/frappe-bench/env/lib/python3.11/site-packages/rq/connections.py:72: DeprecationWarning: The `pop_connection` function is deprecated. Pass the `connection` explicitly instead.
  warnings.warn(
/home/wahyu260697/document/Erpnext/silverplast/frappe-bench/env/lib/python3.11/site-packages/rq/connections.py:58: DeprecationWarning: The `push_connection` function is deprecated. Pass the `connection` explicitly instead.
  warnings.warn(
/home/wahyu260697/document/Erpnext/silverplast/frappe-bench/env/lib/python3.11/site-packages/passlib/utils/__init__.py:854: DeprecationWarning: 'crypt' is deprecated and slated for removal in Python 3.13
  from crypt import crypt as _crypt
/home/wahyu260697/document/Erpnext/silverplast/frappe-bench/env/lib/python3.11/site-packages/rq/connections.py:72: DeprecationWarning: The `pop_connection` function is deprecated. Pass the `connection` explicitly instead.
  warnings.warn(
/home/wahyu260697/document/Erpnext/silverplast/frappe-bench/env/lib/python3.11/site-packages/rq/connections.py:58: DeprecationWarning: The `push_connection` function is deprecated. Pass the `connection` explicitly instead.
  warnings.warn(
/home/wahyu260697/document/Erpnext/silverplast/frappe-bench/env/lib/python3.11/site-packages/passlib/utils/__init__.py:854: DeprecationWarning: 'crypt' is deprecated and slated for removal in Python 3.13
  from crypt import crypt as _crypt
/home/wahyu260697/document/Erpnext/silverplast/frappe-bench/env/lib/python3.11/site-packages/rq/connections.py:72: DeprecationWarning: The `pop_connection` function is deprecated. Pass the `connection` explicitly instead.
  warnings.warn(
/home/wahyu260697/document/Erpnext/silverplast/frappe-bench/env/lib/python3.11/site-packages/rq/connections.py:58: DeprecationWarning: The `push_connection` function is deprecated. Pass the `connection` explicitly instead.
  warnings.warn(
/home/wahyu260697/document/Erpnext/silverplast/frappe-bench/env/lib/python3.11/site-packages/passlib/utils/__init__.py:854: DeprecationWarning: 'crypt' is deprecated and slated for removal in Python 3.13
  from crypt import crypt as _crypt
/home/wahyu260697/document/Erpnext/silverplast/frappe-bench/env/lib/python3.11/site-packages/rq/connections.py:72: DeprecationWarning: The `pop_connection` function is deprecated. Pass the `connection` explicitly instead.
  warnings.warn(
/home/wahyu260697/document/Erpnext/silverplast/frappe-bench/env/lib/python3.11/site-packages/rq/connections.py:58: DeprecationWarning: The `push_connection` function is deprecated. Pass the `connection` explicitly instead.
  warnings.warn(
/home/wahyu260697/document/Erpnext/silverplast/frappe-bench/env/lib/python3.11/site-packages/passlib/utils/__init__.py:854: DeprecationWarning: 'crypt' is deprecated and slated for removal in Python 3.13
  from crypt import crypt as _crypt
/home/wahyu260697/document/Erpnext/silverplast/frappe-bench/env/lib/python3.11/site-packages/rq/connections.py:72: DeprecationWarning: The `pop_connection` function is deprecated. Pass the `connection` explicitly instead.
  warnings.warn(
/home/wahyu260697/document/Erpnext/silverplast/frappe-bench/env/lib/python3.11/site-packages/rq/connections.py:58: DeprecationWarning: The `push_connection` function is deprecated. Pass the `connection` explicitly instead.
  warnings.warn(
/home/wahyu260697/document/Erpnext/silverplast/frappe-bench/env/lib/python3.11/site-packages/passlib/utils/__init__.py:854: DeprecationWarning: 'crypt' is deprecated and slated for removal in Python 3.13
  from crypt import crypt as _crypt
/home/wahyu260697/document/Erpnext/silverplast/frappe-bench/env/lib/python3.11/site-packages/rq/connections.py:72: DeprecationWarning: The `pop_connection` function is deprecated. Pass the `connection` explicitly instead.
  warnings.warn(
/home/wahyu260697/document/Erpnext/silverplast/frappe-bench/env/lib/python3.11/site-packages/rq/connections.py:58: DeprecationWarning: The `push_connection` function is deprecated. Pass the `connection` explicitly instead.
  warnings.warn(
/home/wahyu260697/document/Erpnext/silverplast/frappe-bench/env/lib/python3.11/site-packages/passlib/utils/__init__.py:854: DeprecationWarning: 'crypt' is deprecated and slated for removal in Python 3.13
  from crypt import crypt as _crypt
/home/wahyu260697/document/Erpnext/silverplast/frappe-bench/env/lib/python3.11/site-packages/rq/connections.py:72: DeprecationWarning: The `pop_connection` function is deprecated. Pass the `connection` explicitly instead.
  warnings.warn(
/home/wahyu260697/document/Erpnext/silverplast/frappe-bench/env/lib/python3.11/site-packages/rq/connections.py:58: DeprecationWarning: The `push_connection` function is deprecated. Pass the `connection` explicitly instead.
  warnings.warn(
/home/wahyu260697/document/Erpnext/silverplast/frappe-bench/env/lib/python3.11/site-packages/passlib/utils/__init__.py:854: DeprecationWarning: 'crypt' is deprecated and slated for removal in Python 3.13
  from crypt import crypt as _crypt
/home/wahyu260697/document/Erpnext/silverplast/frappe-bench/env/lib/python3.11/site-packages/rq/connections.py:72: DeprecationWarning: The `pop_connection` function is deprecated. Pass the `connection` explicitly instead.
  warnings.warn(
/home/wahyu260697/document/Erpnext/silverplast/frappe-bench/env/lib/python3.11/site-packages/rq/connections.py:58: DeprecationWarning: The `push_connection` function is deprecated. Pass the `connection` explicitly instead.
  warnings.warn(
/home/wahyu260697/document/Erpnext/silverplast/frappe-bench/env/lib/python3.11/site-packages/passlib/utils/__init__.py:854: DeprecationWarning: 'crypt' is deprecated and slated for removal in Python 3.13
  from crypt import crypt as _crypt
/home/wahyu260697/document/Erpnext/silverplast/frappe-bench/env/lib/python3.11/site-packages/rq/connections.py:72: DeprecationWarning: The `pop_connection` function is deprecated. Pass the `connection` explicitly instead.
  warnings.warn(
/home/wahyu260697/document/Erpnext/silverplast/frappe-bench/env/lib/python3.11/site-packages/rq/connections.py:58: DeprecationWarning: The `push_connection` function is deprecated. Pass the `connection` explicitly instead.
  warnings.warn(
/home/wahyu260697/document/Erpnext/silverplast/frappe-bench/env/lib/python3.11/site-packages/passlib/utils/__init__.py:854: DeprecationWarning: 'crypt' is deprecated and slated for removal in Python 3.13
  from crypt import crypt as _crypt
/home/wahyu260697/document/Erpnext/silverplast/frappe-bench/env/lib/python3.11/site-packages/rq/connections.py:72: DeprecationWarning: The `pop_connection` function is deprecated. Pass the `connection` explicitly instead.
  warnings.warn(
/home/wahyu260697/document/Erpnext/silverplast/frappe-bench/env/lib/python3.11/site-packages/rq/connections.py:58: DeprecationWarning: The `push_connection` function is deprecated. Pass the `connection` explicitly instead.
  warnings.warn(
/home/wahyu260697/document/Erpnext/silverplast/frappe-bench/env/lib/python3.11/site-packages/passlib/utils/__init__.py:854: DeprecationWarning: 'crypt' is deprecated and slated for removal in Python 3.13
  from crypt import crypt as _crypt
/home/wahyu260697/document/Erpnext/silverplast/frappe-bench/env/lib/python3.11/site-packages/rq/connections.py:72: DeprecationWarning: The `pop_connection` function is deprecated. Pass the `connection` explicitly instead.
  warnings.warn(
/home/wahyu260697/document/Erpnext/silverplast/frappe-bench/env/lib/python3.11/site-packages/rq/connections.py:58: DeprecationWarning: The `push_connection` function is deprecated. Pass the `connection` explicitly instead.
  warnings.warn(
/home/wahyu260697/document/Erpnext/silverplast/frappe-bench/env/lib/python3.11/site-packages/passlib/utils/__init__.py:854: DeprecationWarning: 'crypt' is deprecated and slated for removal in Python 3.13
  from crypt import crypt as _crypt
/home/wahyu260697/document/Erpnext/silverplast/frappe-bench/env/lib/python3.11/site-packages/rq/connections.py:72: DeprecationWarning: The `pop_connection` function is deprecated. Pass the `connection` explicitly instead.
  warnings.warn(
/home/wahyu260697/document/Erpnext/silverplast/frappe-bench/env/lib/python3.11/site-packages/rq/connections.py:58: DeprecationWarning: The `push_connection` function is deprecated. Pass the `connection` explicitly instead.
  warnings.warn(
/home/wahyu260697/document/Erpnext/silverplast/frappe-bench/env/lib/python3.11/site-packages/passlib/utils/__init__.py:854: DeprecationWarning: 'crypt' is deprecated and slated for removal in Python 3.13
  from crypt import crypt as _crypt
/home/wahyu260697/document/Erpnext/silverplast/frappe-bench/env/lib/python3.11/site-packages/rq/connections.py:72: DeprecationWarning: The `pop_connection` function is deprecated. Pass the `connection` explicitly instead.
  warnings.warn(
/home/wahyu260697/document/Erpnext/silverplast/frappe-bench/env/lib/python3.11/site-packages/rq/connections.py:58: DeprecationWarning: The `push_connection` function is deprecated. Pass the `connection` explicitly instead.
  warnings.warn(
/home/wahyu260697/document/Erpnext/silverplast/frappe-bench/env/lib/python3.11/site-packages/passlib/utils/__init__.py:854: DeprecationWarning: 'crypt' is deprecated and slated for removal in Python 3.13
  from crypt import crypt as _crypt
/home/wahyu260697/document/Erpnext/silverplast/frappe-bench/env/lib/python3.11/site-packages/rq/connections.py:72: DeprecationWarning: The `pop_connection` function is deprecated. Pass the `connection` explicitly instead.
  warnings.warn(
/home/wahyu260697/document/Erpnext/silverplast/frappe-bench/env/lib/python3.11/site-packages/rq/connections.py:58: DeprecationWarning: The `push_connection` function is deprecated. Pass the `connection` explicitly instead.
  warnings.warn(
/home/wahyu260697/document/Erpnext/silverplast/frappe-bench/env/lib/python3.11/site-packages/passlib/utils/__init__.py:854: DeprecationWarning: 'crypt' is deprecated and slated for removal in Python 3.13
  from crypt import crypt as _crypt
/home/wahyu260697/document/Erpnext/silverplast/frappe-bench/env/lib/python3.11/site-packages/rq/connections.py:72: DeprecationWarning: The `pop_connection` function is deprecated. Pass the `connection` explicitly instead.
  warnings.warn(
/home/wahyu260697/document/Erpnext/silverplast/frappe-bench/env/lib/python3.11/site-packages/rq/connections.py:58: DeprecationWarning: The `push_connection` function is deprecated. Pass the `connection` explicitly instead.
  warnings.warn(
/home/wahyu260697/document/Erpnext/silverplast/frappe-bench/env/lib/python3.11/site-packages/passlib/utils/__init__.py:854: DeprecationWarning: 'crypt' is deprecated and slated for removal in Python 3.13
  from crypt import crypt as _crypt
/home/wahyu260697/document/Erpnext/silverplast/frappe-bench/env/lib/python3.11/site-packages/rq/connections.py:72: DeprecationWarning: The `pop_connection` function is deprecated. Pass the `connection` explicitly instead.
  warnings.warn(
/home/wahyu260697/document/Erpnext/silverplast/frappe-bench/env/lib/python3.11/site-packages/rq/connections.py:58: DeprecationWarning: The `push_connection` function is deprecated. Pass the `connection` explicitly instead.
  warnings.warn(
/home/wahyu260697/document/Erpnext/silverplast/frappe-bench/env/lib/python3.11/site-packages/passlib/utils/__init__.py:854: DeprecationWarning: 'crypt' is deprecated and slated for removal in Python 3.13
  from crypt import crypt as _crypt
/home/wahyu260697/document/Erpnext/silverplast/frappe-bench/env/lib/python3.11/site-packages/rq/connections.py:72: DeprecationWarning: The `pop_connection` function is deprecated. Pass the `connection` explicitly instead.
  warnings.warn(
/home/wahyu260697/document/Erpnext/silverplast/frappe-bench/env/lib/python3.11/site-packages/rq/connections.py:58: DeprecationWarning: The `push_connection` function is deprecated. Pass the `connection` explicitly instead.
  warnings.warn(
/home/wahyu260697/document/Erpnext/silverplast/frappe-bench/env/lib/python3.11/site-packages/passlib/utils/__init__.py:854: DeprecationWarning: 'crypt' is deprecated and slated for removal in Python 3.13
  from crypt import crypt as _crypt
/home/wahyu260697/document/Erpnext/silverplast/frappe-bench/env/lib/python3.11/site-packages/rq/connections.py:72: DeprecationWarning: The `pop_connection` function is deprecated. Pass the `connection` explicitly instead.
  warnings.warn(
/home/wahyu260697/document/Erpnext/silverplast/frappe-bench/env/lib/python3.11/site-packages/rq/connections.py:58: DeprecationWarning: The `push_connection` function is deprecated. Pass the `connection` explicitly instead.
  warnings.warn(
/home/wahyu260697/document/Erpnext/silverplast/frappe-bench/env/lib/python3.11/site-packages/passlib/utils/__init__.py:854: DeprecationWarning: 'crypt' is deprecated and slated for removal in Python 3.13
  from crypt import crypt as _crypt
/home/wahyu260697/document/Erpnext/silverplast/frappe-bench/env/lib/python3.11/site-packages/rq/connections.py:72: DeprecationWarning: The `pop_connection` function is deprecated. Pass the `connection` explicitly instead.
  warnings.warn(
/home/wahyu260697/document/Erpnext/silverplast/frappe-bench/env/lib/python3.11/site-packages/rq/connections.py:58: DeprecationWarning: The `push_connection` function is deprecated. Pass the `connection` explicitly instead.
  warnings.warn(
/home/wahyu260697/document/Erpnext/silverplast/frappe-bench/env/lib/python3.11/site-packages/passlib/utils/__init__.py:854: DeprecationWarning: 'crypt' is deprecated and slated for removal in Python 3.13
  from crypt import crypt as _crypt
/home/wahyu260697/document/Erpnext/silverplast/frappe-bench/env/lib/python3.11/site-packages/rq/connections.py:72: DeprecationWarning: The `pop_connection` function is deprecated. Pass the `connection` explicitly instead.
  warnings.warn(
/home/wahyu260697/document/Erpnext/silverplast/frappe-bench/env/lib/python3.11/site-packages/rq/connections.py:58: DeprecationWarning: The `push_connection` function is deprecated. Pass the `connection` explicitly instead.
  warnings.warn(
/home/wahyu260697/document/Erpnext/silverplast/frappe-bench/env/lib/python3.11/site-packages/passlib/utils/__init__.py:854: DeprecationWarning: 'crypt' is deprecated and slated for removal in Python 3.13
  from crypt import crypt as _crypt
/home/wahyu260697/document/Erpnext/silverplast/frappe-bench/env/lib/python3.11/site-packages/rq/connections.py:72: DeprecationWarning: The `pop_connection` function is deprecated. Pass the `connection` explicitly instead.
  warnings.warn(
/home/wahyu260697/document/Erpnext/silverplast/frappe-bench/env/lib/python3.11/site-packages/rq/connections.py:58: DeprecationWarning: The `push_connection` function is deprecated. Pass the `connection` explicitly instead.
  warnings.warn(
/home/wahyu260697/document/Erpnext/silverplast/frappe-bench/env/lib/python3.11/site-packages/passlib/utils/__init__.py:854: DeprecationWarning: 'crypt' is deprecated and slated for removal in Python 3.13
  from crypt import crypt as _crypt
/home/wahyu260697/document/Erpnext/silverplast/frappe-bench/env/lib/python3.11/site-packages/rq/connections.py:72: DeprecationWarning: The `pop_connection` function is deprecated. Pass the `connection` explicitly instead.
  warnings.warn(
/home/wahyu260697/document/Erpnext/silverplast/frappe-bench/env/lib/python3.11/site-packages/rq/connections.py:58: DeprecationWarning: The `push_connection` function is deprecated. Pass the `connection` explicitly instead.
  warnings.warn(
/home/wahyu260697/document/Erpnext/silverplast/frappe-bench/env/lib/python3.11/site-packages/passlib/utils/__init__.py:854: DeprecationWarning: 'crypt' is deprecated and slated for removal in Python 3.13
  from crypt import crypt as _crypt
/home/wahyu260697/document/Erpnext/silverplast/frappe-bench/env/lib/python3.11/site-packages/rq/connections.py:72: DeprecationWarning: The `pop_connection` function is deprecated. Pass the `connection` explicitly instead.
  warnings.warn(
/home/wahyu260697/document/Erpnext/silverplast/frappe-bench/env/lib/python3.11/site-packages/rq/connections.py:58: DeprecationWarning: The `push_connection` function is deprecated. Pass the `connection` explicitly instead.
  warnings.warn(
/home/wahyu260697/document/Erpnext/silverplast/frappe-bench/env/lib/python3.11/site-packages/passlib/utils/__init__.py:854: DeprecationWarning: 'crypt' is deprecated and slated for removal in Python 3.13
  from crypt import crypt as _crypt
/home/wahyu260697/document/Erpnext/silverplast/frappe-bench/env/lib/python3.11/site-packages/rq/connections.py:72: DeprecationWarning: The `pop_connection` function is deprecated. Pass the `connection` explicitly instead.
  warnings.warn(
/home/wahyu260697/document/Erpnext/silverplast/frappe-bench/env/lib/python3.11/site-packages/rq/connections.py:58: DeprecationWarning: The `push_connection` function is deprecated. Pass the `connection` explicitly instead.
  warnings.warn(
/home/wahyu260697/document/Erpnext/silverplast/frappe-bench/env/lib/python3.11/site-packages/passlib/utils/__init__.py:854: DeprecationWarning: 'crypt' is deprecated and slated for removal in Python 3.13
  from crypt import crypt as _crypt
/home/wahyu260697/document/Erpnext/silverplast/frappe-bench/env/lib/python3.11/site-packages/rq/connections.py:72: DeprecationWarning: The `pop_connection` function is deprecated. Pass the `connection` explicitly instead.
  warnings.warn(
/home/wahyu260697/document/Erpnext/silverplast/frappe-bench/env/lib/python3.11/site-packages/rq/connections.py:58: DeprecationWarning: The `push_connection` function is deprecated. Pass the `connection` explicitly instead.
  warnings.warn(
/home/wahyu260697/document/Erpnext/silverplast/frappe-bench/env/lib/python3.11/site-packages/passlib/utils/__init__.py:854: DeprecationWarning: 'crypt' is deprecated and slated for removal in Python 3.13
  from crypt import crypt as _crypt
/home/wahyu260697/document/Erpnext/silverplast/frappe-bench/env/lib/python3.11/site-packages/rq/connections.py:72: DeprecationWarning: The `pop_connection` function is deprecated. Pass the `connection` explicitly instead.
  warnings.warn(
/home/wahyu260697/document/Erpnext/silverplast/frappe-bench/env/lib/python3.11/site-packages/rq/connections.py:58: DeprecationWarning: The `push_connection` function is deprecated. Pass the `connection` explicitly instead.
  warnings.warn(
/home/wahyu260697/document/Erpnext/silverplast/frappe-bench/env/lib/python3.11/site-packages/passlib/utils/__init__.py:854: DeprecationWarning: 'crypt' is deprecated and slated for removal in Python 3.13
  from crypt import crypt as _crypt
/home/wahyu260697/document/Erpnext/silverplast/frappe-bench/env/lib/python3.11/site-packages/rq/connections.py:72: DeprecationWarning: The `pop_connection` function is deprecated. Pass the `connection` explicitly instead.
  warnings.warn(
/home/wahyu260697/document/Erpnext/silverplast/frappe-bench/env/lib/python3.11/site-packages/rq/connections.py:58: DeprecationWarning: The `push_connection` function is deprecated. Pass the `connection` explicitly instead.
  warnings.warn(
/home/wahyu260697/document/Erpnext/silverplast/frappe-bench/env/lib/python3.11/site-packages/passlib/utils/__init__.py:854: DeprecationWarning: 'crypt' is deprecated and slated for removal in Python 3.13
  from crypt import crypt as _crypt
/home/wahyu260697/document/Erpnext/silverplast/frappe-bench/env/lib/python3.11/site-packages/rq/connections.py:72: DeprecationWarning: The `pop_connection` function is deprecated. Pass the `connection` explicitly instead.
  warnings.warn(
/home/wahyu260697/document/Erpnext/silverplast/frappe-bench/env/lib/python3.11/site-packages/rq/connections.py:58: DeprecationWarning: The `push_connection` function is deprecated. Pass the `connection` explicitly instead.
  warnings.warn(
/home/wahyu260697/document/Erpnext/silverplast/frappe-bench/env/lib/python3.11/site-packages/passlib/utils/__init__.py:854: DeprecationWarning: 'crypt' is deprecated and slated for removal in Python 3.13
  from crypt import crypt as _crypt
/home/wahyu260697/document/Erpnext/silverplast/frappe-bench/env/lib/python3.11/site-packages/rq/connections.py:72: DeprecationWarning: The `pop_connection` function is deprecated. Pass the `connection` explicitly instead.
  warnings.warn(
/home/wahyu260697/document/Erpnext/silverplast/frappe-bench/env/lib/python3.11/site-packages/rq/connections.py:58: DeprecationWarning: The `push_connection` function is deprecated. Pass the `connection` explicitly instead.
  warnings.warn(
/home/wahyu260697/document/Erpnext/silverplast/frappe-bench/env/lib/python3.11/site-packages/passlib/utils/__init__.py:854: DeprecationWarning: 'crypt' is deprecated and slated for removal in Python 3.13
  from crypt import crypt as _crypt
/home/wahyu260697/document/Erpnext/silverplast/frappe-bench/env/lib/python3.11/site-packages/rq/connections.py:72: DeprecationWarning: The `pop_connection` function is deprecated. Pass the `connection` explicitly instead.
  warnings.warn(
/home/wahyu260697/document/Erpnext/silverplast/frappe-bench/env/lib/python3.11/site-packages/rq/connections.py:58: DeprecationWarning: The `push_connection` function is deprecated. Pass the `connection` explicitly instead.
  warnings.warn(
/home/wahyu260697/document/Erpnext/silverplast/frappe-bench/env/lib/python3.11/site-packages/passlib/utils/__init__.py:854: DeprecationWarning: 'crypt' is deprecated and slated for removal in Python 3.13
  from crypt import crypt as _crypt
/home/wahyu260697/document/Erpnext/silverplast/frappe-bench/env/lib/python3.11/site-packages/rq/connections.py:72: DeprecationWarning: The `pop_connection` function is deprecated. Pass the `connection` explicitly instead.
  warnings.warn(
/home/wahyu260697/document/Erpnext/silverplast/frappe-bench/env/lib/python3.11/site-packages/rq/connections.py:58: DeprecationWarning: The `push_connection` function is deprecated. Pass the `connection` explicitly instead.
  warnings.warn(
/home/wahyu260697/document/Erpnext/silverplast/frappe-bench/env/lib/python3.11/site-packages/passlib/utils/__init__.py:854: DeprecationWarning: 'crypt' is deprecated and slated for removal in Python 3.13
  from crypt import crypt as _crypt
/home/wahyu260697/document/Erpnext/silverplast/frappe-bench/env/lib/python3.11/site-packages/rq/connections.py:72: DeprecationWarning: The `pop_connection` function is deprecated. Pass the `connection` explicitly instead.
  warnings.warn(
/home/wahyu260697/document/Erpnext/silverplast/frappe-bench/env/lib/python3.11/site-packages/rq/connections.py:58: DeprecationWarning: The `push_connection` function is deprecated. Pass the `connection` explicitly instead.
  warnings.warn(
/home/wahyu260697/document/Erpnext/silverplast/frappe-bench/env/lib/python3.11/site-packages/passlib/utils/__init__.py:854: DeprecationWarning: 'crypt' is deprecated and slated for removal in Python 3.13
  from crypt import crypt as _crypt
/home/wahyu260697/document/Erpnext/silverplast/frappe-bench/env/lib/python3.11/site-packages/rq/connections.py:72: DeprecationWarning: The `pop_connection` function is deprecated. Pass the `connection` explicitly instead.
  warnings.warn(
/home/wahyu260697/document/Erpnext/silverplast/frappe-bench/env/lib/python3.11/site-packages/rq/connections.py:58: DeprecationWarning: The `push_connection` function is deprecated. Pass the `connection` explicitly instead.
  warnings.warn(
/home/wahyu260697/document/Erpnext/silverplast/frappe-bench/env/lib/python3.11/site-packages/passlib/utils/__init__.py:854: DeprecationWarning: 'crypt' is deprecated and slated for removal in Python 3.13
  from crypt import crypt as _crypt
/home/wahyu260697/document/Erpnext/silverplast/frappe-bench/env/lib/python3.11/site-packages/rq/connections.py:72: DeprecationWarning: The `pop_connection` function is deprecated. Pass the `connection` explicitly instead.
  warnings.warn(
/home/wahyu260697/document/Erpnext/silverplast/frappe-bench/env/lib/python3.11/site-packages/rq/connections.py:58: DeprecationWarning: The `push_connection` function is deprecated. Pass the `connection` explicitly instead.
  warnings.warn(
/home/wahyu260697/document/Erpnext/silverplast/frappe-bench/env/lib/python3.11/site-packages/passlib/utils/__init__.py:854: DeprecationWarning: 'crypt' is deprecated and slated for removal in Python 3.13
  from crypt import crypt as _crypt
/home/wahyu260697/document/Erpnext/silverplast/frappe-bench/env/lib/python3.11/site-packages/rq/connections.py:72: DeprecationWarning: The `pop_connection` function is deprecated. Pass the `connection` explicitly instead.
  warnings.warn(
/home/wahyu260697/document/Erpnext/silverplast/frappe-bench/env/lib/python3.11/site-packages/rq/connections.py:58: DeprecationWarning: The `push_connection` function is deprecated. Pass the `connection` explicitly instead.
  warnings.warn(
/home/wahyu260697/document/Erpnext/silverplast/frappe-bench/env/lib/python3.11/site-packages/passlib/utils/__init__.py:854: DeprecationWarning: 'crypt' is deprecated and slated for removal in Python 3.13
  from crypt import crypt as _crypt
/home/wahyu260697/document/Erpnext/silverplast/frappe-bench/env/lib/python3.11/site-packages/rq/connections.py:72: DeprecationWarning: The `pop_connection` function is deprecated. Pass the `connection` explicitly instead.
  warnings.warn(
/home/wahyu260697/document/Erpnext/silverplast/frappe-bench/env/lib/python3.11/site-packages/rq/connections.py:58: DeprecationWarning: The `push_connection` function is deprecated. Pass the `connection` explicitly instead.
  warnings.warn(
/home/wahyu260697/document/Erpnext/silverplast/frappe-bench/env/lib/python3.11/site-packages/passlib/utils/__init__.py:854: DeprecationWarning: 'crypt' is deprecated and slated for removal in Python 3.13
  from crypt import crypt as _crypt
/home/wahyu260697/document/Erpnext/silverplast/frappe-bench/env/lib/python3.11/site-packages/rq/connections.py:72: DeprecationWarning: The `pop_connection` function is deprecated. Pass the `connection` explicitly instead.
  warnings.warn(
/home/wahyu260697/document/Erpnext/silverplast/frappe-bench/env/lib/python3.11/site-packages/rq/connections.py:58: DeprecationWarning: The `push_connection` function is deprecated. Pass the `connection` explicitly instead.
  warnings.warn(
/home/wahyu260697/document/Erpnext/silverplast/frappe-bench/env/lib/python3.11/site-packages/passlib/utils/__init__.py:854: DeprecationWarning: 'crypt' is deprecated and slated for removal in Python 3.13
  from crypt import crypt as _crypt
/home/wahyu260697/document/Erpnext/silverplast/frappe-bench/env/lib/python3.11/site-packages/rq/connections.py:72: DeprecationWarning: The `pop_connection` function is deprecated. Pass the `connection` explicitly instead.
  warnings.warn(
/home/wahyu260697/document/Erpnext/silverplast/frappe-bench/env/lib/python3.11/site-packages/rq/connections.py:58: DeprecationWarning: The `push_connection` function is deprecated. Pass the `connection` explicitly instead.
  warnings.warn(
/home/wahyu260697/document/Erpnext/silverplast/frappe-bench/env/lib/python3.11/site-packages/passlib/utils/__init__.py:854: DeprecationWarning: 'crypt' is deprecated and slated for removal in Python 3.13
  from crypt import crypt as _crypt
/home/wahyu260697/document/Erpnext/silverplast/frappe-bench/env/lib/python3.11/site-packages/rq/connections.py:72: DeprecationWarning: The `pop_connection` function is deprecated. Pass the `connection` explicitly instead.
  warnings.warn(
/home/wahyu260697/document/Erpnext/silverplast/frappe-bench/env/lib/python3.11/site-packages/rq/connections.py:58: DeprecationWarning: The `push_connection` function is deprecated. Pass the `connection` explicitly instead.
  warnings.warn(
/home/wahyu260697/document/Erpnext/silverplast/frappe-bench/env/lib/python3.11/site-packages/passlib/utils/__init__.py:854: DeprecationWarning: 'crypt' is deprecated and slated for removal in Python 3.13
  from crypt import crypt as _crypt
/home/wahyu260697/document/Erpnext/silverplast/frappe-bench/env/lib/python3.11/site-packages/rq/connections.py:72: DeprecationWarning: The `pop_connection` function is deprecated. Pass the `connection` explicitly instead.
  warnings.warn(
/home/wahyu260697/document/Erpnext/silverplast/frappe-bench/env/lib/python3.11/site-packages/rq/connections.py:58: DeprecationWarning: The `push_connection` function is deprecated. Pass the `connection` explicitly instead.
  warnings.warn(
/home/wahyu260697/document/Erpnext/silverplast/frappe-bench/env/lib/python3.11/site-packages/passlib/utils/__init__.py:854: DeprecationWarning: 'crypt' is deprecated and slated for removal in Python 3.13
  from crypt import crypt as _crypt
/home/wahyu260697/document/Erpnext/silverplast/frappe-bench/env/lib/python3.11/site-packages/rq/connections.py:72: DeprecationWarning: The `pop_connection` function is deprecated. Pass the `connection` explicitly instead.
  warnings.warn(
/home/wahyu260697/document/Erpnext/silverplast/frappe-bench/env/lib/python3.11/site-packages/rq/connections.py:58: DeprecationWarning: The `push_connection` function is deprecated. Pass the `connection` explicitly instead.
  warnings.warn(
/home/wahyu260697/document/Erpnext/silverplast/frappe-bench/env/lib/python3.11/site-packages/passlib/utils/__init__.py:854: DeprecationWarning: 'crypt' is deprecated and slated for removal in Python 3.13
  from crypt import crypt as _crypt
/home/wahyu260697/document/Erpnext/silverplast/frappe-bench/env/lib/python3.11/site-packages/rq/connections.py:72: DeprecationWarning: The `pop_connection` function is deprecated. Pass the `connection` explicitly instead.
  warnings.warn(
/home/wahyu260697/document/Erpnext/silverplast/frappe-bench/env/lib/python3.11/site-packages/rq/connections.py:58: DeprecationWarning: The `push_connection` function is deprecated. Pass the `connection` explicitly instead.
  warnings.warn(
/home/wahyu260697/document/Erpnext/silverplast/frappe-bench/env/lib/python3.11/site-packages/passlib/utils/__init__.py:854: DeprecationWarning: 'crypt' is deprecated and slated for removal in Python 3.13
  from crypt import crypt as _crypt
/home/wahyu260697/document/Erpnext/silverplast/frappe-bench/env/lib/python3.11/site-packages/rq/connections.py:72: DeprecationWarning: The `pop_connection` function is deprecated. Pass the `connection` explicitly instead.
  warnings.warn(
/home/wahyu260697/document/Erpnext/silverplast/frappe-bench/env/lib/python3.11/site-packages/rq/connections.py:58: DeprecationWarning: The `push_connection` function is deprecated. Pass the `connection` explicitly instead.
  warnings.warn(
/home/wahyu260697/document/Erpnext/silverplast/frappe-bench/env/lib/python3.11/site-packages/passlib/utils/__init__.py:854: DeprecationWarning: 'crypt' is deprecated and slated for removal in Python 3.13
  from crypt import crypt as _crypt
/home/wahyu260697/document/Erpnext/silverplast/frappe-bench/env/lib/python3.11/site-packages/rq/connections.py:72: DeprecationWarning: The `pop_connection` function is deprecated. Pass the `connection` explicitly instead.
  warnings.warn(
/home/wahyu260697/document/Erpnext/silverplast/frappe-bench/env/lib/python3.11/site-packages/rq/connections.py:58: DeprecationWarning: The `push_connection` function is deprecated. Pass the `connection` explicitly instead.
  warnings.warn(
/home/wahyu260697/document/Erpnext/silverplast/frappe-bench/env/lib/python3.11/site-packages/passlib/utils/__init__.py:854: DeprecationWarning: 'crypt' is deprecated and slated for removal in Python 3.13
  from crypt import crypt as _crypt
/home/wahyu260697/document/Erpnext/silverplast/frappe-bench/env/lib/python3.11/site-packages/rq/connections.py:72: DeprecationWarning: The `pop_connection` function is deprecated. Pass the `connection` explicitly instead.
  warnings.warn(
/home/wahyu260697/document/Erpnext/silverplast/frappe-bench/env/lib/python3.11/site-packages/rq/connections.py:58: DeprecationWarning: The `push_connection` function is deprecated. Pass the `connection` explicitly instead.
  warnings.warn(
/home/wahyu260697/document/Erpnext/silverplast/frappe-bench/env/lib/python3.11/site-packages/passlib/utils/__init__.py:854: DeprecationWarning: 'crypt' is deprecated and slated for removal in Python 3.13
  from crypt import crypt as _crypt
/home/wahyu260697/document/Erpnext/silverplast/frappe-bench/env/lib/python3.11/site-packages/rq/connections.py:72: DeprecationWarning: The `pop_connection` function is deprecated. Pass the `connection` explicitly instead.
  warnings.warn(
/home/wahyu260697/document/Erpnext/silverplast/frappe-bench/env/lib/python3.11/site-packages/rq/connections.py:58: DeprecationWarning: The `push_connection` function is deprecated. Pass the `connection` explicitly instead.
  warnings.warn(
/home/wahyu260697/document/Erpnext/silverplast/frappe-bench/env/lib/python3.11/site-packages/passlib/utils/__init__.py:854: DeprecationWarning: 'crypt' is deprecated and slated for removal in Python 3.13
  from crypt import crypt as _crypt
/home/wahyu260697/document/Erpnext/silverplast/frappe-bench/env/lib/python3.11/site-packages/rq/connections.py:72: DeprecationWarning: The `pop_connection` function is deprecated. Pass the `connection` explicitly instead.
  warnings.warn(
/home/wahyu260697/document/Erpnext/silverplast/frappe-bench/env/lib/python3.11/site-packages/rq/connections.py:58: DeprecationWarning: The `push_connection` function is deprecated. Pass the `connection` explicitly instead.
  warnings.warn(
/home/wahyu260697/document/Erpnext/silverplast/frappe-bench/env/lib/python3.11/site-packages/passlib/utils/__init__.py:854: DeprecationWarning: 'crypt' is deprecated and slated for removal in Python 3.13
  from crypt import crypt as _crypt
/home/wahyu260697/document/Erpnext/silverplast/frappe-bench/env/lib/python3.11/site-packages/rq/connections.py:72: DeprecationWarning: The `pop_connection` function is deprecated. Pass the `connection` explicitly instead.
  warnings.warn(
/home/wahyu260697/document/Erpnext/silverplast/frappe-bench/env/lib/python3.11/site-packages/rq/connections.py:58: DeprecationWarning: The `push_connection` function is deprecated. Pass the `connection` explicitly instead.
  warnings.warn(
/home/wahyu260697/document/Erpnext/silverplast/frappe-bench/env/lib/python3.11/site-packages/passlib/utils/__init__.py:854: DeprecationWarning: 'crypt' is deprecated and slated for removal in Python 3.13
  from crypt import crypt as _crypt
/home/wahyu260697/document/Erpnext/silverplast/frappe-bench/env/lib/python3.11/site-packages/rq/connections.py:72: DeprecationWarning: The `pop_connection` function is deprecated. Pass the `connection` explicitly instead.
  warnings.warn(
/home/wahyu260697/document/Erpnext/silverplast/frappe-bench/env/lib/python3.11/site-packages/rq/connections.py:58: DeprecationWarning: The `push_connection` function is deprecated. Pass the `connection` explicitly instead.
  warnings.warn(
/home/wahyu260697/document/Erpnext/silverplast/frappe-bench/env/lib/python3.11/site-packages/passlib/utils/__init__.py:854: DeprecationWarning: 'crypt' is deprecated and slated for removal in Python 3.13
  from crypt import crypt as _crypt
/home/wahyu260697/document/Erpnext/silverplast/frappe-bench/env/lib/python3.11/site-packages/rq/connections.py:72: DeprecationWarning: The `pop_connection` function is deprecated. Pass the `connection` explicitly instead.
  warnings.warn(
/home/wahyu260697/document/Erpnext/silverplast/frappe-bench/env/lib/python3.11/site-packages/rq/connections.py:58: DeprecationWarning: The `push_connection` function is deprecated. Pass the `connection` explicitly instead.
  warnings.warn(
/home/wahyu260697/document/Erpnext/silverplast/frappe-bench/env/lib/python3.11/site-packages/passlib/utils/__init__.py:854: DeprecationWarning: 'crypt' is deprecated and slated for removal in Python 3.13
  from crypt import crypt as _crypt
/home/wahyu260697/document/Erpnext/silverplast/frappe-bench/env/lib/python3.11/site-packages/rq/connections.py:72: DeprecationWarning: The `pop_connection` function is deprecated. Pass the `connection` explicitly instead.
  warnings.warn(
/home/wahyu260697/document/Erpnext/silverplast/frappe-bench/env/lib/python3.11/site-packages/rq/connections.py:58: DeprecationWarning: The `push_connection` function is deprecated. Pass the `connection` explicitly instead.
  warnings.warn(
/home/wahyu260697/document/Erpnext/silverplast/frappe-bench/env/lib/python3.11/site-packages/passlib/utils/__init__.py:854: DeprecationWarning: 'crypt' is deprecated and slated for removal in Python 3.13
  from crypt import crypt as _crypt
/home/wahyu260697/document/Erpnext/silverplast/frappe-bench/env/lib/python3.11/site-packages/rq/connections.py:72: DeprecationWarning: The `pop_connection` function is deprecated. Pass the `connection` explicitly instead.
  warnings.warn(
/home/wahyu260697/document/Erpnext/silverplast/frappe-bench/env/lib/python3.11/site-packages/rq/connections.py:58: DeprecationWarning: The `push_connection` function is deprecated. Pass the `connection` explicitly instead.
  warnings.warn(
/home/wahyu260697/document/Erpnext/silverplast/frappe-bench/env/lib/python3.11/site-packages/passlib/utils/__init__.py:854: DeprecationWarning: 'crypt' is deprecated and slated for removal in Python 3.13
  from crypt import crypt as _crypt
/home/wahyu260697/document/Erpnext/silverplast/frappe-bench/env/lib/python3.11/site-packages/rq/connections.py:72: DeprecationWarning: The `pop_connection` function is deprecated. Pass the `connection` explicitly instead.
  warnings.warn(
/home/wahyu260697/document/Erpnext/silverplast/frappe-bench/env/lib/python3.11/site-packages/rq/connections.py:58: DeprecationWarning: The `push_connection` function is deprecated. Pass the `connection` explicitly instead.
  warnings.warn(
/home/wahyu260697/document/Erpnext/silverplast/frappe-bench/env/lib/python3.11/site-packages/passlib/utils/__init__.py:854: DeprecationWarning: 'crypt' is deprecated and slated for removal in Python 3.13
  from crypt import crypt as _crypt
/home/wahyu260697/document/Erpnext/silverplast/frappe-bench/env/lib/python3.11/site-packages/rq/connections.py:72: DeprecationWarning: The `pop_connection` function is deprecated. Pass the `connection` explicitly instead.
  warnings.warn(
/home/wahyu260697/document/Erpnext/silverplast/frappe-bench/env/lib/python3.11/site-packages/rq/connections.py:58: DeprecationWarning: The `push_connection` function is deprecated. Pass the `connection` explicitly instead.
  warnings.warn(
/home/wahyu260697/document/Erpnext/silverplast/frappe-bench/env/lib/python3.11/site-packages/passlib/utils/__init__.py:854: DeprecationWarning: 'crypt' is deprecated and slated for removal in Python 3.13
  from crypt import crypt as _crypt
/home/wahyu260697/document/Erpnext/silverplast/frappe-bench/env/lib/python3.11/site-packages/rq/connections.py:72: DeprecationWarning: The `pop_connection` function is deprecated. Pass the `connection` explicitly instead.
  warnings.warn(
/home/wahyu260697/document/Erpnext/silverplast/frappe-bench/env/lib/python3.11/site-packages/rq/connections.py:58: DeprecationWarning: The `push_connection` function is deprecated. Pass the `connection` explicitly instead.
  warnings.warn(
/home/wahyu260697/document/Erpnext/silverplast/frappe-bench/env/lib/python3.11/site-packages/passlib/utils/__init__.py:854: DeprecationWarning: 'crypt' is deprecated and slated for removal in Python 3.13
  from crypt import crypt as _crypt
/home/wahyu260697/document/Erpnext/silverplast/frappe-bench/env/lib/python3.11/site-packages/rq/connections.py:72: DeprecationWarning: The `pop_connection` function is deprecated. Pass the `connection` explicitly instead.
  warnings.warn(
/home/wahyu260697/document/Erpnext/silverplast/frappe-bench/env/lib/python3.11/site-packages/rq/connections.py:58: DeprecationWarning: The `push_connection` function is deprecated. Pass the `connection` explicitly instead.
  warnings.warn(
/home/wahyu260697/document/Erpnext/silverplast/frappe-bench/env/lib/python3.11/site-packages/passlib/utils/__init__.py:854: DeprecationWarning: 'crypt' is deprecated and slated for removal in Python 3.13
  from crypt import crypt as _crypt
/home/wahyu260697/document/Erpnext/silverplast/frappe-bench/env/lib/python3.11/site-packages/rq/connections.py:72: DeprecationWarning: The `pop_connection` function is deprecated. Pass the `connection` explicitly instead.
  warnings.warn(
/home/wahyu260697/document/Erpnext/silverplast/frappe-bench/env/lib/python3.11/site-packages/rq/connections.py:58: DeprecationWarning: The `push_connection` function is deprecated. Pass the `connection` explicitly instead.
  warnings.warn(
/home/wahyu260697/document/Erpnext/silverplast/frappe-bench/env/lib/python3.11/site-packages/passlib/utils/__init__.py:854: DeprecationWarning: 'crypt' is deprecated and slated for removal in Python 3.13
  from crypt import crypt as _crypt
/home/wahyu260697/document/Erpnext/silverplast/frappe-bench/env/lib/python3.11/site-packages/rq/connections.py:72: DeprecationWarning: The `pop_connection` function is deprecated. Pass the `connection` explicitly instead.
  warnings.warn(
/home/wahyu260697/document/Erpnext/silverplast/frappe-bench/env/lib/python3.11/site-packages/rq/connections.py:58: DeprecationWarning: The `push_connection` function is deprecated. Pass the `connection` explicitly instead.
  warnings.warn(
/home/wahyu260697/document/Erpnext/silverplast/frappe-bench/env/lib/python3.11/site-packages/passlib/utils/__init__.py:854: DeprecationWarning: 'crypt' is deprecated and slated for removal in Python 3.13
  from crypt import crypt as _crypt
/home/wahyu260697/document/Erpnext/silverplast/frappe-bench/env/lib/python3.11/site-packages/rq/connections.py:72: DeprecationWarning: The `pop_connection` function is deprecated. Pass the `connection` explicitly instead.
  warnings.warn(
/home/wahyu260697/document/Erpnext/silverplast/frappe-bench/env/lib/python3.11/site-packages/rq/connections.py:58: DeprecationWarning: The `push_connection` function is deprecated. Pass the `connection` explicitly instead.
  warnings.warn(
/home/wahyu260697/document/Erpnext/silverplast/frappe-bench/env/lib/python3.11/site-packages/passlib/utils/__init__.py:854: DeprecationWarning: 'crypt' is deprecated and slated for removal in Python 3.13
  from crypt import crypt as _crypt
/home/wahyu260697/document/Erpnext/silverplast/frappe-bench/env/lib/python3.11/site-packages/rq/connections.py:72: DeprecationWarning: The `pop_connection` function is deprecated. Pass the `connection` explicitly instead.
  warnings.warn(
/home/wahyu260697/document/Erpnext/silverplast/frappe-bench/env/lib/python3.11/site-packages/rq/connections.py:58: DeprecationWarning: The `push_connection` function is deprecated. Pass the `connection` explicitly instead.
  warnings.warn(
/home/wahyu260697/document/Erpnext/silverplast/frappe-bench/env/lib/python3.11/site-packages/passlib/utils/__init__.py:854: DeprecationWarning: 'crypt' is deprecated and slated for removal in Python 3.13
  from crypt import crypt as _crypt
/home/wahyu260697/document/Erpnext/silverplast/frappe-bench/env/lib/python3.11/site-packages/rq/connections.py:72: DeprecationWarning: The `pop_connection` function is deprecated. Pass the `connection` explicitly instead.
  warnings.warn(
/home/wahyu260697/document/Erpnext/silverplast/frappe-bench/env/lib/python3.11/site-packages/rq/connections.py:58: DeprecationWarning: The `push_connection` function is deprecated. Pass the `connection` explicitly instead.
  warnings.warn(
/home/wahyu260697/document/Erpnext/silverplast/frappe-bench/env/lib/python3.11/site-packages/passlib/utils/__init__.py:854: DeprecationWarning: 'crypt' is deprecated and slated for removal in Python 3.13
  from crypt import crypt as _crypt
/home/wahyu260697/document/Erpnext/silverplast/frappe-bench/env/lib/python3.11/site-packages/rq/connections.py:72: DeprecationWarning: The `pop_connection` function is deprecated. Pass the `connection` explicitly instead.
  warnings.warn(
/home/wahyu260697/document/Erpnext/silverplast/frappe-bench/env/lib/python3.11/site-packages/rq/connections.py:58: DeprecationWarning: The `push_connection` function is deprecated. Pass the `connection` explicitly instead.
  warnings.warn(
/home/wahyu260697/document/Erpnext/silverplast/frappe-bench/env/lib/python3.11/site-packages/passlib/utils/__init__.py:854: DeprecationWarning: 'crypt' is deprecated and slated for removal in Python 3.13
  from crypt import crypt as _crypt
/home/wahyu260697/document/Erpnext/silverplast/frappe-bench/env/lib/python3.11/site-packages/rq/connections.py:72: DeprecationWarning: The `pop_connection` function is deprecated. Pass the `connection` explicitly instead.
  warnings.warn(
/home/wahyu260697/document/Erpnext/silverplast/frappe-bench/env/lib/python3.11/site-packages/rq/connections.py:58: DeprecationWarning: The `push_connection` function is deprecated. Pass the `connection` explicitly instead.
  warnings.warn(
/home/wahyu260697/document/Erpnext/silverplast/frappe-bench/env/lib/python3.11/site-packages/passlib/utils/__init__.py:854: DeprecationWarning: 'crypt' is deprecated and slated for removal in Python 3.13
  from crypt import crypt as _crypt
/home/wahyu260697/document/Erpnext/silverplast/frappe-bench/env/lib/python3.11/site-packages/rq/connections.py:72: DeprecationWarning: The `pop_connection` function is deprecated. Pass the `connection` explicitly instead.
  warnings.warn(
/home/wahyu260697/document/Erpnext/silverplast/frappe-bench/env/lib/python3.11/site-packages/rq/connections.py:58: DeprecationWarning: The `push_connection` function is deprecated. Pass the `connection` explicitly instead.
  warnings.warn(
/home/wahyu260697/document/Erpnext/silverplast/frappe-bench/env/lib/python3.11/site-packages/passlib/utils/__init__.py:854: DeprecationWarning: 'crypt' is deprecated and slated for removal in Python 3.13
  from crypt import crypt as _crypt
/home/wahyu260697/document/Erpnext/silverplast/frappe-bench/env/lib/python3.11/site-packages/rq/connections.py:72: DeprecationWarning: The `pop_connection` function is deprecated. Pass the `connection` explicitly instead.
  warnings.warn(
/home/wahyu260697/document/Erpnext/silverplast/frappe-bench/env/lib/python3.11/site-packages/rq/connections.py:58: DeprecationWarning: The `push_connection` function is deprecated. Pass the `connection` explicitly instead.
  warnings.warn(
/home/wahyu260697/document/Erpnext/silverplast/frappe-bench/env/lib/python3.11/site-packages/passlib/utils/__init__.py:854: DeprecationWarning: 'crypt' is deprecated and slated for removal in Python 3.13
  from crypt import crypt as _crypt
/home/wahyu260697/document/Erpnext/silverplast/frappe-bench/env/lib/python3.11/site-packages/rq/connections.py:72: DeprecationWarning: The `pop_connection` function is deprecated. Pass the `connection` explicitly instead.
  warnings.warn(
/home/wahyu260697/document/Erpnext/silverplast/frappe-bench/env/lib/python3.11/site-packages/rq/connections.py:58: DeprecationWarning: The `push_connection` function is deprecated. Pass the `connection` explicitly instead.
  warnings.warn(
/home/wahyu260697/document/Erpnext/silverplast/frappe-bench/env/lib/python3.11/site-packages/passlib/utils/__init__.py:854: DeprecationWarning: 'crypt' is deprecated and slated for removal in Python 3.13
  from crypt import crypt as _crypt
/home/wahyu260697/document/Erpnext/silverplast/frappe-bench/env/lib/python3.11/site-packages/rq/connections.py:72: DeprecationWarning: The `pop_connection` function is deprecated. Pass the `connection` explicitly instead.
  warnings.warn(
/home/wahyu260697/document/Erpnext/silverplast/frappe-bench/env/lib/python3.11/site-packages/rq/connections.py:58: DeprecationWarning: The `push_connection` function is deprecated. Pass the `connection` explicitly instead.
  warnings.warn(
/home/wahyu260697/document/Erpnext/silverplast/frappe-bench/env/lib/python3.11/site-packages/passlib/utils/__init__.py:854: DeprecationWarning: 'crypt' is deprecated and slated for removal in Python 3.13
  from crypt import crypt as _crypt
/home/wahyu260697/document/Erpnext/silverplast/frappe-bench/env/lib/python3.11/site-packages/rq/connections.py:72: DeprecationWarning: The `pop_connection` function is deprecated. Pass the `connection` explicitly instead.
  warnings.warn(
/home/wahyu260697/document/Erpnext/silverplast/frappe-bench/env/lib/python3.11/site-packages/rq/connections.py:58: DeprecationWarning: The `push_connection` function is deprecated. Pass the `connection` explicitly instead.
  warnings.warn(
/home/wahyu260697/document/Erpnext/silverplast/frappe-bench/env/lib/python3.11/site-packages/passlib/utils/__init__.py:854: DeprecationWarning: 'crypt' is deprecated and slated for removal in Python 3.13
  from crypt import crypt as _crypt
/home/wahyu260697/document/Erpnext/silverplast/frappe-bench/env/lib/python3.11/site-packages/rq/connections.py:72: DeprecationWarning: The `pop_connection` function is deprecated. Pass the `connection` explicitly instead.
  warnings.warn(
/home/wahyu260697/document/Erpnext/silverplast/frappe-bench/env/lib/python3.11/site-packages/rq/connections.py:58: DeprecationWarning: The `push_connection` function is deprecated. Pass the `connection` explicitly instead.
  warnings.warn(
/home/wahyu260697/document/Erpnext/silverplast/frappe-bench/env/lib/python3.11/site-packages/passlib/utils/__init__.py:854: DeprecationWarning: 'crypt' is deprecated and slated for removal in Python 3.13
  from crypt import crypt as _crypt
/home/wahyu260697/document/Erpnext/silverplast/frappe-bench/env/lib/python3.11/site-packages/rq/connections.py:72: DeprecationWarning: The `pop_connection` function is deprecated. Pass the `connection` explicitly instead.
  warnings.warn(
/home/wahyu260697/document/Erpnext/silverplast/frappe-bench/env/lib/python3.11/site-packages/rq/connections.py:58: DeprecationWarning: The `push_connection` function is deprecated. Pass the `connection` explicitly instead.
  warnings.warn(
/home/wahyu260697/document/Erpnext/silverplast/frappe-bench/env/lib/python3.11/site-packages/passlib/utils/__init__.py:854: DeprecationWarning: 'crypt' is deprecated and slated for removal in Python 3.13
  from crypt import crypt as _crypt
/home/wahyu260697/document/Erpnext/silverplast/frappe-bench/env/lib/python3.11/site-packages/rq/connections.py:72: DeprecationWarning: The `pop_connection` function is deprecated. Pass the `connection` explicitly instead.
  warnings.warn(
/home/wahyu260697/document/Erpnext/silverplast/frappe-bench/env/lib/python3.11/site-packages/rq/connections.py:58: DeprecationWarning: The `push_connection` function is deprecated. Pass the `connection` explicitly instead.
  warnings.warn(
/home/wahyu260697/document/Erpnext/silverplast/frappe-bench/env/lib/python3.11/site-packages/passlib/utils/__init__.py:854: DeprecationWarning: 'crypt' is deprecated and slated for removal in Python 3.13
  from crypt import crypt as _crypt
/home/wahyu260697/document/Erpnext/silverplast/frappe-bench/env/lib/python3.11/site-packages/rq/connections.py:72: DeprecationWarning: The `pop_connection` function is deprecated. Pass the `connection` explicitly instead.
  warnings.warn(
/home/wahyu260697/document/Erpnext/silverplast/frappe-bench/env/lib/python3.11/site-packages/rq/connections.py:58: DeprecationWarning: The `push_connection` function is deprecated. Pass the `connection` explicitly instead.
  warnings.warn(
/home/wahyu260697/document/Erpnext/silverplast/frappe-bench/env/lib/python3.11/site-packages/passlib/utils/__init__.py:854: DeprecationWarning: 'crypt' is deprecated and slated for removal in Python 3.13
  from crypt import crypt as _crypt
/home/wahyu260697/document/Erpnext/silverplast/frappe-bench/env/lib/python3.11/site-packages/rq/connections.py:72: DeprecationWarning: The `pop_connection` function is deprecated. Pass the `connection` explicitly instead.
  warnings.warn(
/home/wahyu260697/document/Erpnext/silverplast/frappe-bench/env/lib/python3.11/site-packages/rq/connections.py:58: DeprecationWarning: The `push_connection` function is deprecated. Pass the `connection` explicitly instead.
  warnings.warn(
/home/wahyu260697/document/Erpnext/silverplast/frappe-bench/env/lib/python3.11/site-packages/passlib/utils/__init__.py:854: DeprecationWarning: 'crypt' is deprecated and slated for removal in Python 3.13
  from crypt import crypt as _crypt
/home/wahyu260697/document/Erpnext/silverplast/frappe-bench/env/lib/python3.11/site-packages/rq/connections.py:72: DeprecationWarning: The `pop_connection` function is deprecated. Pass the `connection` explicitly instead.
  warnings.warn(
/home/wahyu260697/document/Erpnext/silverplast/frappe-bench/env/lib/python3.11/site-packages/rq/connections.py:58: DeprecationWarning: The `push_connection` function is deprecated. Pass the `connection` explicitly instead.
  warnings.warn(
/home/wahyu260697/document/Erpnext/silverplast/frappe-bench/env/lib/python3.11/site-packages/passlib/utils/__init__.py:854: DeprecationWarning: 'crypt' is deprecated and slated for removal in Python 3.13
  from crypt import crypt as _crypt
/home/wahyu260697/document/Erpnext/silverplast/frappe-bench/env/lib/python3.11/site-packages/rq/connections.py:72: DeprecationWarning: The `pop_connection` function is deprecated. Pass the `connection` explicitly instead.
  warnings.warn(
/home/wahyu260697/document/Erpnext/silverplast/frappe-bench/env/lib/python3.11/site-packages/rq/connections.py:58: DeprecationWarning: The `push_connection` function is deprecated. Pass the `connection` explicitly instead.
  warnings.warn(
/home/wahyu260697/document/Erpnext/silverplast/frappe-bench/env/lib/python3.11/site-packages/passlib/utils/__init__.py:854: DeprecationWarning: 'crypt' is deprecated and slated for removal in Python 3.13
  from crypt import crypt as _crypt
/home/wahyu260697/document/Erpnext/silverplast/frappe-bench/env/lib/python3.11/site-packages/rq/connections.py:72: DeprecationWarning: The `pop_connection` function is deprecated. Pass the `connection` explicitly instead.
  warnings.warn(
/home/wahyu260697/document/Erpnext/silverplast/frappe-bench/env/lib/python3.11/site-packages/rq/connections.py:58: DeprecationWarning: The `push_connection` function is deprecated. Pass the `connection` explicitly instead.
  warnings.warn(
/home/wahyu260697/document/Erpnext/silverplast/frappe-bench/env/lib/python3.11/site-packages/passlib/utils/__init__.py:854: DeprecationWarning: 'crypt' is deprecated and slated for removal in Python 3.13
  from crypt import crypt as _crypt
/home/wahyu260697/document/Erpnext/silverplast/frappe-bench/env/lib/python3.11/site-packages/rq/connections.py:72: DeprecationWarning: The `pop_connection` function is deprecated. Pass the `connection` explicitly instead.
  warnings.warn(
/home/wahyu260697/document/Erpnext/silverplast/frappe-bench/env/lib/python3.11/site-packages/rq/connections.py:58: DeprecationWarning: The `push_connection` function is deprecated. Pass the `connection` explicitly instead.
  warnings.warn(
/home/wahyu260697/document/Erpnext/silverplast/frappe-bench/env/lib/python3.11/site-packages/passlib/utils/__init__.py:854: DeprecationWarning: 'crypt' is deprecated and slated for removal in Python 3.13
  from crypt import crypt as _crypt
/home/wahyu260697/document/Erpnext/silverplast/frappe-bench/env/lib/python3.11/site-packages/rq/connections.py:72: DeprecationWarning: The `pop_connection` function is deprecated. Pass the `connection` explicitly instead.
  warnings.warn(
/home/wahyu260697/document/Erpnext/silverplast/frappe-bench/env/lib/python3.11/site-packages/rq/connections.py:58: DeprecationWarning: The `push_connection` function is deprecated. Pass the `connection` explicitly instead.
  warnings.warn(
/home/wahyu260697/document/Erpnext/silverplast/frappe-bench/env/lib/python3.11/site-packages/passlib/utils/__init__.py:854: DeprecationWarning: 'crypt' is deprecated and slated for removal in Python 3.13
  from crypt import crypt as _crypt
/home/wahyu260697/document/Erpnext/silverplast/frappe-bench/env/lib/python3.11/site-packages/rq/connections.py:72: DeprecationWarning: The `pop_connection` function is deprecated. Pass the `connection` explicitly instead.
  warnings.warn(
/home/wahyu260697/document/Erpnext/silverplast/frappe-bench/env/lib/python3.11/site-packages/rq/connections.py:58: DeprecationWarning: The `push_connection` function is deprecated. Pass the `connection` explicitly instead.
  warnings.warn(
/home/wahyu260697/document/Erpnext/silverplast/frappe-bench/env/lib/python3.11/site-packages/passlib/utils/__init__.py:854: DeprecationWarning: 'crypt' is deprecated and slated for removal in Python 3.13
  from crypt import crypt as _crypt
/home/wahyu260697/document/Erpnext/silverplast/frappe-bench/env/lib/python3.11/site-packages/rq/connections.py:72: DeprecationWarning: The `pop_connection` function is deprecated. Pass the `connection` explicitly instead.
  warnings.warn(
/home/wahyu260697/document/Erpnext/silverplast/frappe-bench/env/lib/python3.11/site-packages/rq/connections.py:58: DeprecationWarning: The `push_connection` function is deprecated. Pass the `connection` explicitly instead.
  warnings.warn(
/home/wahyu260697/document/Erpnext/silverplast/frappe-bench/env/lib/python3.11/site-packages/passlib/utils/__init__.py:854: DeprecationWarning: 'crypt' is deprecated and slated for removal in Python 3.13
  from crypt import crypt as _crypt
/home/wahyu260697/document/Erpnext/silverplast/frappe-bench/env/lib/python3.11/site-packages/rq/connections.py:72: DeprecationWarning: The `pop_connection` function is deprecated. Pass the `connection` explicitly instead.
  warnings.warn(
/home/wahyu260697/document/Erpnext/silverplast/frappe-bench/env/lib/python3.11/site-packages/rq/connections.py:58: DeprecationWarning: The `push_connection` function is deprecated. Pass the `connection` explicitly instead.
  warnings.warn(
/home/wahyu260697/document/Erpnext/silverplast/frappe-bench/env/lib/python3.11/site-packages/passlib/utils/__init__.py:854: DeprecationWarning: 'crypt' is deprecated and slated for removal in Python 3.13
  from crypt import crypt as _crypt
/home/wahyu260697/document/Erpnext/silverplast/frappe-bench/env/lib/python3.11/site-packages/rq/connections.py:72: DeprecationWarning: The `pop_connection` function is deprecated. Pass the `connection` explicitly instead.
  warnings.warn(
/home/wahyu260697/document/Erpnext/silverplast/frappe-bench/env/lib/python3.11/site-packages/rq/connections.py:58: DeprecationWarning: The `push_connection` function is deprecated. Pass the `connection` explicitly instead.
  warnings.warn(
/home/wahyu260697/document/Erpnext/silverplast/frappe-bench/env/lib/python3.11/site-packages/passlib/utils/__init__.py:854: DeprecationWarning: 'crypt' is deprecated and slated for removal in Python 3.13
  from crypt import crypt as _crypt
/home/wahyu260697/document/Erpnext/silverplast/frappe-bench/env/lib/python3.11/site-packages/rq/connections.py:72: DeprecationWarning: The `pop_connection` function is deprecated. Pass the `connection` explicitly instead.
  warnings.warn(
/home/wahyu260697/document/Erpnext/silverplast/frappe-bench/env/lib/python3.11/site-packages/rq/connections.py:58: DeprecationWarning: The `push_connection` function is deprecated. Pass the `connection` explicitly instead.
  warnings.warn(
/home/wahyu260697/document/Erpnext/silverplast/frappe-bench/env/lib/python3.11/site-packages/passlib/utils/__init__.py:854: DeprecationWarning: 'crypt' is deprecated and slated for removal in Python 3.13
  from crypt import crypt as _crypt
/home/wahyu260697/document/Erpnext/silverplast/frappe-bench/env/lib/python3.11/site-packages/rq/connections.py:72: DeprecationWarning: The `pop_connection` function is deprecated. Pass the `connection` explicitly instead.
  warnings.warn(
/home/wahyu260697/document/Erpnext/silverplast/frappe-bench/env/lib/python3.11/site-packages/rq/connections.py:58: DeprecationWarning: The `push_connection` function is deprecated. Pass the `connection` explicitly instead.
  warnings.warn(
/home/wahyu260697/document/Erpnext/silverplast/frappe-bench/env/lib/python3.11/site-packages/passlib/utils/__init__.py:854: DeprecationWarning: 'crypt' is deprecated and slated for removal in Python 3.13
  from crypt import crypt as _crypt
/home/wahyu260697/document/Erpnext/silverplast/frappe-bench/env/lib/python3.11/site-packages/rq/connections.py:72: DeprecationWarning: The `pop_connection` function is deprecated. Pass the `connection` explicitly instead.
  warnings.warn(
/home/wahyu260697/document/Erpnext/silverplast/frappe-bench/env/lib/python3.11/site-packages/rq/connections.py:58: DeprecationWarning: The `push_connection` function is deprecated. Pass the `connection` explicitly instead.
  warnings.warn(
/home/wahyu260697/document/Erpnext/silverplast/frappe-bench/env/lib/python3.11/site-packages/passlib/utils/__init__.py:854: DeprecationWarning: 'crypt' is deprecated and slated for removal in Python 3.13
  from crypt import crypt as _crypt
/home/wahyu260697/document/Erpnext/silverplast/frappe-bench/env/lib/python3.11/site-packages/rq/connections.py:72: DeprecationWarning: The `pop_connection` function is deprecated. Pass the `connection` explicitly instead.
  warnings.warn(
/home/wahyu260697/document/Erpnext/silverplast/frappe-bench/env/lib/python3.11/site-packages/rq/connections.py:58: DeprecationWarning: The `push_connection` function is deprecated. Pass the `connection` explicitly instead.
  warnings.warn(
/home/wahyu260697/document/Erpnext/silverplast/frappe-bench/env/lib/python3.11/site-packages/passlib/utils/__init__.py:854: DeprecationWarning: 'crypt' is deprecated and slated for removal in Python 3.13
  from crypt import crypt as _crypt
/home/wahyu260697/document/Erpnext/silverplast/frappe-bench/env/lib/python3.11/site-packages/rq/connections.py:72: DeprecationWarning: The `pop_connection` function is deprecated. Pass the `connection` explicitly instead.
  warnings.warn(
/home/wahyu260697/document/Erpnext/silverplast/frappe-bench/env/lib/python3.11/site-packages/rq/connections.py:58: DeprecationWarning: The `push_connection` function is deprecated. Pass the `connection` explicitly instead.
  warnings.warn(
/home/wahyu260697/document/Erpnext/silverplast/frappe-bench/env/lib/python3.11/site-packages/passlib/utils/__init__.py:854: DeprecationWarning: 'crypt' is deprecated and slated for removal in Python 3.13
  from crypt import crypt as _crypt
/home/wahyu260697/document/Erpnext/silverplast/frappe-bench/env/lib/python3.11/site-packages/rq/connections.py:72: DeprecationWarning: The `pop_connection` function is deprecated. Pass the `connection` explicitly instead.
  warnings.warn(
/home/wahyu260697/document/Erpnext/silverplast/frappe-bench/env/lib/python3.11/site-packages/rq/connections.py:58: DeprecationWarning: The `push_connection` function is deprecated. Pass the `connection` explicitly instead.
  warnings.warn(
/home/wahyu260697/document/Erpnext/silverplast/frappe-bench/env/lib/python3.11/site-packages/passlib/utils/__init__.py:854: DeprecationWarning: 'crypt' is deprecated and slated for removal in Python 3.13
  from crypt import crypt as _crypt
/home/wahyu260697/document/Erpnext/silverplast/frappe-bench/env/lib/python3.11/site-packages/rq/connections.py:72: DeprecationWarning: The `pop_connection` function is deprecated. Pass the `connection` explicitly instead.
  warnings.warn(
/home/wahyu260697/document/Erpnext/silverplast/frappe-bench/env/lib/python3.11/site-packages/rq/connections.py:58: DeprecationWarning: The `push_connection` function is deprecated. Pass the `connection` explicitly instead.
  warnings.warn(
/home/wahyu260697/document/Erpnext/silverplast/frappe-bench/env/lib/python3.11/site-packages/passlib/utils/__init__.py:854: DeprecationWarning: 'crypt' is deprecated and slated for removal in Python 3.13
  from crypt import crypt as _crypt
/home/wahyu260697/document/Erpnext/silverplast/frappe-bench/env/lib/python3.11/site-packages/rq/connections.py:72: DeprecationWarning: The `pop_connection` function is deprecated. Pass the `connection` explicitly instead.
  warnings.warn(
/home/wahyu260697/document/Erpnext/silverplast/frappe-bench/env/lib/python3.11/site-packages/rq/connections.py:58: DeprecationWarning: The `push_connection` function is deprecated. Pass the `connection` explicitly instead.
  warnings.warn(
/home/wahyu260697/document/Erpnext/silverplast/frappe-bench/env/lib/python3.11/site-packages/passlib/utils/__init__.py:854: DeprecationWarning: 'crypt' is deprecated and slated for removal in Python 3.13
  from crypt import crypt as _crypt
/home/wahyu260697/document/Erpnext/silverplast/frappe-bench/env/lib/python3.11/site-packages/rq/connections.py:72: DeprecationWarning: The `pop_connection` function is deprecated. Pass the `connection` explicitly instead.
  warnings.warn(
/home/wahyu260697/document/Erpnext/silverplast/frappe-bench/env/lib/python3.11/site-packages/rq/connections.py:58: DeprecationWarning: The `push_connection` function is deprecated. Pass the `connection` explicitly instead.
  warnings.warn(
/home/wahyu260697/document/Erpnext/silverplast/frappe-bench/env/lib/python3.11/site-packages/passlib/utils/__init__.py:854: DeprecationWarning: 'crypt' is deprecated and slated for removal in Python 3.13
  from crypt import crypt as _crypt
/home/wahyu260697/document/Erpnext/silverplast/frappe-bench/env/lib/python3.11/site-packages/rq/connections.py:72: DeprecationWarning: The `pop_connection` function is deprecated. Pass the `connection` explicitly instead.
  warnings.warn(
/home/wahyu260697/document/Erpnext/silverplast/frappe-bench/env/lib/python3.11/site-packages/rq/connections.py:58: DeprecationWarning: The `push_connection` function is deprecated. Pass the `connection` explicitly instead.
  warnings.warn(
/home/wahyu260697/document/Erpnext/silverplast/frappe-bench/env/lib/python3.11/site-packages/passlib/utils/__init__.py:854: DeprecationWarning: 'crypt' is deprecated and slated for removal in Python 3.13
  from crypt import crypt as _crypt
/home/wahyu260697/document/Erpnext/silverplast/frappe-bench/env/lib/python3.11/site-packages/rq/connections.py:72: DeprecationWarning: The `pop_connection` function is deprecated. Pass the `connection` explicitly instead.
  warnings.warn(
/home/wahyu260697/document/Erpnext/silverplast/frappe-bench/env/lib/python3.11/site-packages/rq/connections.py:58: DeprecationWarning: The `push_connection` function is deprecated. Pass the `connection` explicitly instead.
  warnings.warn(
/home/wahyu260697/document/Erpnext/silverplast/frappe-bench/env/lib/python3.11/site-packages/passlib/utils/__init__.py:854: DeprecationWarning: 'crypt' is deprecated and slated for removal in Python 3.13
  from crypt import crypt as _crypt
/home/wahyu260697/document/Erpnext/silverplast/frappe-bench/env/lib/python3.11/site-packages/rq/connections.py:72: DeprecationWarning: The `pop_connection` function is deprecated. Pass the `connection` explicitly instead.
  warnings.warn(
/home/wahyu260697/document/Erpnext/silverplast/frappe-bench/env/lib/python3.11/site-packages/rq/connections.py:58: DeprecationWarning: The `push_connection` function is deprecated. Pass the `connection` explicitly instead.
  warnings.warn(
/home/wahyu260697/document/Erpnext/silverplast/frappe-bench/env/lib/python3.11/site-packages/passlib/utils/__init__.py:854: DeprecationWarning: 'crypt' is deprecated and slated for removal in Python 3.13
  from crypt import crypt as _crypt
/home/wahyu260697/document/Erpnext/silverplast/frappe-bench/env/lib/python3.11/site-packages/rq/connections.py:72: DeprecationWarning: The `pop_connection` function is deprecated. Pass the `connection` explicitly instead.
  warnings.warn(
/home/wahyu260697/document/Erpnext/silverplast/frappe-bench/env/lib/python3.11/site-packages/rq/connections.py:58: DeprecationWarning: The `push_connection` function is deprecated. Pass the `connection` explicitly instead.
  warnings.warn(
/home/wahyu260697/document/Erpnext/silverplast/frappe-bench/env/lib/python3.11/site-packages/passlib/utils/__init__.py:854: DeprecationWarning: 'crypt' is deprecated and slated for removal in Python 3.13
  from crypt import crypt as _crypt
/home/wahyu260697/document/Erpnext/silverplast/frappe-bench/env/lib/python3.11/site-packages/rq/connections.py:72: DeprecationWarning: The `pop_connection` function is deprecated. Pass the `connection` explicitly instead.
  warnings.warn(
/home/wahyu260697/document/Erpnext/silverplast/frappe-bench/env/lib/python3.11/site-packages/rq/connections.py:58: DeprecationWarning: The `push_connection` function is deprecated. Pass the `connection` explicitly instead.
  warnings.warn(
/home/wahyu260697/document/Erpnext/silverplast/frappe-bench/env/lib/python3.11/site-packages/passlib/utils/__init__.py:854: DeprecationWarning: 'crypt' is deprecated and slated for removal in Python 3.13
  from crypt import crypt as _crypt
/home/wahyu260697/document/Erpnext/silverplast/frappe-bench/env/lib/python3.11/site-packages/rq/connections.py:72: DeprecationWarning: The `pop_connection` function is deprecated. Pass the `connection` explicitly instead.
  warnings.warn(
/home/wahyu260697/document/Erpnext/silverplast/frappe-bench/env/lib/python3.11/site-packages/rq/connections.py:58: DeprecationWarning: The `push_connection` function is deprecated. Pass the `connection` explicitly instead.
  warnings.warn(
/home/wahyu260697/document/Erpnext/silverplast/frappe-bench/env/lib/python3.11/site-packages/passlib/utils/__init__.py:854: DeprecationWarning: 'crypt' is deprecated and slated for removal in Python 3.13
  from crypt import crypt as _crypt
/home/wahyu260697/document/Erpnext/silverplast/frappe-bench/env/lib/python3.11/site-packages/rq/connections.py:72: DeprecationWarning: The `pop_connection` function is deprecated. Pass the `connection` explicitly instead.
  warnings.warn(
/home/wahyu260697/document/Erpnext/silverplast/frappe-bench/env/lib/python3.11/site-packages/rq/connections.py:58: DeprecationWarning: The `push_connection` function is deprecated. Pass the `connection` explicitly instead.
  warnings.warn(
/home/wahyu260697/document/Erpnext/silverplast/frappe-bench/env/lib/python3.11/site-packages/passlib/utils/__init__.py:854: DeprecationWarning: 'crypt' is deprecated and slated for removal in Python 3.13
  from crypt import crypt as _crypt
/home/wahyu260697/document/Erpnext/silverplast/frappe-bench/env/lib/python3.11/site-packages/rq/connections.py:72: DeprecationWarning: The `pop_connection` function is deprecated. Pass the `connection` explicitly instead.
  warnings.warn(
/home/wahyu260697/document/Erpnext/silverplast/frappe-bench/env/lib/python3.11/site-packages/rq/connections.py:58: DeprecationWarning: The `push_connection` function is deprecated. Pass the `connection` explicitly instead.
  warnings.warn(
/home/wahyu260697/document/Erpnext/silverplast/frappe-bench/env/lib/python3.11/site-packages/passlib/utils/__init__.py:854: DeprecationWarning: 'crypt' is deprecated and slated for removal in Python 3.13
  from crypt import crypt as _crypt
/home/wahyu260697/document/Erpnext/silverplast/frappe-bench/env/lib/python3.11/site-packages/rq/connections.py:72: DeprecationWarning: The `pop_connection` function is deprecated. Pass the `connection` explicitly instead.
  warnings.warn(
/home/wahyu260697/document/Erpnext/silverplast/frappe-bench/env/lib/python3.11/site-packages/rq/connections.py:58: DeprecationWarning: The `push_connection` function is deprecated. Pass the `connection` explicitly instead.
  warnings.warn(
/home/wahyu260697/document/Erpnext/silverplast/frappe-bench/env/lib/python3.11/site-packages/passlib/utils/__init__.py:854: DeprecationWarning: 'crypt' is deprecated and slated for removal in Python 3.13
  from crypt import crypt as _crypt
/home/wahyu260697/document/Erpnext/silverplast/frappe-bench/env/lib/python3.11/site-packages/rq/connections.py:72: DeprecationWarning: The `pop_connection` function is deprecated. Pass the `connection` explicitly instead.
  warnings.warn(
/home/wahyu260697/document/Erpnext/silverplast/frappe-bench/env/lib/python3.11/site-packages/rq/connections.py:58: DeprecationWarning: The `push_connection` function is deprecated. Pass the `connection` explicitly instead.
  warnings.warn(
/home/wahyu260697/document/Erpnext/silverplast/frappe-bench/env/lib/python3.11/site-packages/passlib/utils/__init__.py:854: DeprecationWarning: 'crypt' is deprecated and slated for removal in Python 3.13
  from crypt import crypt as _crypt
/home/wahyu260697/document/Erpnext/silverplast/frappe-bench/env/lib/python3.11/site-packages/rq/connections.py:72: DeprecationWarning: The `pop_connection` function is deprecated. Pass the `connection` explicitly instead.
  warnings.warn(
/home/wahyu260697/document/Erpnext/silverplast/frappe-bench/env/lib/python3.11/site-packages/rq/connections.py:58: DeprecationWarning: The `push_connection` function is deprecated. Pass the `connection` explicitly instead.
  warnings.warn(
/home/wahyu260697/document/Erpnext/silverplast/frappe-bench/env/lib/python3.11/site-packages/passlib/utils/__init__.py:854: DeprecationWarning: 'crypt' is deprecated and slated for removal in Python 3.13
  from crypt import crypt as _crypt
/home/wahyu260697/document/Erpnext/silverplast/frappe-bench/env/lib/python3.11/site-packages/rq/connections.py:72: DeprecationWarning: The `pop_connection` function is deprecated. Pass the `connection` explicitly instead.
  warnings.warn(
/home/wahyu260697/document/Erpnext/silverplast/frappe-bench/env/lib/python3.11/site-packages/rq/connections.py:58: DeprecationWarning: The `push_connection` function is deprecated. Pass the `connection` explicitly instead.
  warnings.warn(
/home/wahyu260697/document/Erpnext/silverplast/frappe-bench/env/lib/python3.11/site-packages/passlib/utils/__init__.py:854: DeprecationWarning: 'crypt' is deprecated and slated for removal in Python 3.13
  from crypt import crypt as _crypt
/home/wahyu260697/document/Erpnext/silverplast/frappe-bench/env/lib/python3.11/site-packages/rq/connections.py:72: DeprecationWarning: The `pop_connection` function is deprecated. Pass the `connection` explicitly instead.
  warnings.warn(
/home/wahyu260697/document/Erpnext/silverplast/frappe-bench/env/lib/python3.11/site-packages/rq/connections.py:58: DeprecationWarning: The `push_connection` function is deprecated. Pass the `connection` explicitly instead.
  warnings.warn(
/home/wahyu260697/document/Erpnext/silverplast/frappe-bench/env/lib/python3.11/site-packages/passlib/utils/__init__.py:854: DeprecationWarning: 'crypt' is deprecated and slated for removal in Python 3.13
  from crypt import crypt as _crypt
/home/wahyu260697/document/Erpnext/silverplast/frappe-bench/env/lib/python3.11/site-packages/rq/connections.py:72: DeprecationWarning: The `pop_connection` function is deprecated. Pass the `connection` explicitly instead.
  warnings.warn(
/home/wahyu260697/document/Erpnext/silverplast/frappe-bench/env/lib/python3.11/site-packages/rq/connections.py:58: DeprecationWarning: The `push_connection` function is deprecated. Pass the `connection` explicitly instead.
  warnings.warn(
/home/wahyu260697/document/Erpnext/silverplast/frappe-bench/env/lib/python3.11/site-packages/passlib/utils/__init__.py:854: DeprecationWarning: 'crypt' is deprecated and slated for removal in Python 3.13
  from crypt import crypt as _crypt
/home/wahyu260697/document/Erpnext/silverplast/frappe-bench/env/lib/python3.11/site-packages/rq/connections.py:72: DeprecationWarning: The `pop_connection` function is deprecated. Pass the `connection` explicitly instead.
  warnings.warn(
/home/wahyu260697/document/Erpnext/silverplast/frappe-bench/env/lib/python3.11/site-packages/rq/connections.py:58: DeprecationWarning: The `push_connection` function is deprecated. Pass the `connection` explicitly instead.
  warnings.warn(
/home/wahyu260697/document/Erpnext/silverplast/frappe-bench/env/lib/python3.11/site-packages/passlib/utils/__init__.py:854: DeprecationWarning: 'crypt' is deprecated and slated for removal in Python 3.13
  from crypt import crypt as _crypt
/home/wahyu260697/document/Erpnext/silverplast/frappe-bench/env/lib/python3.11/site-packages/rq/connections.py:72: DeprecationWarning: The `pop_connection` function is deprecated. Pass the `connection` explicitly instead.
  warnings.warn(
/home/wahyu260697/document/Erpnext/silverplast/frappe-bench/env/lib/python3.11/site-packages/rq/connections.py:58: DeprecationWarning: The `push_connection` function is deprecated. Pass the `connection` explicitly instead.
  warnings.warn(
/home/wahyu260697/document/Erpnext/silverplast/frappe-bench/env/lib/python3.11/site-packages/passlib/utils/__init__.py:854: DeprecationWarning: 'crypt' is deprecated and slated for removal in Python 3.13
  from crypt import crypt as _crypt
/home/wahyu260697/document/Erpnext/silverplast/frappe-bench/env/lib/python3.11/site-packages/rq/connections.py:72: DeprecationWarning: The `pop_connection` function is deprecated. Pass the `connection` explicitly instead.
  warnings.warn(
/home/wahyu260697/document/Erpnext/silverplast/frappe-bench/env/lib/python3.11/site-packages/rq/connections.py:58: DeprecationWarning: The `push_connection` function is deprecated. Pass the `connection` explicitly instead.
  warnings.warn(
/home/wahyu260697/document/Erpnext/silverplast/frappe-bench/env/lib/python3.11/site-packages/passlib/utils/__init__.py:854: DeprecationWarning: 'crypt' is deprecated and slated for removal in Python 3.13
  from crypt import crypt as _crypt
/home/wahyu260697/document/Erpnext/silverplast/frappe-bench/env/lib/python3.11/site-packages/rq/connections.py:72: DeprecationWarning: The `pop_connection` function is deprecated. Pass the `connection` explicitly instead.
  warnings.warn(
/home/wahyu260697/document/Erpnext/silverplast/frappe-bench/env/lib/python3.11/site-packages/rq/connections.py:58: DeprecationWarning: The `push_connection` function is deprecated. Pass the `connection` explicitly instead.
  warnings.warn(
/home/wahyu260697/document/Erpnext/silverplast/frappe-bench/env/lib/python3.11/site-packages/passlib/utils/__init__.py:854: DeprecationWarning: 'crypt' is deprecated and slated for removal in Python 3.13
  from crypt import crypt as _crypt
/home/wahyu260697/document/Erpnext/silverplast/frappe-bench/env/lib/python3.11/site-packages/rq/connections.py:72: DeprecationWarning: The `pop_connection` function is deprecated. Pass the `connection` explicitly instead.
  warnings.warn(
/home/wahyu260697/document/Erpnext/silverplast/frappe-bench/env/lib/python3.11/site-packages/rq/connections.py:58: DeprecationWarning: The `push_connection` function is deprecated. Pass the `connection` explicitly instead.
  warnings.warn(
/home/wahyu260697/document/Erpnext/silverplast/frappe-bench/env/lib/python3.11/site-packages/passlib/utils/__init__.py:854: DeprecationWarning: 'crypt' is deprecated and slated for removal in Python 3.13
  from crypt import crypt as _crypt
/home/wahyu260697/document/Erpnext/silverplast/frappe-bench/env/lib/python3.11/site-packages/rq/connections.py:72: DeprecationWarning: The `pop_connection` function is deprecated. Pass the `connection` explicitly instead.
  warnings.warn(
/home/wahyu260697/document/Erpnext/silverplast/frappe-bench/env/lib/python3.11/site-packages/rq/connections.py:58: DeprecationWarning: The `push_connection` function is deprecated. Pass the `connection` explicitly instead.
  warnings.warn(
/home/wahyu260697/document/Erpnext/silverplast/frappe-bench/env/lib/python3.11/site-packages/passlib/utils/__init__.py:854: DeprecationWarning: 'crypt' is deprecated and slated for removal in Python 3.13
  from crypt import crypt as _crypt
/home/wahyu260697/document/Erpnext/silverplast/frappe-bench/env/lib/python3.11/site-packages/rq/connections.py:72: DeprecationWarning: The `pop_connection` function is deprecated. Pass the `connection` explicitly instead.
  warnings.warn(
/home/wahyu260697/document/Erpnext/silverplast/frappe-bench/env/lib/python3.11/site-packages/rq/connections.py:58: DeprecationWarning: The `push_connection` function is deprecated. Pass the `connection` explicitly instead.
  warnings.warn(
/home/wahyu260697/document/Erpnext/silverplast/frappe-bench/env/lib/python3.11/site-packages/passlib/utils/__init__.py:854: DeprecationWarning: 'crypt' is deprecated and slated for removal in Python 3.13
  from crypt import crypt as _crypt
/home/wahyu260697/document/Erpnext/silverplast/frappe-bench/env/lib/python3.11/site-packages/rq/connections.py:72: DeprecationWarning: The `pop_connection` function is deprecated. Pass the `connection` explicitly instead.
  warnings.warn(
/home/wahyu260697/document/Erpnext/silverplast/frappe-bench/env/lib/python3.11/site-packages/rq/connections.py:58: DeprecationWarning: The `push_connection` function is deprecated. Pass the `connection` explicitly instead.
  warnings.warn(
/home/wahyu260697/document/Erpnext/silverplast/frappe-bench/env/lib/python3.11/site-packages/passlib/utils/__init__.py:854: DeprecationWarning: 'crypt' is deprecated and slated for removal in Python 3.13
  from crypt import crypt as _crypt
/home/wahyu260697/document/Erpnext/silverplast/frappe-bench/env/lib/python3.11/site-packages/rq/connections.py:72: DeprecationWarning: The `pop_connection` function is deprecated. Pass the `connection` explicitly instead.
  warnings.warn(
/home/wahyu260697/document/Erpnext/silverplast/frappe-bench/env/lib/python3.11/site-packages/rq/connections.py:58: DeprecationWarning: The `push_connection` function is deprecated. Pass the `connection` explicitly instead.
  warnings.warn(
/home/wahyu260697/document/Erpnext/silverplast/frappe-bench/env/lib/python3.11/site-packages/passlib/utils/__init__.py:854: DeprecationWarning: 'crypt' is deprecated and slated for removal in Python 3.13
  from crypt import crypt as _crypt
/home/wahyu260697/document/Erpnext/silverplast/frappe-bench/env/lib/python3.11/site-packages/rq/connections.py:72: DeprecationWarning: The `pop_connection` function is deprecated. Pass the `connection` explicitly instead.
  warnings.warn(
/home/wahyu260697/document/Erpnext/silverplast/frappe-bench/env/lib/python3.11/site-packages/rq/connections.py:58: DeprecationWarning: The `push_connection` function is deprecated. Pass the `connection` explicitly instead.
  warnings.warn(
/home/wahyu260697/document/Erpnext/silverplast/frappe-bench/env/lib/python3.11/site-packages/passlib/utils/__init__.py:854: DeprecationWarning: 'crypt' is deprecated and slated for removal in Python 3.13
  from crypt import crypt as _crypt
/home/wahyu260697/document/Erpnext/silverplast/frappe-bench/env/lib/python3.11/site-packages/rq/connections.py:72: DeprecationWarning: The `pop_connection` function is deprecated. Pass the `connection` explicitly instead.
  warnings.warn(
/home/wahyu260697/document/Erpnext/silverplast/frappe-bench/env/lib/python3.11/site-packages/rq/connections.py:58: DeprecationWarning: The `push_connection` function is deprecated. Pass the `connection` explicitly instead.
  warnings.warn(
/home/wahyu260697/document/Erpnext/silverplast/frappe-bench/env/lib/python3.11/site-packages/passlib/utils/__init__.py:854: DeprecationWarning: 'crypt' is deprecated and slated for removal in Python 3.13
  from crypt import crypt as _crypt
/home/wahyu260697/document/Erpnext/silverplast/frappe-bench/env/lib/python3.11/site-packages/rq/connections.py:72: DeprecationWarning: The `pop_connection` function is deprecated. Pass the `connection` explicitly instead.
  warnings.warn(
/home/wahyu260697/document/Erpnext/silverplast/frappe-bench/env/lib/python3.11/site-packages/rq/connections.py:58: DeprecationWarning: The `push_connection` function is deprecated. Pass the `connection` explicitly instead.
  warnings.warn(
/home/wahyu260697/document/Erpnext/silverplast/frappe-bench/env/lib/python3.11/site-packages/passlib/utils/__init__.py:854: DeprecationWarning: 'crypt' is deprecated and slated for removal in Python 3.13
  from crypt import crypt as _crypt
/home/wahyu260697/document/Erpnext/silverplast/frappe-bench/env/lib/python3.11/site-packages/rq/connections.py:72: DeprecationWarning: The `pop_connection` function is deprecated. Pass the `connection` explicitly instead.
  warnings.warn(
/home/wahyu260697/document/Erpnext/silverplast/frappe-bench/env/lib/python3.11/site-packages/rq/connections.py:58: DeprecationWarning: The `push_connection` function is deprecated. Pass the `connection` explicitly instead.
  warnings.warn(
/home/wahyu260697/document/Erpnext/silverplast/frappe-bench/env/lib/python3.11/site-packages/passlib/utils/__init__.py:854: DeprecationWarning: 'crypt' is deprecated and slated for removal in Python 3.13
  from crypt import crypt as _crypt
/home/wahyu260697/document/Erpnext/silverplast/frappe-bench/env/lib/python3.11/site-packages/rq/connections.py:72: DeprecationWarning: The `pop_connection` function is deprecated. Pass the `connection` explicitly instead.
  warnings.warn(
/home/wahyu260697/document/Erpnext/silverplast/frappe-bench/env/lib/python3.11/site-packages/rq/connections.py:58: DeprecationWarning: The `push_connection` function is deprecated. Pass the `connection` explicitly instead.
  warnings.warn(
/home/wahyu260697/document/Erpnext/silverplast/frappe-bench/env/lib/python3.11/site-packages/passlib/utils/__init__.py:854: DeprecationWarning: 'crypt' is deprecated and slated for removal in Python 3.13
  from crypt import crypt as _crypt
/home/wahyu260697/document/Erpnext/silverplast/frappe-bench/env/lib/python3.11/site-packages/rq/connections.py:72: DeprecationWarning: The `pop_connection` function is deprecated. Pass the `connection` explicitly instead.
  warnings.warn(
/home/wahyu260697/document/Erpnext/silverplast/frappe-bench/env/lib/python3.11/site-packages/rq/connections.py:58: DeprecationWarning: The `push_connection` function is deprecated. Pass the `connection` explicitly instead.
  warnings.warn(
/home/wahyu260697/document/Erpnext/silverplast/frappe-bench/env/lib/python3.11/site-packages/passlib/utils/__init__.py:854: DeprecationWarning: 'crypt' is deprecated and slated for removal in Python 3.13
  from crypt import crypt as _crypt
/home/wahyu260697/document/Erpnext/silverplast/frappe-bench/env/lib/python3.11/site-packages/rq/connections.py:72: DeprecationWarning: The `pop_connection` function is deprecated. Pass the `connection` explicitly instead.
  warnings.warn(
/home/wahyu260697/document/Erpnext/silverplast/frappe-bench/env/lib/python3.11/site-packages/rq/connections.py:58: DeprecationWarning: The `push_connection` function is deprecated. Pass the `connection` explicitly instead.
  warnings.warn(
/home/wahyu260697/document/Erpnext/silverplast/frappe-bench/env/lib/python3.11/site-packages/passlib/utils/__init__.py:854: DeprecationWarning: 'crypt' is deprecated and slated for removal in Python 3.13
  from crypt import crypt as _crypt
/home/wahyu260697/document/Erpnext/silverplast/frappe-bench/env/lib/python3.11/site-packages/rq/connections.py:72: DeprecationWarning: The `pop_connection` function is deprecated. Pass the `connection` explicitly instead.
  warnings.warn(
/home/wahyu260697/document/Erpnext/silverplast/frappe-bench/env/lib/python3.11/site-packages/rq/connections.py:58: DeprecationWarning: The `push_connection` function is deprecated. Pass the `connection` explicitly instead.
  warnings.warn(
/home/wahyu260697/document/Erpnext/silverplast/frappe-bench/env/lib/python3.11/site-packages/passlib/utils/__init__.py:854: DeprecationWarning: 'crypt' is deprecated and slated for removal in Python 3.13
  from crypt import crypt as _crypt
/home/wahyu260697/document/Erpnext/silverplast/frappe-bench/env/lib/python3.11/site-packages/rq/connections.py:72: DeprecationWarning: The `pop_connection` function is deprecated. Pass the `connection` explicitly instead.
  warnings.warn(
/home/wahyu260697/document/Erpnext/silverplast/frappe-bench/env/lib/python3.11/site-packages/rq/connections.py:58: DeprecationWarning: The `push_connection` function is deprecated. Pass the `connection` explicitly instead.
  warnings.warn(
/home/wahyu260697/document/Erpnext/silverplast/frappe-bench/env/lib/python3.11/site-packages/passlib/utils/__init__.py:854: DeprecationWarning: 'crypt' is deprecated and slated for removal in Python 3.13
  from crypt import crypt as _crypt
/home/wahyu260697/document/Erpnext/silverplast/frappe-bench/env/lib/python3.11/site-packages/rq/connections.py:72: DeprecationWarning: The `pop_connection` function is deprecated. Pass the `connection` explicitly instead.
  warnings.warn(
/home/wahyu260697/document/Erpnext/silverplast/frappe-bench/env/lib/python3.11/site-packages/rq/connections.py:58: DeprecationWarning: The `push_connection` function is deprecated. Pass the `connection` explicitly instead.
  warnings.warn(
/home/wahyu260697/document/Erpnext/silverplast/frappe-bench/env/lib/python3.11/site-packages/passlib/utils/__init__.py:854: DeprecationWarning: 'crypt' is deprecated and slated for removal in Python 3.13
  from crypt import crypt as _crypt
/home/wahyu260697/document/Erpnext/silverplast/frappe-bench/env/lib/python3.11/site-packages/rq/connections.py:72: DeprecationWarning: The `pop_connection` function is deprecated. Pass the `connection` explicitly instead.
  warnings.warn(
/home/wahyu260697/document/Erpnext/silverplast/frappe-bench/env/lib/python3.11/site-packages/rq/connections.py:58: DeprecationWarning: The `push_connection` function is deprecated. Pass the `connection` explicitly instead.
  warnings.warn(
/home/wahyu260697/document/Erpnext/silverplast/frappe-bench/env/lib/python3.11/site-packages/passlib/utils/__init__.py:854: DeprecationWarning: 'crypt' is deprecated and slated for removal in Python 3.13
  from crypt import crypt as _crypt
/home/wahyu260697/document/Erpnext/silverplast/frappe-bench/env/lib/python3.11/site-packages/rq/connections.py:72: DeprecationWarning: The `pop_connection` function is deprecated. Pass the `connection` explicitly instead.
  warnings.warn(
/home/wahyu260697/document/Erpnext/silverplast/frappe-bench/env/lib/python3.11/site-packages/rq/connections.py:58: DeprecationWarning: The `push_connection` function is deprecated. Pass the `connection` explicitly instead.
  warnings.warn(
/home/wahyu260697/document/Erpnext/silverplast/frappe-bench/env/lib/python3.11/site-packages/passlib/utils/__init__.py:854: DeprecationWarning: 'crypt' is deprecated and slated for removal in Python 3.13
  from crypt import crypt as _crypt
/home/wahyu260697/document/Erpnext/silverplast/frappe-bench/env/lib/python3.11/site-packages/rq/connections.py:72: DeprecationWarning: The `pop_connection` function is deprecated. Pass the `connection` explicitly instead.
  warnings.warn(
/home/wahyu260697/document/Erpnext/silverplast/frappe-bench/env/lib/python3.11/site-packages/rq/connections.py:58: DeprecationWarning: The `push_connection` function is deprecated. Pass the `connection` explicitly instead.
  warnings.warn(
/home/wahyu260697/document/Erpnext/silverplast/frappe-bench/env/lib/python3.11/site-packages/passlib/utils/__init__.py:854: DeprecationWarning: 'crypt' is deprecated and slated for removal in Python 3.13
  from crypt import crypt as _crypt
/home/wahyu260697/document/Erpnext/silverplast/frappe-bench/env/lib/python3.11/site-packages/rq/connections.py:72: DeprecationWarning: The `pop_connection` function is deprecated. Pass the `connection` explicitly instead.
  warnings.warn(
/home/wahyu260697/document/Erpnext/silverplast/frappe-bench/env/lib/python3.11/site-packages/rq/connections.py:58: DeprecationWarning: The `push_connection` function is deprecated. Pass the `connection` explicitly instead.
  warnings.warn(
/home/wahyu260697/document/Erpnext/silverplast/frappe-bench/env/lib/python3.11/site-packages/passlib/utils/__init__.py:854: DeprecationWarning: 'crypt' is deprecated and slated for removal in Python 3.13
  from crypt import crypt as _crypt
/home/wahyu260697/document/Erpnext/silverplast/frappe-bench/env/lib/python3.11/site-packages/rq/connections.py:72: DeprecationWarning: The `pop_connection` function is deprecated. Pass the `connection` explicitly instead.
  warnings.warn(
/home/wahyu260697/document/Erpnext/silverplast/frappe-bench/env/lib/python3.11/site-packages/rq/connections.py:58: DeprecationWarning: The `push_connection` function is deprecated. Pass the `connection` explicitly instead.
  warnings.warn(
/home/wahyu260697/document/Erpnext/silverplast/frappe-bench/env/lib/python3.11/site-packages/passlib/utils/__init__.py:854: DeprecationWarning: 'crypt' is deprecated and slated for removal in Python 3.13
  from crypt import crypt as _crypt
/home/wahyu260697/document/Erpnext/silverplast/frappe-bench/env/lib/python3.11/site-packages/rq/connections.py:72: DeprecationWarning: The `pop_connection` function is deprecated. Pass the `connection` explicitly instead.
  warnings.warn(
/home/wahyu260697/document/Erpnext/silverplast/frappe-bench/env/lib/python3.11/site-packages/rq/connections.py:58: DeprecationWarning: The `push_connection` function is deprecated. Pass the `connection` explicitly instead.
  warnings.warn(
/home/wahyu260697/document/Erpnext/silverplast/frappe-bench/env/lib/python3.11/site-packages/passlib/utils/__init__.py:854: DeprecationWarning: 'crypt' is deprecated and slated for removal in Python 3.13
  from crypt import crypt as _crypt
/home/wahyu260697/document/Erpnext/silverplast/frappe-bench/env/lib/python3.11/site-packages/rq/connections.py:72: DeprecationWarning: The `pop_connection` function is deprecated. Pass the `connection` explicitly instead.
  warnings.warn(
/home/wahyu260697/document/Erpnext/silverplast/frappe-bench/env/lib/python3.11/site-packages/rq/connections.py:58: DeprecationWarning: The `push_connection` function is deprecated. Pass the `connection` explicitly instead.
  warnings.warn(
/home/wahyu260697/document/Erpnext/silverplast/frappe-bench/env/lib/python3.11/site-packages/passlib/utils/__init__.py:854: DeprecationWarning: 'crypt' is deprecated and slated for removal in Python 3.13
  from crypt import crypt as _crypt
/home/wahyu260697/document/Erpnext/silverplast/frappe-bench/env/lib/python3.11/site-packages/rq/connections.py:72: DeprecationWarning: The `pop_connection` function is deprecated. Pass the `connection` explicitly instead.
  warnings.warn(
/home/wahyu260697/document/Erpnext/silverplast/frappe-bench/env/lib/python3.11/site-packages/rq/connections.py:58: DeprecationWarning: The `push_connection` function is deprecated. Pass the `connection` explicitly instead.
  warnings.warn(
/home/wahyu260697/document/Erpnext/silverplast/frappe-bench/env/lib/python3.11/site-packages/passlib/utils/__init__.py:854: DeprecationWarning: 'crypt' is deprecated and slated for removal in Python 3.13
  from crypt import crypt as _crypt
/home/wahyu260697/document/Erpnext/silverplast/frappe-bench/env/lib/python3.11/site-packages/rq/connections.py:72: DeprecationWarning: The `pop_connection` function is deprecated. Pass the `connection` explicitly instead.
  warnings.warn(
/home/wahyu260697/document/Erpnext/silverplast/frappe-bench/env/lib/python3.11/site-packages/rq/connections.py:58: DeprecationWarning: The `push_connection` function is deprecated. Pass the `connection` explicitly instead.
  warnings.warn(
/home/wahyu260697/document/Erpnext/silverplast/frappe-bench/env/lib/python3.11/site-packages/passlib/utils/__init__.py:854: DeprecationWarning: 'crypt' is deprecated and slated for removal in Python 3.13
  from crypt import crypt as _crypt
/home/wahyu260697/document/Erpnext/silverplast/frappe-bench/env/lib/python3.11/site-packages/rq/connections.py:72: DeprecationWarning: The `pop_connection` function is deprecated. Pass the `connection` explicitly instead.
  warnings.warn(
/home/wahyu260697/document/Erpnext/silverplast/frappe-bench/env/lib/python3.11/site-packages/rq/connections.py:58: DeprecationWarning: The `push_connection` function is deprecated. Pass the `connection` explicitly instead.
  warnings.warn(
/home/wahyu260697/document/Erpnext/silverplast/frappe-bench/env/lib/python3.11/site-packages/passlib/utils/__init__.py:854: DeprecationWarning: 'crypt' is deprecated and slated for removal in Python 3.13
  from crypt import crypt as _crypt
/home/wahyu260697/document/Erpnext/silverplast/frappe-bench/env/lib/python3.11/site-packages/rq/connections.py:72: DeprecationWarning: The `pop_connection` function is deprecated. Pass the `connection` explicitly instead.
  warnings.warn(
/home/wahyu260697/document/Erpnext/silverplast/frappe-bench/env/lib/python3.11/site-packages/rq/connections.py:58: DeprecationWarning: The `push_connection` function is deprecated. Pass the `connection` explicitly instead.
  warnings.warn(
/home/wahyu260697/document/Erpnext/silverplast/frappe-bench/env/lib/python3.11/site-packages/passlib/utils/__init__.py:854: DeprecationWarning: 'crypt' is deprecated and slated for removal in Python 3.13
  from crypt import crypt as _crypt
/home/wahyu260697/document/Erpnext/silverplast/frappe-bench/env/lib/python3.11/site-packages/rq/connections.py:72: DeprecationWarning: The `pop_connection` function is deprecated. Pass the `connection` explicitly instead.
  warnings.warn(
/home/wahyu260697/document/Erpnext/silverplast/frappe-bench/env/lib/python3.11/site-packages/rq/connections.py:58: DeprecationWarning: The `push_connection` function is deprecated. Pass the `connection` explicitly instead.
  warnings.warn(
/home/wahyu260697/document/Erpnext/silverplast/frappe-bench/env/lib/python3.11/site-packages/passlib/utils/__init__.py:854: DeprecationWarning: 'crypt' is deprecated and slated for removal in Python 3.13
  from crypt import crypt as _crypt
/home/wahyu260697/document/Erpnext/silverplast/frappe-bench/env/lib/python3.11/site-packages/rq/connections.py:72: DeprecationWarning: The `pop_connection` function is deprecated. Pass the `connection` explicitly instead.
  warnings.warn(
/home/wahyu260697/document/Erpnext/silverplast/frappe-bench/env/lib/python3.11/site-packages/rq/connections.py:58: DeprecationWarning: The `push_connection` function is deprecated. Pass the `connection` explicitly instead.
  warnings.warn(
/home/wahyu260697/document/Erpnext/silverplast/frappe-bench/env/lib/python3.11/site-packages/passlib/utils/__init__.py:854: DeprecationWarning: 'crypt' is deprecated and slated for removal in Python 3.13
  from crypt import crypt as _crypt
/home/wahyu260697/document/Erpnext/silverplast/frappe-bench/env/lib/python3.11/site-packages/rq/connections.py:72: DeprecationWarning: The `pop_connection` function is deprecated. Pass the `connection` explicitly instead.
  warnings.warn(
/home/wahyu260697/document/Erpnext/silverplast/frappe-bench/env/lib/python3.11/site-packages/rq/connections.py:58: DeprecationWarning: The `push_connection` function is deprecated. Pass the `connection` explicitly instead.
  warnings.warn(
/home/wahyu260697/document/Erpnext/silverplast/frappe-bench/env/lib/python3.11/site-packages/passlib/utils/__init__.py:854: DeprecationWarning: 'crypt' is deprecated and slated for removal in Python 3.13
  from crypt import crypt as _crypt
/home/wahyu260697/document/Erpnext/silverplast/frappe-bench/env/lib/python3.11/site-packages/rq/connections.py:72: DeprecationWarning: The `pop_connection` function is deprecated. Pass the `connection` explicitly instead.
  warnings.warn(
/home/wahyu260697/document/Erpnext/silverplast/frappe-bench/env/lib/python3.11/site-packages/rq/connections.py:58: DeprecationWarning: The `push_connection` function is deprecated. Pass the `connection` explicitly instead.
  warnings.warn(
/home/wahyu260697/document/Erpnext/silverplast/frappe-bench/env/lib/python3.11/site-packages/passlib/utils/__init__.py:854: DeprecationWarning: 'crypt' is deprecated and slated for removal in Python 3.13
  from crypt import crypt as _crypt
/home/wahyu260697/document/Erpnext/silverplast/frappe-bench/env/lib/python3.11/site-packages/rq/connections.py:72: DeprecationWarning: The `pop_connection` function is deprecated. Pass the `connection` explicitly instead.
  warnings.warn(
/home/wahyu260697/document/Erpnext/silverplast/frappe-bench/env/lib/python3.11/site-packages/rq/connections.py:58: DeprecationWarning: The `push_connection` function is deprecated. Pass the `connection` explicitly instead.
  warnings.warn(
/home/wahyu260697/document/Erpnext/silverplast/frappe-bench/env/lib/python3.11/site-packages/passlib/utils/__init__.py:854: DeprecationWarning: 'crypt' is deprecated and slated for removal in Python 3.13
  from crypt import crypt as _crypt
/home/wahyu260697/document/Erpnext/silverplast/frappe-bench/env/lib/python3.11/site-packages/rq/connections.py:72: DeprecationWarning: The `pop_connection` function is deprecated. Pass the `connection` explicitly instead.
  warnings.warn(
/home/wahyu260697/document/Erpnext/silverplast/frappe-bench/env/lib/python3.11/site-packages/rq/connections.py:58: DeprecationWarning: The `push_connection` function is deprecated. Pass the `connection` explicitly instead.
  warnings.warn(
/home/wahyu260697/document/Erpnext/silverplast/frappe-bench/env/lib/python3.11/site-packages/passlib/utils/__init__.py:854: DeprecationWarning: 'crypt' is deprecated and slated for removal in Python 3.13
  from crypt import crypt as _crypt
/home/wahyu260697/document/Erpnext/silverplast/frappe-bench/env/lib/python3.11/site-packages/rq/connections.py:72: DeprecationWarning: The `pop_connection` function is deprecated. Pass the `connection` explicitly instead.
  warnings.warn(
/home/wahyu260697/document/Erpnext/silverplast/frappe-bench/env/lib/python3.11/site-packages/rq/connections.py:58: DeprecationWarning: The `push_connection` function is deprecated. Pass the `connection` explicitly instead.
  warnings.warn(
/home/wahyu260697/document/Erpnext/silverplast/frappe-bench/env/lib/python3.11/site-packages/passlib/utils/__init__.py:854: DeprecationWarning: 'crypt' is deprecated and slated for removal in Python 3.13
  from crypt import crypt as _crypt
/home/wahyu260697/document/Erpnext/silverplast/frappe-bench/env/lib/python3.11/site-packages/rq/connections.py:72: DeprecationWarning: The `pop_connection` function is deprecated. Pass the `connection` explicitly instead.
  warnings.warn(
/home/wahyu260697/document/Erpnext/silverplast/frappe-bench/env/lib/python3.11/site-packages/rq/connections.py:58: DeprecationWarning: The `push_connection` function is deprecated. Pass the `connection` explicitly instead.
  warnings.warn(
/home/wahyu260697/document/Erpnext/silverplast/frappe-bench/env/lib/python3.11/site-packages/passlib/utils/__init__.py:854: DeprecationWarning: 'crypt' is deprecated and slated for removal in Python 3.13
  from crypt import crypt as _crypt
/home/wahyu260697/document/Erpnext/silverplast/frappe-bench/env/lib/python3.11/site-packages/rq/connections.py:72: DeprecationWarning: The `pop_connection` function is deprecated. Pass the `connection` explicitly instead.
  warnings.warn(
/home/wahyu260697/document/Erpnext/silverplast/frappe-bench/env/lib/python3.11/site-packages/rq/connections.py:58: DeprecationWarning: The `push_connection` function is deprecated. Pass the `connection` explicitly instead.
  warnings.warn(
/home/wahyu260697/document/Erpnext/silverplast/frappe-bench/env/lib/python3.11/site-packages/passlib/utils/__init__.py:854: DeprecationWarning: 'crypt' is deprecated and slated for removal in Python 3.13
  from crypt import crypt as _crypt
/home/wahyu260697/document/Erpnext/silverplast/frappe-bench/env/lib/python3.11/site-packages/rq/connections.py:72: DeprecationWarning: The `pop_connection` function is deprecated. Pass the `connection` explicitly instead.
  warnings.warn(
/home/wahyu260697/document/Erpnext/silverplast/frappe-bench/env/lib/python3.11/site-packages/rq/connections.py:58: DeprecationWarning: The `push_connection` function is deprecated. Pass the `connection` explicitly instead.
  warnings.warn(
/home/wahyu260697/document/Erpnext/silverplast/frappe-bench/env/lib/python3.11/site-packages/passlib/utils/__init__.py:854: DeprecationWarning: 'crypt' is deprecated and slated for removal in Python 3.13
  from crypt import crypt as _crypt
/home/wahyu260697/document/Erpnext/silverplast/frappe-bench/env/lib/python3.11/site-packages/rq/connections.py:72: DeprecationWarning: The `pop_connection` function is deprecated. Pass the `connection` explicitly instead.
  warnings.warn(
/home/wahyu260697/document/Erpnext/silverplast/frappe-bench/env/lib/python3.11/site-packages/rq/connections.py:58: DeprecationWarning: The `push_connection` function is deprecated. Pass the `connection` explicitly instead.
  warnings.warn(
/home/wahyu260697/document/Erpnext/silverplast/frappe-bench/env/lib/python3.11/site-packages/passlib/utils/__init__.py:854: DeprecationWarning: 'crypt' is deprecated and slated for removal in Python 3.13
  from crypt import crypt as _crypt
/home/wahyu260697/document/Erpnext/silverplast/frappe-bench/env/lib/python3.11/site-packages/rq/connections.py:72: DeprecationWarning: The `pop_connection` function is deprecated. Pass the `connection` explicitly instead.
  warnings.warn(
/home/wahyu260697/document/Erpnext/silverplast/frappe-bench/env/lib/python3.11/site-packages/rq/connections.py:58: DeprecationWarning: The `push_connection` function is deprecated. Pass the `connection` explicitly instead.
  warnings.warn(
/home/wahyu260697/document/Erpnext/silverplast/frappe-bench/env/lib/python3.11/site-packages/passlib/utils/__init__.py:854: DeprecationWarning: 'crypt' is deprecated and slated for removal in Python 3.13
  from crypt import crypt as _crypt
/home/wahyu260697/document/Erpnext/silverplast/frappe-bench/env/lib/python3.11/site-packages/rq/connections.py:72: DeprecationWarning: The `pop_connection` function is deprecated. Pass the `connection` explicitly instead.
  warnings.warn(
/home/wahyu260697/document/Erpnext/silverplast/frappe-bench/env/lib/python3.11/site-packages/rq/connections.py:58: DeprecationWarning: The `push_connection` function is deprecated. Pass the `connection` explicitly instead.
  warnings.warn(
/home/wahyu260697/document/Erpnext/silverplast/frappe-bench/env/lib/python3.11/site-packages/passlib/utils/__init__.py:854: DeprecationWarning: 'crypt' is deprecated and slated for removal in Python 3.13
  from crypt import crypt as _crypt
/home/wahyu260697/document/Erpnext/silverplast/frappe-bench/env/lib/python3.11/site-packages/rq/connections.py:72: DeprecationWarning: The `pop_connection` function is deprecated. Pass the `connection` explicitly instead.
  warnings.warn(
/home/wahyu260697/document/Erpnext/silverplast/frappe-bench/env/lib/python3.11/site-packages/rq/connections.py:58: DeprecationWarning: The `push_connection` function is deprecated. Pass the `connection` explicitly instead.
  warnings.warn(
/home/wahyu260697/document/Erpnext/silverplast/frappe-bench/env/lib/python3.11/site-packages/passlib/utils/__init__.py:854: DeprecationWarning: 'crypt' is deprecated and slated for removal in Python 3.13
  from crypt import crypt as _crypt
/home/wahyu260697/document/Erpnext/silverplast/frappe-bench/env/lib/python3.11/site-packages/rq/connections.py:72: DeprecationWarning: The `pop_connection` function is deprecated. Pass the `connection` explicitly instead.
  warnings.warn(
/home/wahyu260697/document/Erpnext/silverplast/frappe-bench/env/lib/python3.11/site-packages/rq/connections.py:58: DeprecationWarning: The `push_connection` function is deprecated. Pass the `connection` explicitly instead.
  warnings.warn(
/home/wahyu260697/document/Erpnext/silverplast/frappe-bench/env/lib/python3.11/site-packages/passlib/utils/__init__.py:854: DeprecationWarning: 'crypt' is deprecated and slated for removal in Python 3.13
  from crypt import crypt as _crypt
/home/wahyu260697/document/Erpnext/silverplast/frappe-bench/env/lib/python3.11/site-packages/rq/connections.py:72: DeprecationWarning: The `pop_connection` function is deprecated. Pass the `connection` explicitly instead.
  warnings.warn(
/home/wahyu260697/document/Erpnext/silverplast/frappe-bench/env/lib/python3.11/site-packages/rq/connections.py:58: DeprecationWarning: The `push_connection` function is deprecated. Pass the `connection` explicitly instead.
  warnings.warn(
/home/wahyu260697/document/Erpnext/silverplast/frappe-bench/env/lib/python3.11/site-packages/passlib/utils/__init__.py:854: DeprecationWarning: 'crypt' is deprecated and slated for removal in Python 3.13
  from crypt import crypt as _crypt
/home/wahyu260697/document/Erpnext/silverplast/frappe-bench/env/lib/python3.11/site-packages/rq/connections.py:72: DeprecationWarning: The `pop_connection` function is deprecated. Pass the `connection` explicitly instead.
  warnings.warn(
/home/wahyu260697/document/Erpnext/silverplast/frappe-bench/env/lib/python3.11/site-packages/rq/connections.py:58: DeprecationWarning: The `push_connection` function is deprecated. Pass the `connection` explicitly instead.
  warnings.warn(
/home/wahyu260697/document/Erpnext/silverplast/frappe-bench/env/lib/python3.11/site-packages/passlib/utils/__init__.py:854: DeprecationWarning: 'crypt' is deprecated and slated for removal in Python 3.13
  from crypt import crypt as _crypt
/home/wahyu260697/document/Erpnext/silverplast/frappe-bench/env/lib/python3.11/site-packages/rq/connections.py:72: DeprecationWarning: The `pop_connection` function is deprecated. Pass the `connection` explicitly instead.
  warnings.warn(
/home/wahyu260697/document/Erpnext/silverplast/frappe-bench/env/lib/python3.11/site-packages/rq/connections.py:58: DeprecationWarning: The `push_connection` function is deprecated. Pass the `connection` explicitly instead.
  warnings.warn(
/home/wahyu260697/document/Erpnext/silverplast/frappe-bench/env/lib/python3.11/site-packages/passlib/utils/__init__.py:854: DeprecationWarning: 'crypt' is deprecated and slated for removal in Python 3.13
  from crypt import crypt as _crypt
/home/wahyu260697/document/Erpnext/silverplast/frappe-bench/env/lib/python3.11/site-packages/rq/connections.py:72: DeprecationWarning: The `pop_connection` function is deprecated. Pass the `connection` explicitly instead.
  warnings.warn(
/home/wahyu260697/document/Erpnext/silverplast/frappe-bench/env/lib/python3.11/site-packages/rq/connections.py:58: DeprecationWarning: The `push_connection` function is deprecated. Pass the `connection` explicitly instead.
  warnings.warn(
/home/wahyu260697/document/Erpnext/silverplast/frappe-bench/env/lib/python3.11/site-packages/passlib/utils/__init__.py:854: DeprecationWarning: 'crypt' is deprecated and slated for removal in Python 3.13
  from crypt import crypt as _crypt
/home/wahyu260697/document/Erpnext/silverplast/frappe-bench/env/lib/python3.11/site-packages/rq/connections.py:72: DeprecationWarning: The `pop_connection` function is deprecated. Pass the `connection` explicitly instead.
  warnings.warn(
/home/wahyu260697/document/Erpnext/silverplast/frappe-bench/env/lib/python3.11/site-packages/rq/connections.py:58: DeprecationWarning: The `push_connection` function is deprecated. Pass the `connection` explicitly instead.
  warnings.warn(
/home/wahyu260697/document/Erpnext/silverplast/frappe-bench/env/lib/python3.11/site-packages/passlib/utils/__init__.py:854: DeprecationWarning: 'crypt' is deprecated and slated for removal in Python 3.13
  from crypt import crypt as _crypt
/home/wahyu260697/document/Erpnext/silverplast/frappe-bench/env/lib/python3.11/site-packages/rq/connections.py:72: DeprecationWarning: The `pop_connection` function is deprecated. Pass the `connection` explicitly instead.
  warnings.warn(
/home/wahyu260697/document/Erpnext/silverplast/frappe-bench/env/lib/python3.11/site-packages/rq/connections.py:58: DeprecationWarning: The `push_connection` function is deprecated. Pass the `connection` explicitly instead.
  warnings.warn(
/home/wahyu260697/document/Erpnext/silverplast/frappe-bench/env/lib/python3.11/site-packages/passlib/utils/__init__.py:854: DeprecationWarning: 'crypt' is deprecated and slated for removal in Python 3.13
  from crypt import crypt as _crypt
/home/wahyu260697/document/Erpnext/silverplast/frappe-bench/env/lib/python3.11/site-packages/rq/connections.py:72: DeprecationWarning: The `pop_connection` function is deprecated. Pass the `connection` explicitly instead.
  warnings.warn(
/home/wahyu260697/document/Erpnext/silverplast/frappe-bench/env/lib/python3.11/site-packages/rq/connections.py:58: DeprecationWarning: The `push_connection` function is deprecated. Pass the `connection` explicitly instead.
  warnings.warn(
/home/wahyu260697/document/Erpnext/silverplast/frappe-bench/env/lib/python3.11/site-packages/passlib/utils/__init__.py:854: DeprecationWarning: 'crypt' is deprecated and slated for removal in Python 3.13
  from crypt import crypt as _crypt
/home/wahyu260697/document/Erpnext/silverplast/frappe-bench/env/lib/python3.11/site-packages/rq/connections.py:72: DeprecationWarning: The `pop_connection` function is deprecated. Pass the `connection` explicitly instead.
  warnings.warn(
/home/wahyu260697/document/Erpnext/silverplast/frappe-bench/env/lib/python3.11/site-packages/rq/connections.py:58: DeprecationWarning: The `push_connection` function is deprecated. Pass the `connection` explicitly instead.
  warnings.warn(
/home/wahyu260697/document/Erpnext/silverplast/frappe-bench/env/lib/python3.11/site-packages/passlib/utils/__init__.py:854: DeprecationWarning: 'crypt' is deprecated and slated for removal in Python 3.13
  from crypt import crypt as _crypt
/home/wahyu260697/document/Erpnext/silverplast/frappe-bench/env/lib/python3.11/site-packages/rq/connections.py:72: DeprecationWarning: The `pop_connection` function is deprecated. Pass the `connection` explicitly instead.
  warnings.warn(
/home/wahyu260697/document/Erpnext/silverplast/frappe-bench/env/lib/python3.11/site-packages/rq/connections.py:58: DeprecationWarning: The `push_connection` function is deprecated. Pass the `connection` explicitly instead.
  warnings.warn(
/home/wahyu260697/document/Erpnext/silverplast/frappe-bench/env/lib/python3.11/site-packages/passlib/utils/__init__.py:854: DeprecationWarning: 'crypt' is deprecated and slated for removal in Python 3.13
  from crypt import crypt as _crypt
/home/wahyu260697/document/Erpnext/silverplast/frappe-bench/env/lib/python3.11/site-packages/rq/connections.py:72: DeprecationWarning: The `pop_connection` function is deprecated. Pass the `connection` explicitly instead.
  warnings.warn(
/home/wahyu260697/document/Erpnext/silverplast/frappe-bench/env/lib/python3.11/site-packages/rq/connections.py:58: DeprecationWarning: The `push_connection` function is deprecated. Pass the `connection` explicitly instead.
  warnings.warn(
/home/wahyu260697/document/Erpnext/silverplast/frappe-bench/env/lib/python3.11/site-packages/passlib/utils/__init__.py:854: DeprecationWarning: 'crypt' is deprecated and slated for removal in Python 3.13
  from crypt import crypt as _crypt
/home/wahyu260697/document/Erpnext/silverplast/frappe-bench/env/lib/python3.11/site-packages/rq/connections.py:72: DeprecationWarning: The `pop_connection` function is deprecated. Pass the `connection` explicitly instead.
  warnings.warn(
/home/wahyu260697/document/Erpnext/silverplast/frappe-bench/env/lib/python3.11/site-packages/rq/connections.py:58: DeprecationWarning: The `push_connection` function is deprecated. Pass the `connection` explicitly instead.
  warnings.warn(
/home/wahyu260697/document/Erpnext/silverplast/frappe-bench/env/lib/python3.11/site-packages/passlib/utils/__init__.py:854: DeprecationWarning: 'crypt' is deprecated and slated for removal in Python 3.13
  from crypt import crypt as _crypt
/home/wahyu260697/document/Erpnext/silverplast/frappe-bench/env/lib/python3.11/site-packages/rq/connections.py:72: DeprecationWarning: The `pop_connection` function is deprecated. Pass the `connection` explicitly instead.
  warnings.warn(
/home/wahyu260697/document/Erpnext/silverplast/frappe-bench/env/lib/python3.11/site-packages/rq/connections.py:58: DeprecationWarning: The `push_connection` function is deprecated. Pass the `connection` explicitly instead.
  warnings.warn(
/home/wahyu260697/document/Erpnext/silverplast/frappe-bench/env/lib/python3.11/site-packages/passlib/utils/__init__.py:854: DeprecationWarning: 'crypt' is deprecated and slated for removal in Python 3.13
  from crypt import crypt as _crypt
/home/wahyu260697/document/Erpnext/silverplast/frappe-bench/env/lib/python3.11/site-packages/rq/connections.py:72: DeprecationWarning: The `pop_connection` function is deprecated. Pass the `connection` explicitly instead.
  warnings.warn(
/home/wahyu260697/document/Erpnext/silverplast/frappe-bench/env/lib/python3.11/site-packages/rq/connections.py:58: DeprecationWarning: The `push_connection` function is deprecated. Pass the `connection` explicitly instead.
  warnings.warn(
/home/wahyu260697/document/Erpnext/silverplast/frappe-bench/env/lib/python3.11/site-packages/passlib/utils/__init__.py:854: DeprecationWarning: 'crypt' is deprecated and slated for removal in Python 3.13
  from crypt import crypt as _crypt
/home/wahyu260697/document/Erpnext/silverplast/frappe-bench/env/lib/python3.11/site-packages/rq/connections.py:72: DeprecationWarning: The `pop_connection` function is deprecated. Pass the `connection` explicitly instead.
  warnings.warn(
/home/wahyu260697/document/Erpnext/silverplast/frappe-bench/env/lib/python3.11/site-packages/rq/connections.py:58: DeprecationWarning: The `push_connection` function is deprecated. Pass the `connection` explicitly instead.
  warnings.warn(
/home/wahyu260697/document/Erpnext/silverplast/frappe-bench/env/lib/python3.11/site-packages/passlib/utils/__init__.py:854: DeprecationWarning: 'crypt' is deprecated and slated for removal in Python 3.13
  from crypt import crypt as _crypt
/home/wahyu260697/document/Erpnext/silverplast/frappe-bench/env/lib/python3.11/site-packages/rq/connections.py:72: DeprecationWarning: The `pop_connection` function is deprecated. Pass the `connection` explicitly instead.
  warnings.warn(
/home/wahyu260697/document/Erpnext/silverplast/frappe-bench/env/lib/python3.11/site-packages/rq/connections.py:58: DeprecationWarning: The `push_connection` function is deprecated. Pass the `connection` explicitly instead.
  warnings.warn(
/home/wahyu260697/document/Erpnext/silverplast/frappe-bench/env/lib/python3.11/site-packages/passlib/utils/__init__.py:854: DeprecationWarning: 'crypt' is deprecated and slated for removal in Python 3.13
  from crypt import crypt as _crypt
/home/wahyu260697/document/Erpnext/silverplast/frappe-bench/env/lib/python3.11/site-packages/rq/connections.py:72: DeprecationWarning: The `pop_connection` function is deprecated. Pass the `connection` explicitly instead.
  warnings.warn(
/home/wahyu260697/document/Erpnext/silverplast/frappe-bench/env/lib/python3.11/site-packages/rq/connections.py:58: DeprecationWarning: The `push_connection` function is deprecated. Pass the `connection` explicitly instead.
  warnings.warn(
/home/wahyu260697/document/Erpnext/silverplast/frappe-bench/env/lib/python3.11/site-packages/passlib/utils/__init__.py:854: DeprecationWarning: 'crypt' is deprecated and slated for removal in Python 3.13
  from crypt import crypt as _crypt
/home/wahyu260697/document/Erpnext/silverplast/frappe-bench/env/lib/python3.11/site-packages/rq/connections.py:72: DeprecationWarning: The `pop_connection` function is deprecated. Pass the `connection` explicitly instead.
  warnings.warn(
/home/wahyu260697/document/Erpnext/silverplast/frappe-bench/env/lib/python3.11/site-packages/rq/connections.py:58: DeprecationWarning: The `push_connection` function is deprecated. Pass the `connection` explicitly instead.
  warnings.warn(
/home/wahyu260697/document/Erpnext/silverplast/frappe-bench/env/lib/python3.11/site-packages/passlib/utils/__init__.py:854: DeprecationWarning: 'crypt' is deprecated and slated for removal in Python 3.13
  from crypt import crypt as _crypt
/home/wahyu260697/document/Erpnext/silverplast/frappe-bench/env/lib/python3.11/site-packages/rq/connections.py:72: DeprecationWarning: The `pop_connection` function is deprecated. Pass the `connection` explicitly instead.
  warnings.warn(
/home/wahyu260697/document/Erpnext/silverplast/frappe-bench/env/lib/python3.11/site-packages/rq/connections.py:58: DeprecationWarning: The `push_connection` function is deprecated. Pass the `connection` explicitly instead.
  warnings.warn(
/home/wahyu260697/document/Erpnext/silverplast/frappe-bench/env/lib/python3.11/site-packages/passlib/utils/__init__.py:854: DeprecationWarning: 'crypt' is deprecated and slated for removal in Python 3.13
  from crypt import crypt as _crypt
/home/wahyu260697/document/Erpnext/silverplast/frappe-bench/env/lib/python3.11/site-packages/rq/connections.py:72: DeprecationWarning: The `pop_connection` function is deprecated. Pass the `connection` explicitly instead.
  warnings.warn(
/home/wahyu260697/document/Erpnext/silverplast/frappe-bench/env/lib/python3.11/site-packages/rq/connections.py:58: DeprecationWarning: The `push_connection` function is deprecated. Pass the `connection` explicitly instead.
  warnings.warn(
/home/wahyu260697/document/Erpnext/silverplast/frappe-bench/env/lib/python3.11/site-packages/passlib/utils/__init__.py:854: DeprecationWarning: 'crypt' is deprecated and slated for removal in Python 3.13
  from crypt import crypt as _crypt
/home/wahyu260697/document/Erpnext/silverplast/frappe-bench/env/lib/python3.11/site-packages/rq/connections.py:72: DeprecationWarning: The `pop_connection` function is deprecated. Pass the `connection` explicitly instead.
  warnings.warn(
/home/wahyu260697/document/Erpnext/silverplast/frappe-bench/env/lib/python3.11/site-packages/rq/connections.py:58: DeprecationWarning: The `push_connection` function is deprecated. Pass the `connection` explicitly instead.
  warnings.warn(
/home/wahyu260697/document/Erpnext/silverplast/frappe-bench/env/lib/python3.11/site-packages/passlib/utils/__init__.py:854: DeprecationWarning: 'crypt' is deprecated and slated for removal in Python 3.13
  from crypt import crypt as _crypt
/home/wahyu260697/document/Erpnext/silverplast/frappe-bench/env/lib/python3.11/site-packages/rq/connections.py:72: DeprecationWarning: The `pop_connection` function is deprecated. Pass the `connection` explicitly instead.
  warnings.warn(
/home/wahyu260697/document/Erpnext/silverplast/frappe-bench/env/lib/python3.11/site-packages/rq/connections.py:58: DeprecationWarning: The `push_connection` function is deprecated. Pass the `connection` explicitly instead.
  warnings.warn(
/home/wahyu260697/document/Erpnext/silverplast/frappe-bench/env/lib/python3.11/site-packages/passlib/utils/__init__.py:854: DeprecationWarning: 'crypt' is deprecated and slated for removal in Python 3.13
  from crypt import crypt as _crypt
/home/wahyu260697/document/Erpnext/silverplast/frappe-bench/env/lib/python3.11/site-packages/rq/connections.py:72: DeprecationWarning: The `pop_connection` function is deprecated. Pass the `connection` explicitly instead.
  warnings.warn(
/home/wahyu260697/document/Erpnext/silverplast/frappe-bench/env/lib/python3.11/site-packages/rq/connections.py:58: DeprecationWarning: The `push_connection` function is deprecated. Pass the `connection` explicitly instead.
  warnings.warn(
/home/wahyu260697/document/Erpnext/silverplast/frappe-bench/env/lib/python3.11/site-packages/passlib/utils/__init__.py:854: DeprecationWarning: 'crypt' is deprecated and slated for removal in Python 3.13
  from crypt import crypt as _crypt
/home/wahyu260697/document/Erpnext/silverplast/frappe-bench/env/lib/python3.11/site-packages/rq/connections.py:72: DeprecationWarning: The `pop_connection` function is deprecated. Pass the `connection` explicitly instead.
  warnings.warn(
/home/wahyu260697/document/Erpnext/silverplast/frappe-bench/env/lib/python3.11/site-packages/rq/connections.py:58: DeprecationWarning: The `push_connection` function is deprecated. Pass the `connection` explicitly instead.
  warnings.warn(
/home/wahyu260697/document/Erpnext/silverplast/frappe-bench/env/lib/python3.11/site-packages/passlib/utils/__init__.py:854: DeprecationWarning: 'crypt' is deprecated and slated for removal in Python 3.13
  from crypt import crypt as _crypt
/home/wahyu260697/document/Erpnext/silverplast/frappe-bench/env/lib/python3.11/site-packages/rq/connections.py:72: DeprecationWarning: The `pop_connection` function is deprecated. Pass the `connection` explicitly instead.
  warnings.warn(
/home/wahyu260697/document/Erpnext/silverplast/frappe-bench/env/lib/python3.11/site-packages/rq/connections.py:58: DeprecationWarning: The `push_connection` function is deprecated. Pass the `connection` explicitly instead.
  warnings.warn(
/home/wahyu260697/document/Erpnext/silverplast/frappe-bench/env/lib/python3.11/site-packages/passlib/utils/__init__.py:854: DeprecationWarning: 'crypt' is deprecated and slated for removal in Python 3.13
  from crypt import crypt as _crypt
/home/wahyu260697/document/Erpnext/silverplast/frappe-bench/env/lib/python3.11/site-packages/rq/connections.py:72: DeprecationWarning: The `pop_connection` function is deprecated. Pass the `connection` explicitly instead.
  warnings.warn(
/home/wahyu260697/document/Erpnext/silverplast/frappe-bench/env/lib/python3.11/site-packages/rq/connections.py:58: DeprecationWarning: The `push_connection` function is deprecated. Pass the `connection` explicitly instead.
  warnings.warn(
/home/wahyu260697/document/Erpnext/silverplast/frappe-bench/env/lib/python3.11/site-packages/passlib/utils/__init__.py:854: DeprecationWarning: 'crypt' is deprecated and slated for removal in Python 3.13
  from crypt import crypt as _crypt
/home/wahyu260697/document/Erpnext/silverplast/frappe-bench/env/lib/python3.11/site-packages/rq/connections.py:72: DeprecationWarning: The `pop_connection` function is deprecated. Pass the `connection` explicitly instead.
  warnings.warn(
/home/wahyu260697/document/Erpnext/silverplast/frappe-bench/env/lib/python3.11/site-packages/rq/connections.py:58: DeprecationWarning: The `push_connection` function is deprecated. Pass the `connection` explicitly instead.
  warnings.warn(
/home/wahyu260697/document/Erpnext/silverplast/frappe-bench/env/lib/python3.11/site-packages/passlib/utils/__init__.py:854: DeprecationWarning: 'crypt' is deprecated and slated for removal in Python 3.13
  from crypt import crypt as _crypt
/home/wahyu260697/document/Erpnext/silverplast/frappe-bench/env/lib/python3.11/site-packages/rq/connections.py:72: DeprecationWarning: The `pop_connection` function is deprecated. Pass the `connection` explicitly instead.
  warnings.warn(
/home/wahyu260697/document/Erpnext/silverplast/frappe-bench/env/lib/python3.11/site-packages/rq/connections.py:58: DeprecationWarning: The `push_connection` function is deprecated. Pass the `connection` explicitly instead.
  warnings.warn(
/home/wahyu260697/document/Erpnext/silverplast/frappe-bench/env/lib/python3.11/site-packages/passlib/utils/__init__.py:854: DeprecationWarning: 'crypt' is deprecated and slated for removal in Python 3.13
  from crypt import crypt as _crypt
/home/wahyu260697/document/Erpnext/silverplast/frappe-bench/env/lib/python3.11/site-packages/rq/connections.py:72: DeprecationWarning: The `pop_connection` function is deprecated. Pass the `connection` explicitly instead.
  warnings.warn(
/home/wahyu260697/document/Erpnext/silverplast/frappe-bench/env/lib/python3.11/site-packages/rq/connections.py:58: DeprecationWarning: The `push_connection` function is deprecated. Pass the `connection` explicitly instead.
  warnings.warn(
/home/wahyu260697/document/Erpnext/silverplast/frappe-bench/env/lib/python3.11/site-packages/passlib/utils/__init__.py:854: DeprecationWarning: 'crypt' is deprecated and slated for removal in Python 3.13
  from crypt import crypt as _crypt
/home/wahyu260697/document/Erpnext/silverplast/frappe-bench/env/lib/python3.11/site-packages/rq/connections.py:72: DeprecationWarning: The `pop_connection` function is deprecated. Pass the `connection` explicitly instead.
  warnings.warn(
/home/wahyu260697/document/Erpnext/silverplast/frappe-bench/env/lib/python3.11/site-packages/rq/connections.py:58: DeprecationWarning: The `push_connection` function is deprecated. Pass the `connection` explicitly instead.
  warnings.warn(
/home/wahyu260697/document/Erpnext/silverplast/frappe-bench/env/lib/python3.11/site-packages/passlib/utils/__init__.py:854: DeprecationWarning: 'crypt' is deprecated and slated for removal in Python 3.13
  from crypt import crypt as _crypt
/home/wahyu260697/document/Erpnext/silverplast/frappe-bench/env/lib/python3.11/site-packages/rq/connections.py:72: DeprecationWarning: The `pop_connection` function is deprecated. Pass the `connection` explicitly instead.
  warnings.warn(
/home/wahyu260697/document/Erpnext/silverplast/frappe-bench/env/lib/python3.11/site-packages/rq/connections.py:58: DeprecationWarning: The `push_connection` function is deprecated. Pass the `connection` explicitly instead.
  warnings.warn(
/home/wahyu260697/document/Erpnext/silverplast/frappe-bench/env/lib/python3.11/site-packages/passlib/utils/__init__.py:854: DeprecationWarning: 'crypt' is deprecated and slated for removal in Python 3.13
  from crypt import crypt as _crypt
/home/wahyu260697/document/Erpnext/silverplast/frappe-bench/env/lib/python3.11/site-packages/rq/connections.py:72: DeprecationWarning: The `pop_connection` function is deprecated. Pass the `connection` explicitly instead.
  warnings.warn(
/home/wahyu260697/document/Erpnext/silverplast/frappe-bench/env/lib/python3.11/site-packages/rq/connections.py:58: DeprecationWarning: The `push_connection` function is deprecated. Pass the `connection` explicitly instead.
  warnings.warn(
/home/wahyu260697/document/Erpnext/silverplast/frappe-bench/env/lib/python3.11/site-packages/passlib/utils/__init__.py:854: DeprecationWarning: 'crypt' is deprecated and slated for removal in Python 3.13
  from crypt import crypt as _crypt
/home/wahyu260697/document/Erpnext/silverplast/frappe-bench/env/lib/python3.11/site-packages/rq/connections.py:72: DeprecationWarning: The `pop_connection` function is deprecated. Pass the `connection` explicitly instead.
  warnings.warn(
/home/wahyu260697/document/Erpnext/silverplast/frappe-bench/env/lib/python3.11/site-packages/rq/connections.py:58: DeprecationWarning: The `push_connection` function is deprecated. Pass the `connection` explicitly instead.
  warnings.warn(
/home/wahyu260697/document/Erpnext/silverplast/frappe-bench/env/lib/python3.11/site-packages/passlib/utils/__init__.py:854: DeprecationWarning: 'crypt' is deprecated and slated for removal in Python 3.13
  from crypt import crypt as _crypt
/home/wahyu260697/document/Erpnext/silverplast/frappe-bench/env/lib/python3.11/site-packages/rq/connections.py:72: DeprecationWarning: The `pop_connection` function is deprecated. Pass the `connection` explicitly instead.
  warnings.warn(
/home/wahyu260697/document/Erpnext/silverplast/frappe-bench/env/lib/python3.11/site-packages/rq/connections.py:58: DeprecationWarning: The `push_connection` function is deprecated. Pass the `connection` explicitly instead.
  warnings.warn(
/home/wahyu260697/document/Erpnext/silverplast/frappe-bench/env/lib/python3.11/site-packages/passlib/utils/__init__.py:854: DeprecationWarning: 'crypt' is deprecated and slated for removal in Python 3.13
  from crypt import crypt as _crypt
/home/wahyu260697/document/Erpnext/silverplast/frappe-bench/env/lib/python3.11/site-packages/rq/connections.py:72: DeprecationWarning: The `pop_connection` function is deprecated. Pass the `connection` explicitly instead.
  warnings.warn(
/home/wahyu260697/document/Erpnext/silverplast/frappe-bench/env/lib/python3.11/site-packages/rq/connections.py:58: DeprecationWarning: The `push_connection` function is deprecated. Pass the `connection` explicitly instead.
  warnings.warn(
/home/wahyu260697/document/Erpnext/silverplast/frappe-bench/env/lib/python3.11/site-packages/passlib/utils/__init__.py:854: DeprecationWarning: 'crypt' is deprecated and slated for removal in Python 3.13
  from crypt import crypt as _crypt
/home/wahyu260697/document/Erpnext/silverplast/frappe-bench/env/lib/python3.11/site-packages/rq/connections.py:72: DeprecationWarning: The `pop_connection` function is deprecated. Pass the `connection` explicitly instead.
  warnings.warn(
/home/wahyu260697/document/Erpnext/silverplast/frappe-bench/env/lib/python3.11/site-packages/rq/connections.py:58: DeprecationWarning: The `push_connection` function is deprecated. Pass the `connection` explicitly instead.
  warnings.warn(
/home/wahyu260697/document/Erpnext/silverplast/frappe-bench/env/lib/python3.11/site-packages/passlib/utils/__init__.py:854: DeprecationWarning: 'crypt' is deprecated and slated for removal in Python 3.13
  from crypt import crypt as _crypt
/home/wahyu260697/document/Erpnext/silverplast/frappe-bench/env/lib/python3.11/site-packages/rq/connections.py:72: DeprecationWarning: The `pop_connection` function is deprecated. Pass the `connection` explicitly instead.
  warnings.warn(
/home/wahyu260697/document/Erpnext/silverplast/frappe-bench/env/lib/python3.11/site-packages/rq/connections.py:58: DeprecationWarning: The `push_connection` function is deprecated. Pass the `connection` explicitly instead.
  warnings.warn(
/home/wahyu260697/document/Erpnext/silverplast/frappe-bench/env/lib/python3.11/site-packages/passlib/utils/__init__.py:854: DeprecationWarning: 'crypt' is deprecated and slated for removal in Python 3.13
  from crypt import crypt as _crypt
/home/wahyu260697/document/Erpnext/silverplast/frappe-bench/env/lib/python3.11/site-packages/rq/connections.py:72: DeprecationWarning: The `pop_connection` function is deprecated. Pass the `connection` explicitly instead.
  warnings.warn(
/home/wahyu260697/document/Erpnext/silverplast/frappe-bench/env/lib/python3.11/site-packages/rq/connections.py:58: DeprecationWarning: The `push_connection` function is deprecated. Pass the `connection` explicitly instead.
  warnings.warn(
/home/wahyu260697/document/Erpnext/silverplast/frappe-bench/env/lib/python3.11/site-packages/passlib/utils/__init__.py:854: DeprecationWarning: 'crypt' is deprecated and slated for removal in Python 3.13
  from crypt import crypt as _crypt
/home/wahyu260697/document/Erpnext/silverplast/frappe-bench/env/lib/python3.11/site-packages/rq/connections.py:72: DeprecationWarning: The `pop_connection` function is deprecated. Pass the `connection` explicitly instead.
  warnings.warn(
/home/wahyu260697/document/Erpnext/silverplast/frappe-bench/env/lib/python3.11/site-packages/rq/connections.py:58: DeprecationWarning: The `push_connection` function is deprecated. Pass the `connection` explicitly instead.
  warnings.warn(
/home/wahyu260697/document/Erpnext/silverplast/frappe-bench/env/lib/python3.11/site-packages/passlib/utils/__init__.py:854: DeprecationWarning: 'crypt' is deprecated and slated for removal in Python 3.13
  from crypt import crypt as _crypt
/home/wahyu260697/document/Erpnext/silverplast/frappe-bench/env/lib/python3.11/site-packages/rq/connections.py:72: DeprecationWarning: The `pop_connection` function is deprecated. Pass the `connection` explicitly instead.
  warnings.warn(
/home/wahyu260697/document/Erpnext/silverplast/frappe-bench/env/lib/python3.11/site-packages/rq/connections.py:58: DeprecationWarning: The `push_connection` function is deprecated. Pass the `connection` explicitly instead.
  warnings.warn(
/home/wahyu260697/document/Erpnext/silverplast/frappe-bench/env/lib/python3.11/site-packages/passlib/utils/__init__.py:854: DeprecationWarning: 'crypt' is deprecated and slated for removal in Python 3.13
  from crypt import crypt as _crypt
/home/wahyu260697/document/Erpnext/silverplast/frappe-bench/env/lib/python3.11/site-packages/rq/connections.py:72: DeprecationWarning: The `pop_connection` function is deprecated. Pass the `connection` explicitly instead.
  warnings.warn(
/home/wahyu260697/document/Erpnext/silverplast/frappe-bench/env/lib/python3.11/site-packages/rq/connections.py:58: DeprecationWarning: The `push_connection` function is deprecated. Pass the `connection` explicitly instead.
  warnings.warn(
/home/wahyu260697/document/Erpnext/silverplast/frappe-bench/env/lib/python3.11/site-packages/passlib/utils/__init__.py:854: DeprecationWarning: 'crypt' is deprecated and slated for removal in Python 3.13
  from crypt import crypt as _crypt
/home/wahyu260697/document/Erpnext/silverplast/frappe-bench/env/lib/python3.11/site-packages/rq/connections.py:72: DeprecationWarning: The `pop_connection` function is deprecated. Pass the `connection` explicitly instead.
  warnings.warn(
/home/wahyu260697/document/Erpnext/silverplast/frappe-bench/env/lib/python3.11/site-packages/rq/connections.py:58: DeprecationWarning: The `push_connection` function is deprecated. Pass the `connection` explicitly instead.
  warnings.warn(
/home/wahyu260697/document/Erpnext/silverplast/frappe-bench/env/lib/python3.11/site-packages/passlib/utils/__init__.py:854: DeprecationWarning: 'crypt' is deprecated and slated for removal in Python 3.13
  from crypt import crypt as _crypt
/home/wahyu260697/document/Erpnext/silverplast/frappe-bench/env/lib/python3.11/site-packages/rq/connections.py:72: DeprecationWarning: The `pop_connection` function is deprecated. Pass the `connection` explicitly instead.
  warnings.warn(
/home/wahyu260697/document/Erpnext/silverplast/frappe-bench/env/lib/python3.11/site-packages/rq/connections.py:58: DeprecationWarning: The `push_connection` function is deprecated. Pass the `connection` explicitly instead.
  warnings.warn(
/home/wahyu260697/document/Erpnext/silverplast/frappe-bench/env/lib/python3.11/site-packages/passlib/utils/__init__.py:854: DeprecationWarning: 'crypt' is deprecated and slated for removal in Python 3.13
  from crypt import crypt as _crypt
/home/wahyu260697/document/Erpnext/silverplast/frappe-bench/env/lib/python3.11/site-packages/rq/connections.py:72: DeprecationWarning: The `pop_connection` function is deprecated. Pass the `connection` explicitly instead.
  warnings.warn(
/home/wahyu260697/document/Erpnext/silverplast/frappe-bench/env/lib/python3.11/site-packages/rq/connections.py:58: DeprecationWarning: The `push_connection` function is deprecated. Pass the `connection` explicitly instead.
  warnings.warn(
/home/wahyu260697/document/Erpnext/silverplast/frappe-bench/env/lib/python3.11/site-packages/passlib/utils/__init__.py:854: DeprecationWarning: 'crypt' is deprecated and slated for removal in Python 3.13
  from crypt import crypt as _crypt
/home/wahyu260697/document/Erpnext/silverplast/frappe-bench/env/lib/python3.11/site-packages/rq/connections.py:72: DeprecationWarning: The `pop_connection` function is deprecated. Pass the `connection` explicitly instead.
  warnings.warn(
/home/wahyu260697/document/Erpnext/silverplast/frappe-bench/env/lib/python3.11/site-packages/rq/connections.py:58: DeprecationWarning: The `push_connection` function is deprecated. Pass the `connection` explicitly instead.
  warnings.warn(
/home/wahyu260697/document/Erpnext/silverplast/frappe-bench/env/lib/python3.11/site-packages/passlib/utils/__init__.py:854: DeprecationWarning: 'crypt' is deprecated and slated for removal in Python 3.13
  from crypt import crypt as _crypt
/home/wahyu260697/document/Erpnext/silverplast/frappe-bench/env/lib/python3.11/site-packages/rq/connections.py:72: DeprecationWarning: The `pop_connection` function is deprecated. Pass the `connection` explicitly instead.
  warnings.warn(
/home/wahyu260697/document/Erpnext/silverplast/frappe-bench/env/lib/python3.11/site-packages/rq/connections.py:58: DeprecationWarning: The `push_connection` function is deprecated. Pass the `connection` explicitly instead.
  warnings.warn(
/home/wahyu260697/document/Erpnext/silverplast/frappe-bench/env/lib/python3.11/site-packages/passlib/utils/__init__.py:854: DeprecationWarning: 'crypt' is deprecated and slated for removal in Python 3.13
  from crypt import crypt as _crypt
/home/wahyu260697/document/Erpnext/silverplast/frappe-bench/env/lib/python3.11/site-packages/rq/connections.py:72: DeprecationWarning: The `pop_connection` function is deprecated. Pass the `connection` explicitly instead.
  warnings.warn(
/home/wahyu260697/document/Erpnext/silverplast/frappe-bench/env/lib/python3.11/site-packages/rq/connections.py:58: DeprecationWarning: The `push_connection` function is deprecated. Pass the `connection` explicitly instead.
  warnings.warn(
/home/wahyu260697/document/Erpnext/silverplast/frappe-bench/env/lib/python3.11/site-packages/passlib/utils/__init__.py:854: DeprecationWarning: 'crypt' is deprecated and slated for removal in Python 3.13
  from crypt import crypt as _crypt
/home/wahyu260697/document/Erpnext/silverplast/frappe-bench/env/lib/python3.11/site-packages/rq/connections.py:72: DeprecationWarning: The `pop_connection` function is deprecated. Pass the `connection` explicitly instead.
  warnings.warn(
/home/wahyu260697/document/Erpnext/silverplast/frappe-bench/env/lib/python3.11/site-packages/rq/connections.py:58: DeprecationWarning: The `push_connection` function is deprecated. Pass the `connection` explicitly instead.
  warnings.warn(
/home/wahyu260697/document/Erpnext/silverplast/frappe-bench/env/lib/python3.11/site-packages/passlib/utils/__init__.py:854: DeprecationWarning: 'crypt' is deprecated and slated for removal in Python 3.13
  from crypt import crypt as _crypt
/home/wahyu260697/document/Erpnext/silverplast/frappe-bench/env/lib/python3.11/site-packages/rq/connections.py:72: DeprecationWarning: The `pop_connection` function is deprecated. Pass the `connection` explicitly instead.
  warnings.warn(
/home/wahyu260697/document/Erpnext/silverplast/frappe-bench/env/lib/python3.11/site-packages/rq/connections.py:58: DeprecationWarning: The `push_connection` function is deprecated. Pass the `connection` explicitly instead.
  warnings.warn(
/home/wahyu260697/document/Erpnext/silverplast/frappe-bench/env/lib/python3.11/site-packages/passlib/utils/__init__.py:854: DeprecationWarning: 'crypt' is deprecated and slated for removal in Python 3.13
  from crypt import crypt as _crypt
/home/wahyu260697/document/Erpnext/silverplast/frappe-bench/env/lib/python3.11/site-packages/rq/connections.py:72: DeprecationWarning: The `pop_connection` function is deprecated. Pass the `connection` explicitly instead.
  warnings.warn(
/home/wahyu260697/document/Erpnext/silverplast/frappe-bench/env/lib/python3.11/site-packages/rq/connections.py:58: DeprecationWarning: The `push_connection` function is deprecated. Pass the `connection` explicitly instead.
  warnings.warn(
/home/wahyu260697/document/Erpnext/silverplast/frappe-bench/env/lib/python3.11/site-packages/passlib/utils/__init__.py:854: DeprecationWarning: 'crypt' is deprecated and slated for removal in Python 3.13
  from crypt import crypt as _crypt
/home/wahyu260697/document/Erpnext/silverplast/frappe-bench/env/lib/python3.11/site-packages/rq/connections.py:72: DeprecationWarning: The `pop_connection` function is deprecated. Pass the `connection` explicitly instead.
  warnings.warn(
/home/wahyu260697/document/Erpnext/silverplast/frappe-bench/env/lib/python3.11/site-packages/rq/connections.py:58: DeprecationWarning: The `push_connection` function is deprecated. Pass the `connection` explicitly instead.
  warnings.warn(
/home/wahyu260697/document/Erpnext/silverplast/frappe-bench/env/lib/python3.11/site-packages/passlib/utils/__init__.py:854: DeprecationWarning: 'crypt' is deprecated and slated for removal in Python 3.13
  from crypt import crypt as _crypt
/home/wahyu260697/document/Erpnext/silverplast/frappe-bench/env/lib/python3.11/site-packages/rq/connections.py:72: DeprecationWarning: The `pop_connection` function is deprecated. Pass the `connection` explicitly instead.
  warnings.warn(
/home/wahyu260697/document/Erpnext/silverplast/frappe-bench/env/lib/python3.11/site-packages/rq/connections.py:58: DeprecationWarning: The `push_connection` function is deprecated. Pass the `connection` explicitly instead.
  warnings.warn(
/home/wahyu260697/document/Erpnext/silverplast/frappe-bench/env/lib/python3.11/site-packages/passlib/utils/__init__.py:854: DeprecationWarning: 'crypt' is deprecated and slated for removal in Python 3.13
  from crypt import crypt as _crypt
/home/wahyu260697/document/Erpnext/silverplast/frappe-bench/env/lib/python3.11/site-packages/rq/connections.py:72: DeprecationWarning: The `pop_connection` function is deprecated. Pass the `connection` explicitly instead.
  warnings.warn(
/home/wahyu260697/document/Erpnext/silverplast/frappe-bench/env/lib/python3.11/site-packages/rq/connections.py:58: DeprecationWarning: The `push_connection` function is deprecated. Pass the `connection` explicitly instead.
  warnings.warn(
/home/wahyu260697/document/Erpnext/silverplast/frappe-bench/env/lib/python3.11/site-packages/passlib/utils/__init__.py:854: DeprecationWarning: 'crypt' is deprecated and slated for removal in Python 3.13
  from crypt import crypt as _crypt
/home/wahyu260697/document/Erpnext/silverplast/frappe-bench/env/lib/python3.11/site-packages/rq/connections.py:72: DeprecationWarning: The `pop_connection` function is deprecated. Pass the `connection` explicitly instead.
  warnings.warn(
/home/wahyu260697/document/Erpnext/silverplast/frappe-bench/env/lib/python3.11/site-packages/rq/connections.py:58: DeprecationWarning: The `push_connection` function is deprecated. Pass the `connection` explicitly instead.
  warnings.warn(
/home/wahyu260697/document/Erpnext/silverplast/frappe-bench/env/lib/python3.11/site-packages/passlib/utils/__init__.py:854: DeprecationWarning: 'crypt' is deprecated and slated for removal in Python 3.13
  from crypt import crypt as _crypt
/home/wahyu260697/document/Erpnext/silverplast/frappe-bench/env/lib/python3.11/site-packages/rq/connections.py:72: DeprecationWarning: The `pop_connection` function is deprecated. Pass the `connection` explicitly instead.
  warnings.warn(
/home/wahyu260697/document/Erpnext/silverplast/frappe-bench/env/lib/python3.11/site-packages/rq/connections.py:58: DeprecationWarning: The `push_connection` function is deprecated. Pass the `connection` explicitly instead.
  warnings.warn(
/home/wahyu260697/document/Erpnext/silverplast/frappe-bench/env/lib/python3.11/site-packages/passlib/utils/__init__.py:854: DeprecationWarning: 'crypt' is deprecated and slated for removal in Python 3.13
  from crypt import crypt as _crypt
/home/wahyu260697/document/Erpnext/silverplast/frappe-bench/env/lib/python3.11/site-packages/rq/connections.py:72: DeprecationWarning: The `pop_connection` function is deprecated. Pass the `connection` explicitly instead.
  warnings.warn(
/home/wahyu260697/document/Erpnext/silverplast/frappe-bench/env/lib/python3.11/site-packages/rq/connections.py:58: DeprecationWarning: The `push_connection` function is deprecated. Pass the `connection` explicitly instead.
  warnings.warn(
/home/wahyu260697/document/Erpnext/silverplast/frappe-bench/env/lib/python3.11/site-packages/passlib/utils/__init__.py:854: DeprecationWarning: 'crypt' is deprecated and slated for removal in Python 3.13
  from crypt import crypt as _crypt
/home/wahyu260697/document/Erpnext/silverplast/frappe-bench/env/lib/python3.11/site-packages/rq/connections.py:72: DeprecationWarning: The `pop_connection` function is deprecated. Pass the `connection` explicitly instead.
  warnings.warn(
/home/wahyu260697/document/Erpnext/silverplast/frappe-bench/env/lib/python3.11/site-packages/rq/connections.py:58: DeprecationWarning: The `push_connection` function is deprecated. Pass the `connection` explicitly instead.
  warnings.warn(
/home/wahyu260697/document/Erpnext/silverplast/frappe-bench/env/lib/python3.11/site-packages/passlib/utils/__init__.py:854: DeprecationWarning: 'crypt' is deprecated and slated for removal in Python 3.13
  from crypt import crypt as _crypt
/home/wahyu260697/document/Erpnext/silverplast/frappe-bench/env/lib/python3.11/site-packages/rq/connections.py:72: DeprecationWarning: The `pop_connection` function is deprecated. Pass the `connection` explicitly instead.
  warnings.warn(
/home/wahyu260697/document/Erpnext/silverplast/frappe-bench/env/lib/python3.11/site-packages/rq/connections.py:58: DeprecationWarning: The `push_connection` function is deprecated. Pass the `connection` explicitly instead.
  warnings.warn(
/home/wahyu260697/document/Erpnext/silverplast/frappe-bench/env/lib/python3.11/site-packages/passlib/utils/__init__.py:854: DeprecationWarning: 'crypt' is deprecated and slated for removal in Python 3.13
  from crypt import crypt as _crypt
/home/wahyu260697/document/Erpnext/silverplast/frappe-bench/env/lib/python3.11/site-packages/rq/connections.py:72: DeprecationWarning: The `pop_connection` function is deprecated. Pass the `connection` explicitly instead.
  warnings.warn(
/home/wahyu260697/document/Erpnext/silverplast/frappe-bench/env/lib/python3.11/site-packages/rq/connections.py:58: DeprecationWarning: The `push_connection` function is deprecated. Pass the `connection` explicitly instead.
  warnings.warn(
/home/wahyu260697/document/Erpnext/silverplast/frappe-bench/env/lib/python3.11/site-packages/passlib/utils/__init__.py:854: DeprecationWarning: 'crypt' is deprecated and slated for removal in Python 3.13
  from crypt import crypt as _crypt
/home/wahyu260697/document/Erpnext/silverplast/frappe-bench/env/lib/python3.11/site-packages/rq/connections.py:72: DeprecationWarning: The `pop_connection` function is deprecated. Pass the `connection` explicitly instead.
  warnings.warn(
/home/wahyu260697/document/Erpnext/silverplast/frappe-bench/env/lib/python3.11/site-packages/rq/connections.py:58: DeprecationWarning: The `push_connection` function is deprecated. Pass the `connection` explicitly instead.
  warnings.warn(
/home/wahyu260697/document/Erpnext/silverplast/frappe-bench/env/lib/python3.11/site-packages/passlib/utils/__init__.py:854: DeprecationWarning: 'crypt' is deprecated and slated for removal in Python 3.13
  from crypt import crypt as _crypt
/home/wahyu260697/document/Erpnext/silverplast/frappe-bench/env/lib/python3.11/site-packages/rq/connections.py:72: DeprecationWarning: The `pop_connection` function is deprecated. Pass the `connection` explicitly instead.
  warnings.warn(
/home/wahyu260697/document/Erpnext/silverplast/frappe-bench/env/lib/python3.11/site-packages/rq/connections.py:58: DeprecationWarning: The `push_connection` function is deprecated. Pass the `connection` explicitly instead.
  warnings.warn(
/home/wahyu260697/document/Erpnext/silverplast/frappe-bench/env/lib/python3.11/site-packages/passlib/utils/__init__.py:854: DeprecationWarning: 'crypt' is deprecated and slated for removal in Python 3.13
  from crypt import crypt as _crypt
/home/wahyu260697/document/Erpnext/silverplast/frappe-bench/env/lib/python3.11/site-packages/rq/connections.py:72: DeprecationWarning: The `pop_connection` function is deprecated. Pass the `connection` explicitly instead.
  warnings.warn(
/home/wahyu260697/document/Erpnext/silverplast/frappe-bench/env/lib/python3.11/site-packages/rq/connections.py:58: DeprecationWarning: The `push_connection` function is deprecated. Pass the `connection` explicitly instead.
  warnings.warn(
/home/wahyu260697/document/Erpnext/silverplast/frappe-bench/env/lib/python3.11/site-packages/passlib/utils/__init__.py:854: DeprecationWarning: 'crypt' is deprecated and slated for removal in Python 3.13
  from crypt import crypt as _crypt
/home/wahyu260697/document/Erpnext/silverplast/frappe-bench/env/lib/python3.11/site-packages/rq/connections.py:72: DeprecationWarning: The `pop_connection` function is deprecated. Pass the `connection` explicitly instead.
  warnings.warn(
/home/wahyu260697/document/Erpnext/silverplast/frappe-bench/env/lib/python3.11/site-packages/rq/connections.py:58: DeprecationWarning: The `push_connection` function is deprecated. Pass the `connection` explicitly instead.
  warnings.warn(
/home/wahyu260697/document/Erpnext/silverplast/frappe-bench/env/lib/python3.11/site-packages/passlib/utils/__init__.py:854: DeprecationWarning: 'crypt' is deprecated and slated for removal in Python 3.13
  from crypt import crypt as _crypt
/home/wahyu260697/document/Erpnext/silverplast/frappe-bench/env/lib/python3.11/site-packages/rq/connections.py:72: DeprecationWarning: The `pop_connection` function is deprecated. Pass the `connection` explicitly instead.
  warnings.warn(
/home/wahyu260697/document/Erpnext/silverplast/frappe-bench/env/lib/python3.11/site-packages/rq/connections.py:58: DeprecationWarning: The `push_connection` function is deprecated. Pass the `connection` explicitly instead.
  warnings.warn(
/home/wahyu260697/document/Erpnext/silverplast/frappe-bench/env/lib/python3.11/site-packages/passlib/utils/__init__.py:854: DeprecationWarning: 'crypt' is deprecated and slated for removal in Python 3.13
  from crypt import crypt as _crypt
/home/wahyu260697/document/Erpnext/silverplast/frappe-bench/env/lib/python3.11/site-packages/rq/connections.py:72: DeprecationWarning: The `pop_connection` function is deprecated. Pass the `connection` explicitly instead.
  warnings.warn(
/home/wahyu260697/document/Erpnext/silverplast/frappe-bench/env/lib/python3.11/site-packages/rq/connections.py:58: DeprecationWarning: The `push_connection` function is deprecated. Pass the `connection` explicitly instead.
  warnings.warn(
/home/wahyu260697/document/Erpnext/silverplast/frappe-bench/env/lib/python3.11/site-packages/passlib/utils/__init__.py:854: DeprecationWarning: 'crypt' is deprecated and slated for removal in Python 3.13
  from crypt import crypt as _crypt
/home/wahyu260697/document/Erpnext/silverplast/frappe-bench/env/lib/python3.11/site-packages/rq/connections.py:72: DeprecationWarning: The `pop_connection` function is deprecated. Pass the `connection` explicitly instead.
  warnings.warn(
/home/wahyu260697/document/Erpnext/silverplast/frappe-bench/env/lib/python3.11/site-packages/rq/connections.py:58: DeprecationWarning: The `push_connection` function is deprecated. Pass the `connection` explicitly instead.
  warnings.warn(
/home/wahyu260697/document/Erpnext/silverplast/frappe-bench/env/lib/python3.11/site-packages/passlib/utils/__init__.py:854: DeprecationWarning: 'crypt' is deprecated and slated for removal in Python 3.13
  from crypt import crypt as _crypt
/home/wahyu260697/document/Erpnext/silverplast/frappe-bench/env/lib/python3.11/site-packages/rq/connections.py:72: DeprecationWarning: The `pop_connection` function is deprecated. Pass the `connection` explicitly instead.
  warnings.warn(
/home/wahyu260697/document/Erpnext/silverplast/frappe-bench/env/lib/python3.11/site-packages/rq/connections.py:58: DeprecationWarning: The `push_connection` function is deprecated. Pass the `connection` explicitly instead.
  warnings.warn(
/home/wahyu260697/document/Erpnext/silverplast/frappe-bench/env/lib/python3.11/site-packages/passlib/utils/__init__.py:854: DeprecationWarning: 'crypt' is deprecated and slated for removal in Python 3.13
  from crypt import crypt as _crypt
/home/wahyu260697/document/Erpnext/silverplast/frappe-bench/env/lib/python3.11/site-packages/rq/connections.py:72: DeprecationWarning: The `pop_connection` function is deprecated. Pass the `connection` explicitly instead.
  warnings.warn(
/home/wahyu260697/document/Erpnext/silverplast/frappe-bench/env/lib/python3.11/site-packages/rq/connections.py:58: DeprecationWarning: The `push_connection` function is deprecated. Pass the `connection` explicitly instead.
  warnings.warn(
/home/wahyu260697/document/Erpnext/silverplast/frappe-bench/env/lib/python3.11/site-packages/passlib/utils/__init__.py:854: DeprecationWarning: 'crypt' is deprecated and slated for removal in Python 3.13
  from crypt import crypt as _crypt
/home/wahyu260697/document/Erpnext/silverplast/frappe-bench/env/lib/python3.11/site-packages/rq/connections.py:72: DeprecationWarning: The `pop_connection` function is deprecated. Pass the `connection` explicitly instead.
  warnings.warn(
/home/wahyu260697/document/Erpnext/silverplast/frappe-bench/env/lib/python3.11/site-packages/rq/connections.py:58: DeprecationWarning: The `push_connection` function is deprecated. Pass the `connection` explicitly instead.
  warnings.warn(
/home/wahyu260697/document/Erpnext/silverplast/frappe-bench/env/lib/python3.11/site-packages/passlib/utils/__init__.py:854: DeprecationWarning: 'crypt' is deprecated and slated for removal in Python 3.13
  from crypt import crypt as _crypt
/home/wahyu260697/document/Erpnext/silverplast/frappe-bench/env/lib/python3.11/site-packages/rq/connections.py:72: DeprecationWarning: The `pop_connection` function is deprecated. Pass the `connection` explicitly instead.
  warnings.warn(
/home/wahyu260697/document/Erpnext/silverplast/frappe-bench/env/lib/python3.11/site-packages/rq/connections.py:58: DeprecationWarning: The `push_connection` function is deprecated. Pass the `connection` explicitly instead.
  warnings.warn(
/home/wahyu260697/document/Erpnext/silverplast/frappe-bench/env/lib/python3.11/site-packages/passlib/utils/__init__.py:854: DeprecationWarning: 'crypt' is deprecated and slated for removal in Python 3.13
  from crypt import crypt as _crypt
/home/wahyu260697/document/Erpnext/silverplast/frappe-bench/env/lib/python3.11/site-packages/rq/connections.py:72: DeprecationWarning: The `pop_connection` function is deprecated. Pass the `connection` explicitly instead.
  warnings.warn(
/home/wahyu260697/document/Erpnext/silverplast/frappe-bench/env/lib/python3.11/site-packages/rq/connections.py:58: DeprecationWarning: The `push_connection` function is deprecated. Pass the `connection` explicitly instead.
  warnings.warn(
/home/wahyu260697/document/Erpnext/silverplast/frappe-bench/env/lib/python3.11/site-packages/passlib/utils/__init__.py:854: DeprecationWarning: 'crypt' is deprecated and slated for removal in Python 3.13
  from crypt import crypt as _crypt
/home/wahyu260697/document/Erpnext/silverplast/frappe-bench/env/lib/python3.11/site-packages/rq/connections.py:72: DeprecationWarning: The `pop_connection` function is deprecated. Pass the `connection` explicitly instead.
  warnings.warn(
/home/wahyu260697/document/Erpnext/silverplast/frappe-bench/env/lib/python3.11/site-packages/rq/connections.py:58: DeprecationWarning: The `push_connection` function is deprecated. Pass the `connection` explicitly instead.
  warnings.warn(
/home/wahyu260697/document/Erpnext/silverplast/frappe-bench/env/lib/python3.11/site-packages/passlib/utils/__init__.py:854: DeprecationWarning: 'crypt' is deprecated and slated for removal in Python 3.13
  from crypt import crypt as _crypt
/home/wahyu260697/document/Erpnext/silverplast/frappe-bench/env/lib/python3.11/site-packages/rq/connections.py:72: DeprecationWarning: The `pop_connection` function is deprecated. Pass the `connection` explicitly instead.
  warnings.warn(
/home/wahyu260697/document/Erpnext/silverplast/frappe-bench/env/lib/python3.11/site-packages/rq/connections.py:58: DeprecationWarning: The `push_connection` function is deprecated. Pass the `connection` explicitly instead.
  warnings.warn(
/home/wahyu260697/document/Erpnext/silverplast/frappe-bench/env/lib/python3.11/site-packages/passlib/utils/__init__.py:854: DeprecationWarning: 'crypt' is deprecated and slated for removal in Python 3.13
  from crypt import crypt as _crypt
/home/wahyu260697/document/Erpnext/silverplast/frappe-bench/env/lib/python3.11/site-packages/rq/connections.py:72: DeprecationWarning: The `pop_connection` function is deprecated. Pass the `connection` explicitly instead.
  warnings.warn(
/home/wahyu260697/document/Erpnext/silverplast/frappe-bench/env/lib/python3.11/site-packages/rq/connections.py:58: DeprecationWarning: The `push_connection` function is deprecated. Pass the `connection` explicitly instead.
  warnings.warn(
/home/wahyu260697/document/Erpnext/silverplast/frappe-bench/env/lib/python3.11/site-packages/passlib/utils/__init__.py:854: DeprecationWarning: 'crypt' is deprecated and slated for removal in Python 3.13
  from crypt import crypt as _crypt
/home/wahyu260697/document/Erpnext/silverplast/frappe-bench/env/lib/python3.11/site-packages/rq/connections.py:72: DeprecationWarning: The `pop_connection` function is deprecated. Pass the `connection` explicitly instead.
  warnings.warn(
/home/wahyu260697/document/Erpnext/silverplast/frappe-bench/env/lib/python3.11/site-packages/rq/connections.py:58: DeprecationWarning: The `push_connection` function is deprecated. Pass the `connection` explicitly instead.
  warnings.warn(
/home/wahyu260697/document/Erpnext/silverplast/frappe-bench/env/lib/python3.11/site-packages/passlib/utils/__init__.py:854: DeprecationWarning: 'crypt' is deprecated and slated for removal in Python 3.13
  from crypt import crypt as _crypt
/home/wahyu260697/document/Erpnext/silverplast/frappe-bench/env/lib/python3.11/site-packages/rq/connections.py:72: DeprecationWarning: The `pop_connection` function is deprecated. Pass the `connection` explicitly instead.
  warnings.warn(
/home/wahyu260697/document/Erpnext/silverplast/frappe-bench/env/lib/python3.11/site-packages/rq/connections.py:58: DeprecationWarning: The `push_connection` function is deprecated. Pass the `connection` explicitly instead.
  warnings.warn(
/home/wahyu260697/document/Erpnext/silverplast/frappe-bench/env/lib/python3.11/site-packages/passlib/utils/__init__.py:854: DeprecationWarning: 'crypt' is deprecated and slated for removal in Python 3.13
  from crypt import crypt as _crypt
/home/wahyu260697/document/Erpnext/silverplast/frappe-bench/env/lib/python3.11/site-packages/rq/connections.py:72: DeprecationWarning: The `pop_connection` function is deprecated. Pass the `connection` explicitly instead.
  warnings.warn(
/home/wahyu260697/document/Erpnext/silverplast/frappe-bench/env/lib/python3.11/site-packages/rq/connections.py:58: DeprecationWarning: The `push_connection` function is deprecated. Pass the `connection` explicitly instead.
  warnings.warn(
/home/wahyu260697/document/Erpnext/silverplast/frappe-bench/env/lib/python3.11/site-packages/passlib/utils/__init__.py:854: DeprecationWarning: 'crypt' is deprecated and slated for removal in Python 3.13
  from crypt import crypt as _crypt
/home/wahyu260697/document/Erpnext/silverplast/frappe-bench/env/lib/python3.11/site-packages/rq/connections.py:72: DeprecationWarning: The `pop_connection` function is deprecated. Pass the `connection` explicitly instead.
  warnings.warn(
/home/wahyu260697/document/Erpnext/silverplast/frappe-bench/env/lib/python3.11/site-packages/rq/connections.py:58: DeprecationWarning: The `push_connection` function is deprecated. Pass the `connection` explicitly instead.
  warnings.warn(
/home/wahyu260697/document/Erpnext/silverplast/frappe-bench/env/lib/python3.11/site-packages/passlib/utils/__init__.py:854: DeprecationWarning: 'crypt' is deprecated and slated for removal in Python 3.13
  from crypt import crypt as _crypt
/home/wahyu260697/document/Erpnext/silverplast/frappe-bench/env/lib/python3.11/site-packages/rq/connections.py:72: DeprecationWarning: The `pop_connection` function is deprecated. Pass the `connection` explicitly instead.
  warnings.warn(
/home/wahyu260697/document/Erpnext/silverplast/frappe-bench/env/lib/python3.11/site-packages/rq/connections.py:58: DeprecationWarning: The `push_connection` function is deprecated. Pass the `connection` explicitly instead.
  warnings.warn(
/home/wahyu260697/document/Erpnext/silverplast/frappe-bench/env/lib/python3.11/site-packages/passlib/utils/__init__.py:854: DeprecationWarning: 'crypt' is deprecated and slated for removal in Python 3.13
  from crypt import crypt as _crypt
/home/wahyu260697/document/Erpnext/silverplast/frappe-bench/env/lib/python3.11/site-packages/rq/connections.py:72: DeprecationWarning: The `pop_connection` function is deprecated. Pass the `connection` explicitly instead.
  warnings.warn(
Exception in thread Thread-1:
Traceback (most recent call last):
  File "/home/wahyu260697/.local/share/uv/python/cpython-3.11.14-linux-x86_64-gnu/lib/python3.11/threading.py", line 1045, in _bootstrap_inner
    self.run()
  File "/home/wahyu260697/document/Erpnext/silverplast/frappe-bench/env/lib/python3.11/site-packages/redis/client.py", line 1799, in run
    pubsub.get_message(ignore_subscribe_messages=True, timeout=sleep_time)
  File "/home/wahyu260697/document/Erpnext/silverplast/frappe-bench/env/lib/python3.11/site-packages/redis/client.py", line 1690, in get_message
    response = self.parse_response(block=(timeout is None), timeout=timeout)
               ^^^^^^^^^^^^^^^^^^^^^^^^^^^^^^^^^^^^^^^^^^^^^^^^^^^^^^^^^^^^^
  File "/home/wahyu260697/document/Erpnext/silverplast/frappe-bench/env/lib/python3.11/site-packages/redis/client.py", line 1542, in parse_response
    response = self._execute(conn, try_read)
               ^^^^^^^^^^^^^^^^^^^^^^^^^^^^^
  File "/home/wahyu260697/document/Erpnext/silverplast/frappe-bench/env/lib/python3.11/site-packages/redis/client.py", line 1518, in _execute
    return conn.retry.call_with_retry(
           ^^^^^^^^^^^^^^^^^^^^^^^^^^^
  File "/home/wahyu260697/document/Erpnext/silverplast/frappe-bench/env/lib/python3.11/site-packages/redis/retry.py", line 49, in call_with_retry
    fail(error)
  File "/home/wahyu260697/document/Erpnext/silverplast/frappe-bench/env/lib/python3.11/site-packages/redis/client.py", line 1520, in <lambda>
    lambda error: self._disconnect_raise_connect(conn, error),
        2026-03-27 11:19:38,498 Could not connect to Redis instance: Connection closed by server. Retrying in 1 seconds...
          ^^^^^^^^^^^^^^^^^^^^^^^^^^^^^^^^^^^^^^^^^^^
  File "/home/wahyu260697/document/Erpnext/silverplast/frappe-bench/env/lib/python3.11/site-packages/redis/client.py", line 1507, in _disconnect_raise_connect
    raise error
  File "/home/wahyu260697/document/Erpnext/silverplast/frappe-bench/env/lib/python3.11/site-packages/redis/retry.py", line 46, in call_with_retry
    return do()
           ^^^^
  File "/home/wahyu260697/document/Erpnext/silverplast/frappe-bench/env/lib/python3.11/site-packages/redis/client.py", line 1519, in <lambda>
    lambda: command(*args, **kwargs),
            ^^^^^^^^^^^^^^^^^^^^^^^^
  File "/home/wahyu260697/document/Erpnext/silverplast/frappe-bench/env/lib/python3.11/site-packages/redis/client.py", line 1536, in try_read
    if not conn.can_read(timeout=timeout):
           ^^^^^^^^^^^^^^^^^^^^^^^^^^^^^^
  File "/home/wahyu260697/document/Erpnext/silverplast/frappe-bench/env/lib/python3.11/site-packages/redis/connection.py", line 861, in can_read
    return self._parser.can_read(timeout)
           ^^^^^^^^^^^^^^^^^^^^^^^^^^^^^^
  File "/home/wahyu260697/document/Erpnext/silverplast/frappe-bench/env/lib/python3.11/site-packages/redis/connection.py", line 444, in can_read
    return self.read_from_socket(timeout=timeout, raise_on_timeout=False)
           ^^^^^^^^^^^^^^^^^^^^^^^^^^^^^^^^^^^^^^^^^^^^^^^^^^^^^^^^^^^^^^
  File "/home/wahyu260697/document/Erpnext/silverplast/frappe-bench/env/lib/python3.11/site-packages/redis/connection.py", line 455, in read_from_socket
    raise ConnectionError(SERVER_CLOSED_CONNECTION_ERROR)
redis.exceptions.ConnectionError: Connection closed by server.
2026-03-27 11:19:39,504 Could not connect to Redis instance: Error 111 connecting to 127.0.0.1:6380. Connection refused. Retrying in 2 seconds...
2026-03-27 11:19:41,510 Could not connect to Redis instance: Error 111 connecting to 127.0.0.1:6380. Connection refused. Retrying in 4 seconds...
/home/wahyu260697/document/Erpnext/silverplast/frappe-bench/env/lib/python3.11/site-packages/rq/connections.py:58: DeprecationWarning: The `push_connection` function is deprecated. Pass the `connection` explicitly instead.
  warnings.warn(
/home/wahyu260697/document/Erpnext/silverplast/frappe-bench/env/lib/python3.11/site-packages/passlib/utils/__init__.py:854: DeprecationWarning: 'crypt' is deprecated and slated for removal in Python 3.13
  from crypt import crypt as _crypt
/home/wahyu260697/document/Erpnext/silverplast/frappe-bench/env/lib/python3.11/site-packages/rq/connections.py:72: DeprecationWarning: The `pop_connection` function is deprecated. Pass the `connection` explicitly instead.
  warnings.warn(
/home/wahyu260697/document/Erpnext/silverplast/frappe-bench/env/lib/python3.11/site-packages/rq/connections.py:58: DeprecationWarning: The `push_connection` function is deprecated. Pass the `connection` explicitly instead.
  warnings.warn(
/home/wahyu260697/document/Erpnext/silverplast/frappe-bench/env/lib/python3.11/site-packages/passlib/utils/__init__.py:854: DeprecationWarning: 'crypt' is deprecated and slated for removal in Python 3.13
  from crypt import crypt as _crypt
/home/wahyu260697/document/Erpnext/silverplast/frappe-bench/env/lib/python3.11/site-packages/rq/connections.py:72: DeprecationWarning: The `pop_connection` function is deprecated. Pass the `connection` explicitly instead.
  warnings.warn(
/home/wahyu260697/document/Erpnext/silverplast/frappe-bench/env/lib/python3.11/site-packages/rq/connections.py:58: DeprecationWarning: The `push_connection` function is deprecated. Pass the `connection` explicitly instead.
  warnings.warn(
/home/wahyu260697/document/Erpnext/silverplast/frappe-bench/env/lib/python3.11/site-packages/passlib/utils/__init__.py:854: DeprecationWarning: 'crypt' is deprecated and slated for removal in Python 3.13
  from crypt import crypt as _crypt
/home/wahyu260697/document/Erpnext/silverplast/frappe-bench/env/lib/python3.11/site-packages/rq/connections.py:72: DeprecationWarning: The `pop_connection` function is deprecated. Pass the `connection` explicitly instead.
  warnings.warn(
/home/wahyu260697/document/Erpnext/silverplast/frappe-bench/env/lib/python3.11/site-packages/rq/connections.py:58: DeprecationWarning: The `push_connection` function is deprecated. Pass the `connection` explicitly instead.
  warnings.warn(
/home/wahyu260697/document/Erpnext/silverplast/frappe-bench/env/lib/python3.11/site-packages/passlib/utils/__init__.py:854: DeprecationWarning: 'crypt' is deprecated and slated for removal in Python 3.13
  from crypt import crypt as _crypt
/home/wahyu260697/document/Erpnext/silverplast/frappe-bench/env/lib/python3.11/site-packages/rq/connections.py:72: DeprecationWarning: The `pop_connection` function is deprecated. Pass the `connection` explicitly instead.
  warnings.warn(
/home/wahyu260697/document/Erpnext/silverplast/frappe-bench/env/lib/python3.11/site-packages/rq/connections.py:58: DeprecationWarning: The `push_connection` function is deprecated. Pass the `connection` explicitly instead.
  warnings.warn(
/home/wahyu260697/document/Erpnext/silverplast/frappe-bench/env/lib/python3.11/site-packages/passlib/utils/__init__.py:854: DeprecationWarning: 'crypt' is deprecated and slated for removal in Python 3.13
  from crypt import crypt as _crypt
/home/wahyu260697/document/Erpnext/silverplast/frappe-bench/env/lib/python3.11/site-packages/rq/connections.py:72: DeprecationWarning: The `pop_connection` function is deprecated. Pass the `connection` explicitly instead.
  warnings.warn(
/home/wahyu260697/document/Erpnext/silverplast/frappe-bench/env/lib/python3.11/site-packages/rq/connections.py:58: DeprecationWarning: The `push_connection` function is deprecated. Pass the `connection` explicitly instead.
  warnings.warn(
/home/wahyu260697/document/Erpnext/silverplast/frappe-bench/env/lib/python3.11/site-packages/passlib/utils/__init__.py:854: DeprecationWarning: 'crypt' is deprecated and slated for removal in Python 3.13
  from crypt import crypt as _crypt
/home/wahyu260697/document/Erpnext/silverplast/frappe-bench/env/lib/python3.11/site-packages/rq/connections.py:72: DeprecationWarning: The `pop_connection` function is deprecated. Pass the `connection` explicitly instead.
  warnings.warn(
/home/wahyu260697/document/Erpnext/silverplast/frappe-bench/env/lib/python3.11/site-packages/rq/connections.py:58: DeprecationWarning: The `push_connection` function is deprecated. Pass the `connection` explicitly instead.
  warnings.warn(
/home/wahyu260697/document/Erpnext/silverplast/frappe-bench/env/lib/python3.11/site-packages/passlib/utils/__init__.py:854: DeprecationWarning: 'crypt' is deprecated and slated for removal in Python 3.13
  from crypt import crypt as _crypt
/home/wahyu260697/document/Erpnext/silverplast/frappe-bench/env/lib/python3.11/site-packages/rq/connections.py:72: DeprecationWarning: The `pop_connection` function is deprecated. Pass the `connection` explicitly instead.
  warnings.warn(
/home/wahyu260697/document/Erpnext/silverplast/frappe-bench/env/lib/python3.11/site-packages/rq/connections.py:58: DeprecationWarning: The `push_connection` function is deprecated. Pass the `connection` explicitly instead.
  warnings.warn(
/home/wahyu260697/document/Erpnext/silverplast/frappe-bench/env/lib/python3.11/site-packages/passlib/utils/__init__.py:854: DeprecationWarning: 'crypt' is deprecated and slated for removal in Python 3.13
  from crypt import crypt as _crypt
/home/wahyu260697/document/Erpnext/silverplast/frappe-bench/env/lib/python3.11/site-packages/rq/connections.py:72: DeprecationWarning: The `pop_connection` function is deprecated. Pass the `connection` explicitly instead.
  warnings.warn(
/home/wahyu260697/document/Erpnext/silverplast/frappe-bench/env/lib/python3.11/site-packages/rq/connections.py:58: DeprecationWarning: The `push_connection` function is deprecated. Pass the `connection` explicitly instead.
  warnings.warn(
/home/wahyu260697/document/Erpnext/silverplast/frappe-bench/env/lib/python3.11/site-packages/passlib/utils/__init__.py:854: DeprecationWarning: 'crypt' is deprecated and slated for removal in Python 3.13
  from crypt import crypt as _crypt
/home/wahyu260697/document/Erpnext/silverplast/frappe-bench/env/lib/python3.11/site-packages/rq/connections.py:72: DeprecationWarning: The `pop_connection` function is deprecated. Pass the `connection` explicitly instead.
  warnings.warn(
/home/wahyu260697/document/Erpnext/silverplast/frappe-bench/env/lib/python3.11/site-packages/rq/connections.py:58: DeprecationWarning: The `push_connection` function is deprecated. Pass the `connection` explicitly instead.
  warnings.warn(
/home/wahyu260697/document/Erpnext/silverplast/frappe-bench/env/lib/python3.11/site-packages/passlib/utils/__init__.py:854: DeprecationWarning: 'crypt' is deprecated and slated for removal in Python 3.13
  from crypt import crypt as _crypt
/home/wahyu260697/document/Erpnext/silverplast/frappe-bench/env/lib/python3.11/site-packages/rq/connections.py:72: DeprecationWarning: The `pop_connection` function is deprecated. Pass the `connection` explicitly instead.
  warnings.warn(
/home/wahyu260697/document/Erpnext/silverplast/frappe-bench/env/lib/python3.11/site-packages/rq/connections.py:58: DeprecationWarning: The `push_connection` function is deprecated. Pass the `connection` explicitly instead.
  warnings.warn(
/home/wahyu260697/document/Erpnext/silverplast/frappe-bench/env/lib/python3.11/site-packages/passlib/utils/__init__.py:854: DeprecationWarning: 'crypt' is deprecated and slated for removal in Python 3.13
  from crypt import crypt as _crypt
/home/wahyu260697/document/Erpnext/silverplast/frappe-bench/env/lib/python3.11/site-packages/rq/connections.py:72: DeprecationWarning: The `pop_connection` function is deprecated. Pass the `connection` explicitly instead.
  warnings.warn(
/home/wahyu260697/document/Erpnext/silverplast/frappe-bench/env/lib/python3.11/site-packages/rq/connections.py:58: DeprecationWarning: The `push_connection` function is deprecated. Pass the `connection` explicitly instead.
  warnings.warn(
/home/wahyu260697/document/Erpnext/silverplast/frappe-bench/env/lib/python3.11/site-packages/passlib/utils/__init__.py:854: DeprecationWarning: 'crypt' is deprecated and slated for removal in Python 3.13
  from crypt import crypt as _crypt
/home/wahyu260697/document/Erpnext/silverplast/frappe-bench/env/lib/python3.11/site-packages/rq/connections.py:72: DeprecationWarning: The `pop_connection` function is deprecated. Pass the `connection` explicitly instead.
  warnings.warn(
/home/wahyu260697/document/Erpnext/silverplast/frappe-bench/env/lib/python3.11/site-packages/rq/connections.py:58: DeprecationWarning: The `push_connection` function is deprecated. Pass the `connection` explicitly instead.
  warnings.warn(
/home/wahyu260697/document/Erpnext/silverplast/frappe-bench/env/lib/python3.11/site-packages/passlib/utils/__init__.py:854: DeprecationWarning: 'crypt' is deprecated and slated for removal in Python 3.13
  from crypt import crypt as _crypt
/home/wahyu260697/document/Erpnext/silverplast/frappe-bench/env/lib/python3.11/site-packages/rq/connections.py:72: DeprecationWarning: The `pop_connection` function is deprecated. Pass the `connection` explicitly instead.
  warnings.warn(
/home/wahyu260697/document/Erpnext/silverplast/frappe-bench/env/lib/python3.11/site-packages/rq/connections.py:58: DeprecationWarning: The `push_connection` function is deprecated. Pass the `connection` explicitly instead.
  warnings.warn(
/home/wahyu260697/document/Erpnext/silverplast/frappe-bench/env/lib/python3.11/site-packages/passlib/utils/__init__.py:854: DeprecationWarning: 'crypt' is deprecated and slated for removal in Python 3.13
  from crypt import crypt as _crypt
/home/wahyu260697/document/Erpnext/silverplast/frappe-bench/env/lib/python3.11/site-packages/rq/connections.py:72: DeprecationWarning: The `pop_connection` function is deprecated. Pass the `connection` explicitly instead.
  warnings.warn(
/home/wahyu260697/document/Erpnext/silverplast/frappe-bench/env/lib/python3.11/site-packages/rq/connections.py:58: DeprecationWarning: The `push_connection` function is deprecated. Pass the `connection` explicitly instead.
  warnings.warn(
/home/wahyu260697/document/Erpnext/silverplast/frappe-bench/env/lib/python3.11/site-packages/passlib/utils/__init__.py:854: DeprecationWarning: 'crypt' is deprecated and slated for removal in Python 3.13
  from crypt import crypt as _crypt
/home/wahyu260697/document/Erpnext/silverplast/frappe-bench/env/lib/python3.11/site-packages/rq/connections.py:72: DeprecationWarning: The `pop_connection` function is deprecated. Pass the `connection` explicitly instead.
  warnings.warn(
/home/wahyu260697/document/Erpnext/silverplast/frappe-bench/env/lib/python3.11/site-packages/rq/connections.py:58: DeprecationWarning: The `push_connection` function is deprecated. Pass the `connection` explicitly instead.
  warnings.warn(
/home/wahyu260697/document/Erpnext/silverplast/frappe-bench/env/lib/python3.11/site-packages/passlib/utils/__init__.py:854: DeprecationWarning: 'crypt' is deprecated and slated for removal in Python 3.13
  from crypt import crypt as _crypt
/home/wahyu260697/document/Erpnext/silverplast/frappe-bench/env/lib/python3.11/site-packages/rq/connections.py:72: DeprecationWarning: The `pop_connection` function is deprecated. Pass the `connection` explicitly instead.
  warnings.warn(
/home/wahyu260697/document/Erpnext/silverplast/frappe-bench/env/lib/python3.11/site-packages/rq/connections.py:58: DeprecationWarning: The `push_connection` function is deprecated. Pass the `connection` explicitly instead.
  warnings.warn(
/home/wahyu260697/document/Erpnext/silverplast/frappe-bench/env/lib/python3.11/site-packages/passlib/utils/__init__.py:854: DeprecationWarning: 'crypt' is deprecated and slated for removal in Python 3.13
  from crypt import crypt as _crypt
/home/wahyu260697/document/Erpnext/silverplast/frappe-bench/env/lib/python3.11/site-packages/rq/connections.py:72: DeprecationWarning: The `pop_connection` function is deprecated. Pass the `connection` explicitly instead.
  warnings.warn(
/home/wahyu260697/document/Erpnext/silverplast/frappe-bench/env/lib/python3.11/site-packages/rq/connections.py:58: DeprecationWarning: The `push_connection` function is deprecated. Pass the `connection` explicitly instead.
  warnings.warn(
/home/wahyu260697/document/Erpnext/silverplast/frappe-bench/env/lib/python3.11/site-packages/passlib/utils/__init__.py:854: DeprecationWarning: 'crypt' is deprecated and slated for removal in Python 3.13
  from crypt import crypt as _crypt
/home/wahyu260697/document/Erpnext/silverplast/frappe-bench/env/lib/python3.11/site-packages/rq/connections.py:72: DeprecationWarning: The `pop_connection` function is deprecated. Pass the `connection` explicitly instead.
  warnings.warn(
/home/wahyu260697/document/Erpnext/silverplast/frappe-bench/env/lib/python3.11/site-packages/rq/connections.py:58: DeprecationWarning: The `push_connection` function is deprecated. Pass the `connection` explicitly instead.
  warnings.warn(
/home/wahyu260697/document/Erpnext/silverplast/frappe-bench/env/lib/python3.11/site-packages/passlib/utils/__init__.py:854: DeprecationWarning: 'crypt' is deprecated and slated for removal in Python 3.13
  from crypt import crypt as _crypt
/home/wahyu260697/document/Erpnext/silverplast/frappe-bench/env/lib/python3.11/site-packages/rq/connections.py:72: DeprecationWarning: The `pop_connection` function is deprecated. Pass the `connection` explicitly instead.
  warnings.warn(
/home/wahyu260697/document/Erpnext/silverplast/frappe-bench/env/lib/python3.11/site-packages/rq/connections.py:58: DeprecationWarning: The `push_connection` function is deprecated. Pass the `connection` explicitly instead.
  warnings.warn(
/home/wahyu260697/document/Erpnext/silverplast/frappe-bench/env/lib/python3.11/site-packages/passlib/utils/__init__.py:854: DeprecationWarning: 'crypt' is deprecated and slated for removal in Python 3.13
  from crypt import crypt as _crypt
/home/wahyu260697/document/Erpnext/silverplast/frappe-bench/env/lib/python3.11/site-packages/rq/connections.py:72: DeprecationWarning: The `pop_connection` function is deprecated. Pass the `connection` explicitly instead.
  warnings.warn(
/home/wahyu260697/document/Erpnext/silverplast/frappe-bench/env/lib/python3.11/site-packages/rq/connections.py:58: DeprecationWarning: The `push_connection` function is deprecated. Pass the `connection` explicitly instead.
  warnings.warn(
/home/wahyu260697/document/Erpnext/silverplast/frappe-bench/env/lib/python3.11/site-packages/passlib/utils/__init__.py:854: DeprecationWarning: 'crypt' is deprecated and slated for removal in Python 3.13
  from crypt import crypt as _crypt
/home/wahyu260697/document/Erpnext/silverplast/frappe-bench/env/lib/python3.11/site-packages/rq/connections.py:72: DeprecationWarning: The `pop_connection` function is deprecated. Pass the `connection` explicitly instead.
  warnings.warn(
/home/wahyu260697/document/Erpnext/silverplast/frappe-bench/env/lib/python3.11/site-packages/rq/connections.py:58: DeprecationWarning: The `push_connection` function is deprecated. Pass the `connection` explicitly instead.
  warnings.warn(
/home/wahyu260697/document/Erpnext/silverplast/frappe-bench/env/lib/python3.11/site-packages/passlib/utils/__init__.py:854: DeprecationWarning: 'crypt' is deprecated and slated for removal in Python 3.13
  from crypt import crypt as _crypt
/home/wahyu260697/document/Erpnext/silverplast/frappe-bench/env/lib/python3.11/site-packages/rq/connections.py:72: DeprecationWarning: The `pop_connection` function is deprecated. Pass the `connection` explicitly instead.
  warnings.warn(
/home/wahyu260697/document/Erpnext/silverplast/frappe-bench/env/lib/python3.11/site-packages/rq/connections.py:58: DeprecationWarning: The `push_connection` function is deprecated. Pass the `connection` explicitly instead.
  warnings.warn(
/home/wahyu260697/document/Erpnext/silverplast/frappe-bench/env/lib/python3.11/site-packages/passlib/utils/__init__.py:854: DeprecationWarning: 'crypt' is deprecated and slated for removal in Python 3.13
  from crypt import crypt as _crypt
/home/wahyu260697/document/Erpnext/silverplast/frappe-bench/env/lib/python3.11/site-packages/rq/connections.py:72: DeprecationWarning: The `pop_connection` function is deprecated. Pass the `connection` explicitly instead.
  warnings.warn(
/home/wahyu260697/document/Erpnext/silverplast/frappe-bench/env/lib/python3.11/site-packages/rq/connections.py:58: DeprecationWarning: The `push_connection` function is deprecated. Pass the `connection` explicitly instead.
  warnings.warn(
/home/wahyu260697/document/Erpnext/silverplast/frappe-bench/env/lib/python3.11/site-packages/passlib/utils/__init__.py:854: DeprecationWarning: 'crypt' is deprecated and slated for removal in Python 3.13
  from crypt import crypt as _crypt
/home/wahyu260697/document/Erpnext/silverplast/frappe-bench/env/lib/python3.11/site-packages/rq/connections.py:72: DeprecationWarning: The `pop_connection` function is deprecated. Pass the `connection` explicitly instead.
  warnings.warn(
/home/wahyu260697/document/Erpnext/silverplast/frappe-bench/env/lib/python3.11/site-packages/rq/connections.py:58: DeprecationWarning: The `push_connection` function is deprecated. Pass the `connection` explicitly instead.
  warnings.warn(
/home/wahyu260697/document/Erpnext/silverplast/frappe-bench/env/lib/python3.11/site-packages/passlib/utils/__init__.py:854: DeprecationWarning: 'crypt' is deprecated and slated for removal in Python 3.13
  from crypt import crypt as _crypt
/home/wahyu260697/document/Erpnext/silverplast/frappe-bench/env/lib/python3.11/site-packages/rq/connections.py:72: DeprecationWarning: The `pop_connection` function is deprecated. Pass the `connection` explicitly instead.
  warnings.warn(
/home/wahyu260697/document/Erpnext/silverplast/frappe-bench/env/lib/python3.11/site-packages/rq/connections.py:58: DeprecationWarning: The `push_connection` function is deprecated. Pass the `connection` explicitly instead.
  warnings.warn(
/home/wahyu260697/document/Erpnext/silverplast/frappe-bench/env/lib/python3.11/site-packages/passlib/utils/__init__.py:854: DeprecationWarning: 'crypt' is deprecated and slated for removal in Python 3.13
  from crypt import crypt as _crypt
/home/wahyu260697/document/Erpnext/silverplast/frappe-bench/env/lib/python3.11/site-packages/rq/connections.py:72: DeprecationWarning: The `pop_connection` function is deprecated. Pass the `connection` explicitly instead.
  warnings.warn(
/home/wahyu260697/document/Erpnext/silverplast/frappe-bench/env/lib/python3.11/site-packages/rq/connections.py:58: DeprecationWarning: The `push_connection` function is deprecated. Pass the `connection` explicitly instead.
  warnings.warn(
/home/wahyu260697/document/Erpnext/silverplast/frappe-bench/env/lib/python3.11/site-packages/passlib/utils/__init__.py:854: DeprecationWarning: 'crypt' is deprecated and slated for removal in Python 3.13
  from crypt import crypt as _crypt
/home/wahyu260697/document/Erpnext/silverplast/frappe-bench/env/lib/python3.11/site-packages/rq/connections.py:72: DeprecationWarning: The `pop_connection` function is deprecated. Pass the `connection` explicitly instead.
  warnings.warn(
/home/wahyu260697/document/Erpnext/silverplast/frappe-bench/env/lib/python3.11/site-packages/rq/connections.py:58: DeprecationWarning: The `push_connection` function is deprecated. Pass the `connection` explicitly instead.
  warnings.warn(
/home/wahyu260697/document/Erpnext/silverplast/frappe-bench/env/lib/python3.11/site-packages/passlib/utils/__init__.py:854: DeprecationWarning: 'crypt' is deprecated and slated for removal in Python 3.13
  from crypt import crypt as _crypt
/home/wahyu260697/document/Erpnext/silverplast/frappe-bench/env/lib/python3.11/site-packages/rq/connections.py:72: DeprecationWarning: The `pop_connection` function is deprecated. Pass the `connection` explicitly instead.
  warnings.warn(
/home/wahyu260697/document/Erpnext/silverplast/frappe-bench/env/lib/python3.11/site-packages/rq/connections.py:58: DeprecationWarning: The `push_connection` function is deprecated. Pass the `connection` explicitly instead.
  warnings.warn(
/home/wahyu260697/document/Erpnext/silverplast/frappe-bench/env/lib/python3.11/site-packages/passlib/utils/__init__.py:854: DeprecationWarning: 'crypt' is deprecated and slated for removal in Python 3.13
  from crypt import crypt as _crypt
/home/wahyu260697/document/Erpnext/silverplast/frappe-bench/env/lib/python3.11/site-packages/rq/connections.py:72: DeprecationWarning: The `pop_connection` function is deprecated. Pass the `connection` explicitly instead.
  warnings.warn(
/home/wahyu260697/document/Erpnext/silverplast/frappe-bench/env/lib/python3.11/site-packages/rq/connections.py:58: DeprecationWarning: The `push_connection` function is deprecated. Pass the `connection` explicitly instead.
  warnings.warn(
/home/wahyu260697/document/Erpnext/silverplast/frappe-bench/env/lib/python3.11/site-packages/passlib/utils/__init__.py:854: DeprecationWarning: 'crypt' is deprecated and slated for removal in Python 3.13
  from crypt import crypt as _crypt
/home/wahyu260697/document/Erpnext/silverplast/frappe-bench/env/lib/python3.11/site-packages/rq/connections.py:72: DeprecationWarning: The `pop_connection` function is deprecated. Pass the `connection` explicitly instead.
  warnings.warn(
/home/wahyu260697/document/Erpnext/silverplast/frappe-bench/env/lib/python3.11/site-packages/rq/connections.py:58: DeprecationWarning: The `push_connection` function is deprecated. Pass the `connection` explicitly instead.
  warnings.warn(
/home/wahyu260697/document/Erpnext/silverplast/frappe-bench/env/lib/python3.11/site-packages/passlib/utils/__init__.py:854: DeprecationWarning: 'crypt' is deprecated and slated for removal in Python 3.13
  from crypt import crypt as _crypt
/home/wahyu260697/document/Erpnext/silverplast/frappe-bench/env/lib/python3.11/site-packages/rq/connections.py:72: DeprecationWarning: The `pop_connection` function is deprecated. Pass the `connection` explicitly instead.
  warnings.warn(
/home/wahyu260697/document/Erpnext/silverplast/frappe-bench/env/lib/python3.11/site-packages/rq/connections.py:58: DeprecationWarning: The `push_connection` function is deprecated. Pass the `connection` explicitly instead.
  warnings.warn(
/home/wahyu260697/document/Erpnext/silverplast/frappe-bench/env/lib/python3.11/site-packages/passlib/utils/__init__.py:854: DeprecationWarning: 'crypt' is deprecated and slated for removal in Python 3.13
  from crypt import crypt as _crypt
/home/wahyu260697/document/Erpnext/silverplast/frappe-bench/env/lib/python3.11/site-packages/rq/connections.py:72: DeprecationWarning: The `pop_connection` function is deprecated. Pass the `connection` explicitly instead.
  warnings.warn(
/home/wahyu260697/document/Erpnext/silverplast/frappe-bench/env/lib/python3.11/site-packages/rq/connections.py:58: DeprecationWarning: The `push_connection` function is deprecated. Pass the `connection` explicitly instead.
  warnings.warn(
/home/wahyu260697/document/Erpnext/silverplast/frappe-bench/env/lib/python3.11/site-packages/passlib/utils/__init__.py:854: DeprecationWarning: 'crypt' is deprecated and slated for removal in Python 3.13
  from crypt import crypt as _crypt
/home/wahyu260697/document/Erpnext/silverplast/frappe-bench/env/lib/python3.11/site-packages/rq/connections.py:72: DeprecationWarning: The `pop_connection` function is deprecated. Pass the `connection` explicitly instead.
  warnings.warn(
/home/wahyu260697/document/Erpnext/silverplast/frappe-bench/env/lib/python3.11/site-packages/rq/connections.py:58: DeprecationWarning: The `push_connection` function is deprecated. Pass the `connection` explicitly instead.
  warnings.warn(
/home/wahyu260697/document/Erpnext/silverplast/frappe-bench/env/lib/python3.11/site-packages/passlib/utils/__init__.py:854: DeprecationWarning: 'crypt' is deprecated and slated for removal in Python 3.13
  from crypt import crypt as _crypt
/home/wahyu260697/document/Erpnext/silverplast/frappe-bench/env/lib/python3.11/site-packages/rq/connections.py:72: DeprecationWarning: The `pop_connection` function is deprecated. Pass the `connection` explicitly instead.
  warnings.warn(
/home/wahyu260697/document/Erpnext/silverplast/frappe-bench/env/lib/python3.11/site-packages/rq/connections.py:58: DeprecationWarning: The `push_connection` function is deprecated. Pass the `connection` explicitly instead.
  warnings.warn(
/home/wahyu260697/document/Erpnext/silverplast/frappe-bench/env/lib/python3.11/site-packages/passlib/utils/__init__.py:854: DeprecationWarning: 'crypt' is deprecated and slated for removal in Python 3.13
  from crypt import crypt as _crypt
/home/wahyu260697/document/Erpnext/silverplast/frappe-bench/env/lib/python3.11/site-packages/rq/connections.py:72: DeprecationWarning: The `pop_connection` function is deprecated. Pass the `connection` explicitly instead.
  warnings.warn(
/home/wahyu260697/document/Erpnext/silverplast/frappe-bench/env/lib/python3.11/site-packages/rq/connections.py:58: DeprecationWarning: The `push_connection` function is deprecated. Pass the `connection` explicitly instead.
  warnings.warn(
/home/wahyu260697/document/Erpnext/silverplast/frappe-bench/env/lib/python3.11/site-packages/passlib/utils/__init__.py:854: DeprecationWarning: 'crypt' is deprecated and slated for removal in Python 3.13
  from crypt import crypt as _crypt
/home/wahyu260697/document/Erpnext/silverplast/frappe-bench/env/lib/python3.11/site-packages/rq/connections.py:72: DeprecationWarning: The `pop_connection` function is deprecated. Pass the `connection` explicitly instead.
  warnings.warn(
/home/wahyu260697/document/Erpnext/silverplast/frappe-bench/env/lib/python3.11/site-packages/rq/connections.py:58: DeprecationWarning: The `push_connection` function is deprecated. Pass the `connection` explicitly instead.
  warnings.warn(
/home/wahyu260697/document/Erpnext/silverplast/frappe-bench/env/lib/python3.11/site-packages/passlib/utils/__init__.py:854: DeprecationWarning: 'crypt' is deprecated and slated for removal in Python 3.13
  from crypt import crypt as _crypt
/home/wahyu260697/document/Erpnext/silverplast/frappe-bench/env/lib/python3.11/site-packages/rq/connections.py:72: DeprecationWarning: The `pop_connection` function is deprecated. Pass the `connection` explicitly instead.
  warnings.warn(
/home/wahyu260697/document/Erpnext/silverplast/frappe-bench/env/lib/python3.11/site-packages/rq/connections.py:58: DeprecationWarning: The `push_connection` function is deprecated. Pass the `connection` explicitly instead.
  warnings.warn(
/home/wahyu260697/document/Erpnext/silverplast/frappe-bench/env/lib/python3.11/site-packages/passlib/utils/__init__.py:854: DeprecationWarning: 'crypt' is deprecated and slated for removal in Python 3.13
  from crypt import crypt as _crypt
/home/wahyu260697/document/Erpnext/silverplast/frappe-bench/env/lib/python3.11/site-packages/rq/connections.py:72: DeprecationWarning: The `pop_connection` function is deprecated. Pass the `connection` explicitly instead.
  warnings.warn(
/home/wahyu260697/document/Erpnext/silverplast/frappe-bench/env/lib/python3.11/site-packages/rq/connections.py:58: DeprecationWarning: The `push_connection` function is deprecated. Pass the `connection` explicitly instead.
  warnings.warn(
/home/wahyu260697/document/Erpnext/silverplast/frappe-bench/env/lib/python3.11/site-packages/passlib/utils/__init__.py:854: DeprecationWarning: 'crypt' is deprecated and slated for removal in Python 3.13
  from crypt import crypt as _crypt
/home/wahyu260697/document/Erpnext/silverplast/frappe-bench/env/lib/python3.11/site-packages/rq/connections.py:72: DeprecationWarning: The `pop_connection` function is deprecated. Pass the `connection` explicitly instead.
  warnings.warn(
/home/wahyu260697/document/Erpnext/silverplast/frappe-bench/env/lib/python3.11/site-packages/rq/connections.py:58: DeprecationWarning: The `push_connection` function is deprecated. Pass the `connection` explicitly instead.
  warnings.warn(
/home/wahyu260697/document/Erpnext/silverplast/frappe-bench/env/lib/python3.11/site-packages/passlib/utils/__init__.py:854: DeprecationWarning: 'crypt' is deprecated and slated for removal in Python 3.13
  from crypt import crypt as _crypt
/home/wahyu260697/document/Erpnext/silverplast/frappe-bench/env/lib/python3.11/site-packages/rq/connections.py:72: DeprecationWarning: The `pop_connection` function is deprecated. Pass the `connection` explicitly instead.
  warnings.warn(
/home/wahyu260697/document/Erpnext/silverplast/frappe-bench/env/lib/python3.11/site-packages/rq/connections.py:58: DeprecationWarning: The `push_connection` function is deprecated. Pass the `connection` explicitly instead.
  warnings.warn(
/home/wahyu260697/document/Erpnext/silverplast/frappe-bench/env/lib/python3.11/site-packages/passlib/utils/__init__.py:854: DeprecationWarning: 'crypt' is deprecated and slated for removal in Python 3.13
  from crypt import crypt as _crypt
/home/wahyu260697/document/Erpnext/silverplast/frappe-bench/env/lib/python3.11/site-packages/rq/connections.py:72: DeprecationWarning: The `pop_connection` function is deprecated. Pass the `connection` explicitly instead.
  warnings.warn(
/home/wahyu260697/document/Erpnext/silverplast/frappe-bench/env/lib/python3.11/site-packages/rq/connections.py:58: DeprecationWarning: The `push_connection` function is deprecated. Pass the `connection` explicitly instead.
  warnings.warn(
/home/wahyu260697/document/Erpnext/silverplast/frappe-bench/env/lib/python3.11/site-packages/passlib/utils/__init__.py:854: DeprecationWarning: 'crypt' is deprecated and slated for removal in Python 3.13
  from crypt import crypt as _crypt
/home/wahyu260697/document/Erpnext/silverplast/frappe-bench/env/lib/python3.11/site-packages/rq/connections.py:72: DeprecationWarning: The `pop_connection` function is deprecated. Pass the `connection` explicitly instead.
  warnings.warn(
/home/wahyu260697/document/Erpnext/silverplast/frappe-bench/env/lib/python3.11/site-packages/rq/connections.py:58: DeprecationWarning: The `push_connection` function is deprecated. Pass the `connection` explicitly instead.
  warnings.warn(
/home/wahyu260697/document/Erpnext/silverplast/frappe-bench/env/lib/python3.11/site-packages/passlib/utils/__init__.py:854: DeprecationWarning: 'crypt' is deprecated and slated for removal in Python 3.13
  from crypt import crypt as _crypt
/home/wahyu260697/document/Erpnext/silverplast/frappe-bench/env/lib/python3.11/site-packages/rq/connections.py:72: DeprecationWarning: The `pop_connection` function is deprecated. Pass the `connection` explicitly instead.
  warnings.warn(
/home/wahyu260697/document/Erpnext/silverplast/frappe-bench/env/lib/python3.11/site-packages/rq/connections.py:58: DeprecationWarning: The `push_connection` function is deprecated. Pass the `connection` explicitly instead.
  warnings.warn(
/home/wahyu260697/document/Erpnext/silverplast/frappe-bench/env/lib/python3.11/site-packages/passlib/utils/__init__.py:854: DeprecationWarning: 'crypt' is deprecated and slated for removal in Python 3.13
  from crypt import crypt as _crypt
/home/wahyu260697/document/Erpnext/silverplast/frappe-bench/env/lib/python3.11/site-packages/rq/connections.py:72: DeprecationWarning: The `pop_connection` function is deprecated. Pass the `connection` explicitly instead.
  warnings.warn(
/home/wahyu260697/document/Erpnext/silverplast/frappe-bench/env/lib/python3.11/site-packages/rq/connections.py:58: DeprecationWarning: The `push_connection` function is deprecated. Pass the `connection` explicitly instead.
  warnings.warn(
/home/wahyu260697/document/Erpnext/silverplast/frappe-bench/env/lib/python3.11/site-packages/rq/connections.py:72: DeprecationWarning: The `pop_connection` function is deprecated. Pass the `connection` explicitly instead.
  warnings.warn(
/home/wahyu260697/document/Erpnext/silverplast/frappe-bench/env/lib/python3.11/site-packages/rq/connections.py:58: DeprecationWarning: The `push_connection` function is deprecated. Pass the `connection` explicitly instead.
  warnings.warn(
/home/wahyu260697/document/Erpnext/silverplast/frappe-bench/env/lib/python3.11/site-packages/passlib/utils/__init__.py:854: DeprecationWarning: 'crypt' is deprecated and slated for removal in Python 3.13
  from crypt import crypt as _crypt
/home/wahyu260697/document/Erpnext/silverplast/frappe-bench/env/lib/python3.11/site-packages/rq/connections.py:72: DeprecationWarning: The `pop_connection` function is deprecated. Pass the `connection` explicitly instead.
  warnings.warn(
/home/wahyu260697/document/Erpnext/silverplast/frappe-bench/env/lib/python3.11/site-packages/rq/connections.py:58: DeprecationWarning: The `push_connection` function is deprecated. Pass the `connection` explicitly instead.
  warnings.warn(
/home/wahyu260697/document/Erpnext/silverplast/frappe-bench/env/lib/python3.11/site-packages/passlib/utils/__init__.py:854: DeprecationWarning: 'crypt' is deprecated and slated for removal in Python 3.13
  from crypt import crypt as _crypt
/home/wahyu260697/document/Erpnext/silverplast/frappe-bench/env/lib/python3.11/site-packages/rq/connections.py:72: DeprecationWarning: The `pop_connection` function is deprecated. Pass the `connection` explicitly instead.
  warnings.warn(
/home/wahyu260697/document/Erpnext/silverplast/frappe-bench/env/lib/python3.11/site-packages/rq/connections.py:58: DeprecationWarning: The `push_connection` function is deprecated. Pass the `connection` explicitly instead.
  warnings.warn(
/home/wahyu260697/document/Erpnext/silverplast/frappe-bench/env/lib/python3.11/site-packages/passlib/utils/__init__.py:854: DeprecationWarning: 'crypt' is deprecated and slated for removal in Python 3.13
  from crypt import crypt as _crypt
/home/wahyu260697/document/Erpnext/silverplast/frappe-bench/env/lib/python3.11/site-packages/rq/connections.py:72: DeprecationWarning: The `pop_connection` function is deprecated. Pass the `connection` explicitly instead.
  warnings.warn(
/home/wahyu260697/document/Erpnext/silverplast/frappe-bench/env/lib/python3.11/site-packages/rq/connections.py:58: DeprecationWarning: The `push_connection` function is deprecated. Pass the `connection` explicitly instead.
  warnings.warn(
/home/wahyu260697/document/Erpnext/silverplast/frappe-bench/env/lib/python3.11/site-packages/passlib/utils/__init__.py:854: DeprecationWarning: 'crypt' is deprecated and slated for removal in Python 3.13
  from crypt import crypt as _crypt
/home/wahyu260697/document/Erpnext/silverplast/frappe-bench/env/lib/python3.11/site-packages/rq/connections.py:72: DeprecationWarning: The `pop_connection` function is deprecated. Pass the `connection` explicitly instead.
  warnings.warn(
/home/wahyu260697/document/Erpnext/silverplast/frappe-bench/env/lib/python3.11/site-packages/rq/connections.py:58: DeprecationWarning: The `push_connection` function is deprecated. Pass the `connection` explicitly instead.
  warnings.warn(
/home/wahyu260697/document/Erpnext/silverplast/frappe-bench/env/lib/python3.11/site-packages/passlib/utils/__init__.py:854: DeprecationWarning: 'crypt' is deprecated and slated for removal in Python 3.13
  from crypt import crypt as _crypt
/home/wahyu260697/document/Erpnext/silverplast/frappe-bench/env/lib/python3.11/site-packages/rq/connections.py:72: DeprecationWarning: The `pop_connection` function is deprecated. Pass the `connection` explicitly instead.
  warnings.warn(
/home/wahyu260697/document/Erpnext/silverplast/frappe-bench/env/lib/python3.11/site-packages/rq/connections.py:58: DeprecationWarning: The `push_connection` function is deprecated. Pass the `connection` explicitly instead.
  warnings.warn(
/home/wahyu260697/document/Erpnext/silverplast/frappe-bench/env/lib/python3.11/site-packages/passlib/utils/__init__.py:854: DeprecationWarning: 'crypt' is deprecated and slated for removal in Python 3.13
  from crypt import crypt as _crypt
/home/wahyu260697/document/Erpnext/silverplast/frappe-bench/env/lib/python3.11/site-packages/rq/connections.py:72: DeprecationWarning: The `pop_connection` function is deprecated. Pass the `connection` explicitly instead.
  warnings.warn(
/home/wahyu260697/document/Erpnext/silverplast/frappe-bench/env/lib/python3.11/site-packages/rq/connections.py:58: DeprecationWarning: The `push_connection` function is deprecated. Pass the `connection` explicitly instead.
  warnings.warn(
/home/wahyu260697/document/Erpnext/silverplast/frappe-bench/env/lib/python3.11/site-packages/passlib/utils/__init__.py:854: DeprecationWarning: 'crypt' is deprecated and slated for removal in Python 3.13
  from crypt import crypt as _crypt
/home/wahyu260697/document/Erpnext/silverplast/frappe-bench/env/lib/python3.11/site-packages/rq/connections.py:72: DeprecationWarning: The `pop_connection` function is deprecated. Pass the `connection` explicitly instead.
  warnings.warn(
/home/wahyu260697/document/Erpnext/silverplast/frappe-bench/env/lib/python3.11/site-packages/rq/connections.py:58: DeprecationWarning: The `push_connection` function is deprecated. Pass the `connection` explicitly instead.
  warnings.warn(
/home/wahyu260697/document/Erpnext/silverplast/frappe-bench/env/lib/python3.11/site-packages/passlib/utils/__init__.py:854: DeprecationWarning: 'crypt' is deprecated and slated for removal in Python 3.13
  from crypt import crypt as _crypt
/home/wahyu260697/document/Erpnext/silverplast/frappe-bench/env/lib/python3.11/site-packages/rq/connections.py:72: DeprecationWarning: The `pop_connection` function is deprecated. Pass the `connection` explicitly instead.
  warnings.warn(
/home/wahyu260697/document/Erpnext/silverplast/frappe-bench/env/lib/python3.11/site-packages/rq/connections.py:58: DeprecationWarning: The `push_connection` function is deprecated. Pass the `connection` explicitly instead.
  warnings.warn(
/home/wahyu260697/document/Erpnext/silverplast/frappe-bench/env/lib/python3.11/site-packages/passlib/utils/__init__.py:854: DeprecationWarning: 'crypt' is deprecated and slated for removal in Python 3.13
  from crypt import crypt as _crypt
/home/wahyu260697/document/Erpnext/silverplast/frappe-bench/env/lib/python3.11/site-packages/rq/connections.py:72: DeprecationWarning: The `pop_connection` function is deprecated. Pass the `connection` explicitly instead.
  warnings.warn(
/home/wahyu260697/document/Erpnext/silverplast/frappe-bench/env/lib/python3.11/site-packages/rq/connections.py:58: DeprecationWarning: The `push_connection` function is deprecated. Pass the `connection` explicitly instead.
  warnings.warn(
/home/wahyu260697/document/Erpnext/silverplast/frappe-bench/env/lib/python3.11/site-packages/passlib/utils/__init__.py:854: DeprecationWarning: 'crypt' is deprecated and slated for removal in Python 3.13
  from crypt import crypt as _crypt
/home/wahyu260697/document/Erpnext/silverplast/frappe-bench/env/lib/python3.11/site-packages/rq/connections.py:72: DeprecationWarning: The `pop_connection` function is deprecated. Pass the `connection` explicitly instead.
  warnings.warn(
/home/wahyu260697/document/Erpnext/silverplast/frappe-bench/env/lib/python3.11/site-packages/rq/connections.py:58: DeprecationWarning: The `push_connection` function is deprecated. Pass the `connection` explicitly instead.
  warnings.warn(
/home/wahyu260697/document/Erpnext/silverplast/frappe-bench/env/lib/python3.11/site-packages/passlib/utils/__init__.py:854: DeprecationWarning: 'crypt' is deprecated and slated for removal in Python 3.13
  from crypt import crypt as _crypt
/home/wahyu260697/document/Erpnext/silverplast/frappe-bench/env/lib/python3.11/site-packages/rq/connections.py:72: DeprecationWarning: The `pop_connection` function is deprecated. Pass the `connection` explicitly instead.
  warnings.warn(
/home/wahyu260697/document/Erpnext/silverplast/frappe-bench/env/lib/python3.11/site-packages/rq/connections.py:58: DeprecationWarning: The `push_connection` function is deprecated. Pass the `connection` explicitly instead.
  warnings.warn(
/home/wahyu260697/document/Erpnext/silverplast/frappe-bench/env/lib/python3.11/site-packages/passlib/utils/__init__.py:854: DeprecationWarning: 'crypt' is deprecated and slated for removal in Python 3.13
  from crypt import crypt as _crypt
/home/wahyu260697/document/Erpnext/silverplast/frappe-bench/env/lib/python3.11/site-packages/rq/connections.py:72: DeprecationWarning: The `pop_connection` function is deprecated. Pass the `connection` explicitly instead.
  warnings.warn(
/home/wahyu260697/document/Erpnext/silverplast/frappe-bench/env/lib/python3.11/site-packages/rq/connections.py:58: DeprecationWarning: The `push_connection` function is deprecated. Pass the `connection` explicitly instead.
  warnings.warn(
/home/wahyu260697/document/Erpnext/silverplast/frappe-bench/env/lib/python3.11/site-packages/passlib/utils/__init__.py:854: DeprecationWarning: 'crypt' is deprecated and slated for removal in Python 3.13
  from crypt import crypt as _crypt
/home/wahyu260697/document/Erpnext/silverplast/frappe-bench/env/lib/python3.11/site-packages/rq/connections.py:72: DeprecationWarning: The `pop_connection` function is deprecated. Pass the `connection` explicitly instead.
  warnings.warn(
/home/wahyu260697/document/Erpnext/silverplast/frappe-bench/env/lib/python3.11/site-packages/rq/connections.py:58: DeprecationWarning: The `push_connection` function is deprecated. Pass the `connection` explicitly instead.
  warnings.warn(
/home/wahyu260697/document/Erpnext/silverplast/frappe-bench/env/lib/python3.11/site-packages/passlib/utils/__init__.py:854: DeprecationWarning: 'crypt' is deprecated and slated for removal in Python 3.13
  from crypt import crypt as _crypt
/home/wahyu260697/document/Erpnext/silverplast/frappe-bench/env/lib/python3.11/site-packages/rq/connections.py:72: DeprecationWarning: The `pop_connection` function is deprecated. Pass the `connection` explicitly instead.
  warnings.warn(
/home/wahyu260697/document/Erpnext/silverplast/frappe-bench/env/lib/python3.11/site-packages/rq/connections.py:58: DeprecationWarning: The `push_connection` function is deprecated. Pass the `connection` explicitly instead.
  warnings.warn(
/home/wahyu260697/document/Erpnext/silverplast/frappe-bench/env/lib/python3.11/site-packages/passlib/utils/__init__.py:854: DeprecationWarning: 'crypt' is deprecated and slated for removal in Python 3.13
  from crypt import crypt as _crypt
/home/wahyu260697/document/Erpnext/silverplast/frappe-bench/env/lib/python3.11/site-packages/rq/connections.py:72: DeprecationWarning: The `pop_connection` function is deprecated. Pass the `connection` explicitly instead.
  warnings.warn(
/home/wahyu260697/document/Erpnext/silverplast/frappe-bench/env/lib/python3.11/site-packages/rq/connections.py:58: DeprecationWarning: The `push_connection` function is deprecated. Pass the `connection` explicitly instead.
  warnings.warn(
/home/wahyu260697/document/Erpnext/silverplast/frappe-bench/env/lib/python3.11/site-packages/passlib/utils/__init__.py:854: DeprecationWarning: 'crypt' is deprecated and slated for removal in Python 3.13
  from crypt import crypt as _crypt
/home/wahyu260697/document/Erpnext/silverplast/frappe-bench/env/lib/python3.11/site-packages/rq/connections.py:72: DeprecationWarning: The `pop_connection` function is deprecated. Pass the `connection` explicitly instead.
  warnings.warn(
/home/wahyu260697/document/Erpnext/silverplast/frappe-bench/env/lib/python3.11/site-packages/rq/connections.py:58: DeprecationWarning: The `push_connection` function is deprecated. Pass the `connection` explicitly instead.
  warnings.warn(
/home/wahyu260697/document/Erpnext/silverplast/frappe-bench/env/lib/python3.11/site-packages/passlib/utils/__init__.py:854: DeprecationWarning: 'crypt' is deprecated and slated for removal in Python 3.13
  from crypt import crypt as _crypt
/home/wahyu260697/document/Erpnext/silverplast/frappe-bench/env/lib/python3.11/site-packages/rq/connections.py:72: DeprecationWarning: The `pop_connection` function is deprecated. Pass the `connection` explicitly instead.
  warnings.warn(
/home/wahyu260697/document/Erpnext/silverplast/frappe-bench/env/lib/python3.11/site-packages/rq/connections.py:58: DeprecationWarning: The `push_connection` function is deprecated. Pass the `connection` explicitly instead.
  warnings.warn(
/home/wahyu260697/document/Erpnext/silverplast/frappe-bench/env/lib/python3.11/site-packages/passlib/utils/__init__.py:854: DeprecationWarning: 'crypt' is deprecated and slated for removal in Python 3.13
  from crypt import crypt as _crypt
/home/wahyu260697/document/Erpnext/silverplast/frappe-bench/env/lib/python3.11/site-packages/rq/connections.py:72: DeprecationWarning: The `pop_connection` function is deprecated. Pass the `connection` explicitly instead.
  warnings.warn(
/home/wahyu260697/document/Erpnext/silverplast/frappe-bench/env/lib/python3.11/site-packages/rq/connections.py:58: DeprecationWarning: The `push_connection` function is deprecated. Pass the `connection` explicitly instead.
  warnings.warn(
/home/wahyu260697/document/Erpnext/silverplast/frappe-bench/env/lib/python3.11/site-packages/passlib/utils/__init__.py:854: DeprecationWarning: 'crypt' is deprecated and slated for removal in Python 3.13
  from crypt import crypt as _crypt
/home/wahyu260697/document/Erpnext/silverplast/frappe-bench/env/lib/python3.11/site-packages/rq/connections.py:72: DeprecationWarning: The `pop_connection` function is deprecated. Pass the `connection` explicitly instead.
  warnings.warn(
/home/wahyu260697/document/Erpnext/silverplast/frappe-bench/env/lib/python3.11/site-packages/rq/connections.py:58: DeprecationWarning: The `push_connection` function is deprecated. Pass the `connection` explicitly instead.
  warnings.warn(
/home/wahyu260697/document/Erpnext/silverplast/frappe-bench/env/lib/python3.11/site-packages/passlib/utils/__init__.py:854: DeprecationWarning: 'crypt' is deprecated and slated for removal in Python 3.13
  from crypt import crypt as _crypt
/home/wahyu260697/document/Erpnext/silverplast/frappe-bench/env/lib/python3.11/site-packages/rq/connections.py:72: DeprecationWarning: The `pop_connection` function is deprecated. Pass the `connection` explicitly instead.
  warnings.warn(
/home/wahyu260697/document/Erpnext/silverplast/frappe-bench/env/lib/python3.11/site-packages/rq/connections.py:58: DeprecationWarning: The `push_connection` function is deprecated. Pass the `connection` explicitly instead.
  warnings.warn(
/home/wahyu260697/document/Erpnext/silverplast/frappe-bench/env/lib/python3.11/site-packages/passlib/utils/__init__.py:854: DeprecationWarning: 'crypt' is deprecated and slated for removal in Python 3.13
  from crypt import crypt as _crypt
/home/wahyu260697/document/Erpnext/silverplast/frappe-bench/env/lib/python3.11/site-packages/rq/connections.py:72: DeprecationWarning: The `pop_connection` function is deprecated. Pass the `connection` explicitly instead.
  warnings.warn(
/home/wahyu260697/document/Erpnext/silverplast/frappe-bench/env/lib/python3.11/site-packages/rq/connections.py:58: DeprecationWarning: The `push_connection` function is deprecated. Pass the `connection` explicitly instead.
  warnings.warn(
/home/wahyu260697/document/Erpnext/silverplast/frappe-bench/env/lib/python3.11/site-packages/passlib/utils/__init__.py:854: DeprecationWarning: 'crypt' is deprecated and slated for removal in Python 3.13
  from crypt import crypt as _crypt
/home/wahyu260697/document/Erpnext/silverplast/frappe-bench/env/lib/python3.11/site-packages/rq/connections.py:72: DeprecationWarning: The `pop_connection` function is deprecated. Pass the `connection` explicitly instead.
  warnings.warn(
/home/wahyu260697/document/Erpnext/silverplast/frappe-bench/env/lib/python3.11/site-packages/rq/connections.py:58: DeprecationWarning: The `push_connection` function is deprecated. Pass the `connection` explicitly instead.
  warnings.warn(
/home/wahyu260697/document/Erpnext/silverplast/frappe-bench/env/lib/python3.11/site-packages/passlib/utils/__init__.py:854: DeprecationWarning: 'crypt' is deprecated and slated for removal in Python 3.13
  from crypt import crypt as _crypt
/home/wahyu260697/document/Erpnext/silverplast/frappe-bench/env/lib/python3.11/site-packages/rq/connections.py:72: DeprecationWarning: The `pop_connection` function is deprecated. Pass the `connection` explicitly instead.
  warnings.warn(
/home/wahyu260697/document/Erpnext/silverplast/frappe-bench/env/lib/python3.11/site-packages/rq/connections.py:58: DeprecationWarning: The `push_connection` function is deprecated. Pass the `connection` explicitly instead.
  warnings.warn(
/home/wahyu260697/document/Erpnext/silverplast/frappe-bench/env/lib/python3.11/site-packages/passlib/utils/__init__.py:854: DeprecationWarning: 'crypt' is deprecated and slated for removal in Python 3.13
  from crypt import crypt as _crypt
/home/wahyu260697/document/Erpnext/silverplast/frappe-bench/env/lib/python3.11/site-packages/rq/connections.py:72: DeprecationWarning: The `pop_connection` function is deprecated. Pass the `connection` explicitly instead.
  warnings.warn(
/home/wahyu260697/document/Erpnext/silverplast/frappe-bench/env/lib/python3.11/site-packages/rq/connections.py:58: DeprecationWarning: The `push_connection` function is deprecated. Pass the `connection` explicitly instead.
  warnings.warn(
/home/wahyu260697/document/Erpnext/silverplast/frappe-bench/env/lib/python3.11/site-packages/passlib/utils/__init__.py:854: DeprecationWarning: 'crypt' is deprecated and slated for removal in Python 3.13
  from crypt import crypt as _crypt
/home/wahyu260697/document/Erpnext/silverplast/frappe-bench/env/lib/python3.11/site-packages/rq/connections.py:72: DeprecationWarning: The `pop_connection` function is deprecated. Pass the `connection` explicitly instead.
  warnings.warn(
/home/wahyu260697/document/Erpnext/silverplast/frappe-bench/env/lib/python3.11/site-packages/rq/connections.py:58: DeprecationWarning: The `push_connection` function is deprecated. Pass the `connection` explicitly instead.
  warnings.warn(
/home/wahyu260697/document/Erpnext/silverplast/frappe-bench/env/lib/python3.11/site-packages/passlib/utils/__init__.py:854: DeprecationWarning: 'crypt' is deprecated and slated for removal in Python 3.13
  from crypt import crypt as _crypt
/home/wahyu260697/document/Erpnext/silverplast/frappe-bench/env/lib/python3.11/site-packages/rq/connections.py:72: DeprecationWarning: The `pop_connection` function is deprecated. Pass the `connection` explicitly instead.
  warnings.warn(
/home/wahyu260697/document/Erpnext/silverplast/frappe-bench/env/lib/python3.11/site-packages/rq/connections.py:58: DeprecationWarning: The `push_connection` function is deprecated. Pass the `connection` explicitly instead.
  warnings.warn(
/home/wahyu260697/document/Erpnext/silverplast/frappe-bench/env/lib/python3.11/site-packages/passlib/utils/__init__.py:854: DeprecationWarning: 'crypt' is deprecated and slated for removal in Python 3.13
  from crypt import crypt as _crypt
/home/wahyu260697/document/Erpnext/silverplast/frappe-bench/env/lib/python3.11/site-packages/rq/connections.py:72: DeprecationWarning: The `pop_connection` function is deprecated. Pass the `connection` explicitly instead.
  warnings.warn(
/home/wahyu260697/document/Erpnext/silverplast/frappe-bench/env/lib/python3.11/site-packages/rq/connections.py:58: DeprecationWarning: The `push_connection` function is deprecated. Pass the `connection` explicitly instead.
  warnings.warn(
/home/wahyu260697/document/Erpnext/silverplast/frappe-bench/env/lib/python3.11/site-packages/passlib/utils/__init__.py:854: DeprecationWarning: 'crypt' is deprecated and slated for removal in Python 3.13
  from crypt import crypt as _crypt
/home/wahyu260697/document/Erpnext/silverplast/frappe-bench/env/lib/python3.11/site-packages/rq/connections.py:72: DeprecationWarning: The `pop_connection` function is deprecated. Pass the `connection` explicitly instead.
  warnings.warn(
/home/wahyu260697/document/Erpnext/silverplast/frappe-bench/env/lib/python3.11/site-packages/rq/connections.py:58: DeprecationWarning: The `push_connection` function is deprecated. Pass the `connection` explicitly instead.
  warnings.warn(
/home/wahyu260697/document/Erpnext/silverplast/frappe-bench/env/lib/python3.11/site-packages/passlib/utils/__init__.py:854: DeprecationWarning: 'crypt' is deprecated and slated for removal in Python 3.13
  from crypt import crypt as _crypt
/home/wahyu260697/document/Erpnext/silverplast/frappe-bench/env/lib/python3.11/site-packages/rq/connections.py:72: DeprecationWarning: The `pop_connection` function is deprecated. Pass the `connection` explicitly instead.
  warnings.warn(
/home/wahyu260697/document/Erpnext/silverplast/frappe-bench/env/lib/python3.11/site-packages/rq/connections.py:58: DeprecationWarning: The `push_connection` function is deprecated. Pass the `connection` explicitly instead.
  warnings.warn(
/home/wahyu260697/document/Erpnext/silverplast/frappe-bench/env/lib/python3.11/site-packages/passlib/utils/__init__.py:854: DeprecationWarning: 'crypt' is deprecated and slated for removal in Python 3.13
  from crypt import crypt as _crypt
/home/wahyu260697/document/Erpnext/silverplast/frappe-bench/env/lib/python3.11/site-packages/rq/connections.py:72: DeprecationWarning: The `pop_connection` function is deprecated. Pass the `connection` explicitly instead.
  warnings.warn(
/home/wahyu260697/document/Erpnext/silverplast/frappe-bench/env/lib/python3.11/site-packages/rq/connections.py:58: DeprecationWarning: The `push_connection` function is deprecated. Pass the `connection` explicitly instead.
  warnings.warn(
/home/wahyu260697/document/Erpnext/silverplast/frappe-bench/env/lib/python3.11/site-packages/passlib/utils/__init__.py:854: DeprecationWarning: 'crypt' is deprecated and slated for removal in Python 3.13
  from crypt import crypt as _crypt
/home/wahyu260697/document/Erpnext/silverplast/frappe-bench/env/lib/python3.11/site-packages/rq/connections.py:72: DeprecationWarning: The `pop_connection` function is deprecated. Pass the `connection` explicitly instead.
  warnings.warn(
/home/wahyu260697/document/Erpnext/silverplast/frappe-bench/env/lib/python3.11/site-packages/rq/connections.py:58: DeprecationWarning: The `push_connection` function is deprecated. Pass the `connection` explicitly instead.
  warnings.warn(
/home/wahyu260697/document/Erpnext/silverplast/frappe-bench/env/lib/python3.11/site-packages/passlib/utils/__init__.py:854: DeprecationWarning: 'crypt' is deprecated and slated for removal in Python 3.13
  from crypt import crypt as _crypt
/home/wahyu260697/document/Erpnext/silverplast/frappe-bench/env/lib/python3.11/site-packages/rq/connections.py:72: DeprecationWarning: The `pop_connection` function is deprecated. Pass the `connection` explicitly instead.
  warnings.warn(
/home/wahyu260697/document/Erpnext/silverplast/frappe-bench/env/lib/python3.11/site-packages/rq/connections.py:58: DeprecationWarning: The `push_connection` function is deprecated. Pass the `connection` explicitly instead.
  warnings.warn(
/home/wahyu260697/document/Erpnext/silverplast/frappe-bench/env/lib/python3.11/site-packages/passlib/utils/__init__.py:854: DeprecationWarning: 'crypt' is deprecated and slated for removal in Python 3.13
  from crypt import crypt as _crypt
/home/wahyu260697/document/Erpnext/silverplast/frappe-bench/env/lib/python3.11/site-packages/rq/connections.py:72: DeprecationWarning: The `pop_connection` function is deprecated. Pass the `connection` explicitly instead.
  warnings.warn(
/home/wahyu260697/document/Erpnext/silverplast/frappe-bench/env/lib/python3.11/site-packages/rq/connections.py:58: DeprecationWarning: The `push_connection` function is deprecated. Pass the `connection` explicitly instead.
  warnings.warn(
/home/wahyu260697/document/Erpnext/silverplast/frappe-bench/env/lib/python3.11/site-packages/passlib/utils/__init__.py:854: DeprecationWarning: 'crypt' is deprecated and slated for removal in Python 3.13
  from crypt import crypt as _crypt
/home/wahyu260697/document/Erpnext/silverplast/frappe-bench/env/lib/python3.11/site-packages/rq/connections.py:72: DeprecationWarning: The `pop_connection` function is deprecated. Pass the `connection` explicitly instead.
  warnings.warn(
/home/wahyu260697/document/Erpnext/silverplast/frappe-bench/env/lib/python3.11/site-packages/rq/connections.py:58: DeprecationWarning: The `push_connection` function is deprecated. Pass the `connection` explicitly instead.
  warnings.warn(
/home/wahyu260697/document/Erpnext/silverplast/frappe-bench/env/lib/python3.11/site-packages/passlib/utils/__init__.py:854: DeprecationWarning: 'crypt' is deprecated and slated for removal in Python 3.13
  from crypt import crypt as _crypt
/home/wahyu260697/document/Erpnext/silverplast/frappe-bench/env/lib/python3.11/site-packages/rq/connections.py:72: DeprecationWarning: The `pop_connection` function is deprecated. Pass the `connection` explicitly instead.
  warnings.warn(
/home/wahyu260697/document/Erpnext/silverplast/frappe-bench/env/lib/python3.11/site-packages/rq/connections.py:58: DeprecationWarning: The `push_connection` function is deprecated. Pass the `connection` explicitly instead.
  warnings.warn(
/home/wahyu260697/document/Erpnext/silverplast/frappe-bench/env/lib/python3.11/site-packages/passlib/utils/__init__.py:854: DeprecationWarning: 'crypt' is deprecated and slated for removal in Python 3.13
  from crypt import crypt as _crypt
/home/wahyu260697/document/Erpnext/silverplast/frappe-bench/env/lib/python3.11/site-packages/rq/connections.py:72: DeprecationWarning: The `pop_connection` function is deprecated. Pass the `connection` explicitly instead.
  warnings.warn(
/home/wahyu260697/document/Erpnext/silverplast/frappe-bench/env/lib/python3.11/site-packages/rq/connections.py:58: DeprecationWarning: The `push_connection` function is deprecated. Pass the `connection` explicitly instead.
  warnings.warn(
/home/wahyu260697/document/Erpnext/silverplast/frappe-bench/env/lib/python3.11/site-packages/passlib/utils/__init__.py:854: DeprecationWarning: 'crypt' is deprecated and slated for removal in Python 3.13
  from crypt import crypt as _crypt
/home/wahyu260697/document/Erpnext/silverplast/frappe-bench/env/lib/python3.11/site-packages/rq/connections.py:72: DeprecationWarning: The `pop_connection` function is deprecated. Pass the `connection` explicitly instead.
  warnings.warn(
/home/wahyu260697/document/Erpnext/silverplast/frappe-bench/env/lib/python3.11/site-packages/rq/connections.py:58: DeprecationWarning: The `push_connection` function is deprecated. Pass the `connection` explicitly instead.
  warnings.warn(
/home/wahyu260697/document/Erpnext/silverplast/frappe-bench/env/lib/python3.11/site-packages/passlib/utils/__init__.py:854: DeprecationWarning: 'crypt' is deprecated and slated for removal in Python 3.13
  from crypt import crypt as _crypt
/home/wahyu260697/document/Erpnext/silverplast/frappe-bench/env/lib/python3.11/site-packages/rq/connections.py:72: DeprecationWarning: The `pop_connection` function is deprecated. Pass the `connection` explicitly instead.
  warnings.warn(
/home/wahyu260697/document/Erpnext/silverplast/frappe-bench/env/lib/python3.11/site-packages/rq/connections.py:58: DeprecationWarning: The `push_connection` function is deprecated. Pass the `connection` explicitly instead.
  warnings.warn(
/home/wahyu260697/document/Erpnext/silverplast/frappe-bench/env/lib/python3.11/site-packages/passlib/utils/__init__.py:854: DeprecationWarning: 'crypt' is deprecated and slated for removal in Python 3.13
  from crypt import crypt as _crypt
/home/wahyu260697/document/Erpnext/silverplast/frappe-bench/env/lib/python3.11/site-packages/rq/connections.py:72: DeprecationWarning: The `pop_connection` function is deprecated. Pass the `connection` explicitly instead.
  warnings.warn(
/home/wahyu260697/document/Erpnext/silverplast/frappe-bench/env/lib/python3.11/site-packages/rq/connections.py:58: DeprecationWarning: The `push_connection` function is deprecated. Pass the `connection` explicitly instead.
  warnings.warn(
/home/wahyu260697/document/Erpnext/silverplast/frappe-bench/env/lib/python3.11/site-packages/passlib/utils/__init__.py:854: DeprecationWarning: 'crypt' is deprecated and slated for removal in Python 3.13
  from crypt import crypt as _crypt
/home/wahyu260697/document/Erpnext/silverplast/frappe-bench/env/lib/python3.11/site-packages/rq/connections.py:72: DeprecationWarning: The `pop_connection` function is deprecated. Pass the `connection` explicitly instead.
  warnings.warn(
/home/wahyu260697/document/Erpnext/silverplast/frappe-bench/env/lib/python3.11/site-packages/rq/connections.py:58: DeprecationWarning: The `push_connection` function is deprecated. Pass the `connection` explicitly instead.
  warnings.warn(
/home/wahyu260697/document/Erpnext/silverplast/frappe-bench/env/lib/python3.11/site-packages/passlib/utils/__init__.py:854: DeprecationWarning: 'crypt' is deprecated and slated for removal in Python 3.13
  from crypt import crypt as _crypt
/home/wahyu260697/document/Erpnext/silverplast/frappe-bench/env/lib/python3.11/site-packages/rq/connections.py:72: DeprecationWarning: The `pop_connection` function is deprecated. Pass the `connection` explicitly instead.
  warnings.warn(
/home/wahyu260697/document/Erpnext/silverplast/frappe-bench/env/lib/python3.11/site-packages/rq/connections.py:58: DeprecationWarning: The `push_connection` function is deprecated. Pass the `connection` explicitly instead.
  warnings.warn(
/home/wahyu260697/document/Erpnext/silverplast/frappe-bench/env/lib/python3.11/site-packages/passlib/utils/__init__.py:854: DeprecationWarning: 'crypt' is deprecated and slated for removal in Python 3.13
  from crypt import crypt as _crypt
/home/wahyu260697/document/Erpnext/silverplast/frappe-bench/env/lib/python3.11/site-packages/rq/connections.py:72: DeprecationWarning: The `pop_connection` function is deprecated. Pass the `connection` explicitly instead.
  warnings.warn(
/home/wahyu260697/document/Erpnext/silverplast/frappe-bench/env/lib/python3.11/site-packages/rq/connections.py:58: DeprecationWarning: The `push_connection` function is deprecated. Pass the `connection` explicitly instead.
  warnings.warn(
/home/wahyu260697/document/Erpnext/silverplast/frappe-bench/env/lib/python3.11/site-packages/passlib/utils/__init__.py:854: DeprecationWarning: 'crypt' is deprecated and slated for removal in Python 3.13
  from crypt import crypt as _crypt
/home/wahyu260697/document/Erpnext/silverplast/frappe-bench/env/lib/python3.11/site-packages/rq/connections.py:72: DeprecationWarning: The `pop_connection` function is deprecated. Pass the `connection` explicitly instead.
  warnings.warn(
/home/wahyu260697/document/Erpnext/silverplast/frappe-bench/env/lib/python3.11/site-packages/rq/connections.py:58: DeprecationWarning: The `push_connection` function is deprecated. Pass the `connection` explicitly instead.
  warnings.warn(
/home/wahyu260697/document/Erpnext/silverplast/frappe-bench/env/lib/python3.11/site-packages/passlib/utils/__init__.py:854: DeprecationWarning: 'crypt' is deprecated and slated for removal in Python 3.13
  from crypt import crypt as _crypt
/home/wahyu260697/document/Erpnext/silverplast/frappe-bench/env/lib/python3.11/site-packages/rq/connections.py:72: DeprecationWarning: The `pop_connection` function is deprecated. Pass the `connection` explicitly instead.
  warnings.warn(
/home/wahyu260697/document/Erpnext/silverplast/frappe-bench/env/lib/python3.11/site-packages/rq/connections.py:58: DeprecationWarning: The `push_connection` function is deprecated. Pass the `connection` explicitly instead.
  warnings.warn(
/home/wahyu260697/document/Erpnext/silverplast/frappe-bench/env/lib/python3.11/site-packages/passlib/utils/__init__.py:854: DeprecationWarning: 'crypt' is deprecated and slated for removal in Python 3.13
  from crypt import crypt as _crypt
/home/wahyu260697/document/Erpnext/silverplast/frappe-bench/env/lib/python3.11/site-packages/rq/connections.py:72: DeprecationWarning: The `pop_connection` function is deprecated. Pass the `connection` explicitly instead.
  warnings.warn(
/home/wahyu260697/document/Erpnext/silverplast/frappe-bench/env/lib/python3.11/site-packages/rq/connections.py:58: DeprecationWarning: The `push_connection` function is deprecated. Pass the `connection` explicitly instead.
  warnings.warn(
/home/wahyu260697/document/Erpnext/silverplast/frappe-bench/env/lib/python3.11/site-packages/passlib/utils/__init__.py:854: DeprecationWarning: 'crypt' is deprecated and slated for removal in Python 3.13
  from crypt import crypt as _crypt
/home/wahyu260697/document/Erpnext/silverplast/frappe-bench/env/lib/python3.11/site-packages/rq/connections.py:72: DeprecationWarning: The `pop_connection` function is deprecated. Pass the `connection` explicitly instead.
  warnings.warn(
/home/wahyu260697/document/Erpnext/silverplast/frappe-bench/env/lib/python3.11/site-packages/rq/connections.py:58: DeprecationWarning: The `push_connection` function is deprecated. Pass the `connection` explicitly instead.
  warnings.warn(
/home/wahyu260697/document/Erpnext/silverplast/frappe-bench/env/lib/python3.11/site-packages/passlib/utils/__init__.py:854: DeprecationWarning: 'crypt' is deprecated and slated for removal in Python 3.13
  from crypt import crypt as _crypt
/home/wahyu260697/document/Erpnext/silverplast/frappe-bench/env/lib/python3.11/site-packages/rq/connections.py:72: DeprecationWarning: The `pop_connection` function is deprecated. Pass the `connection` explicitly instead.
  warnings.warn(
/home/wahyu260697/document/Erpnext/silverplast/frappe-bench/env/lib/python3.11/site-packages/rq/connections.py:58: DeprecationWarning: The `push_connection` function is deprecated. Pass the `connection` explicitly instead.
  warnings.warn(
/home/wahyu260697/document/Erpnext/silverplast/frappe-bench/env/lib/python3.11/site-packages/passlib/utils/__init__.py:854: DeprecationWarning: 'crypt' is deprecated and slated for removal in Python 3.13
  from crypt import crypt as _crypt
/home/wahyu260697/document/Erpnext/silverplast/frappe-bench/env/lib/python3.11/site-packages/rq/connections.py:72: DeprecationWarning: The `pop_connection` function is deprecated. Pass the `connection` explicitly instead.
  warnings.warn(
/home/wahyu260697/document/Erpnext/silverplast/frappe-bench/env/lib/python3.11/site-packages/rq/connections.py:58: DeprecationWarning: The `push_connection` function is deprecated. Pass the `connection` explicitly instead.
  warnings.warn(
/home/wahyu260697/document/Erpnext/silverplast/frappe-bench/env/lib/python3.11/site-packages/passlib/utils/__init__.py:854: DeprecationWarning: 'crypt' is deprecated and slated for removal in Python 3.13
  from crypt import crypt as _crypt
/home/wahyu260697/document/Erpnext/silverplast/frappe-bench/env/lib/python3.11/site-packages/rq/connections.py:72: DeprecationWarning: The `pop_connection` function is deprecated. Pass the `connection` explicitly instead.
  warnings.warn(
/home/wahyu260697/document/Erpnext/silverplast/frappe-bench/env/lib/python3.11/site-packages/rq/connections.py:58: DeprecationWarning: The `push_connection` function is deprecated. Pass the `connection` explicitly instead.
  warnings.warn(
/home/wahyu260697/document/Erpnext/silverplast/frappe-bench/env/lib/python3.11/site-packages/passlib/utils/__init__.py:854: DeprecationWarning: 'crypt' is deprecated and slated for removal in Python 3.13
  from crypt import crypt as _crypt
/home/wahyu260697/document/Erpnext/silverplast/frappe-bench/env/lib/python3.11/site-packages/rq/connections.py:72: DeprecationWarning: The `pop_connection` function is deprecated. Pass the `connection` explicitly instead.
  warnings.warn(
/home/wahyu260697/document/Erpnext/silverplast/frappe-bench/env/lib/python3.11/site-packages/rq/connections.py:58: DeprecationWarning: The `push_connection` function is deprecated. Pass the `connection` explicitly instead.
  warnings.warn(
/home/wahyu260697/document/Erpnext/silverplast/frappe-bench/env/lib/python3.11/site-packages/passlib/utils/__init__.py:854: DeprecationWarning: 'crypt' is deprecated and slated for removal in Python 3.13
  from crypt import crypt as _crypt
/home/wahyu260697/document/Erpnext/silverplast/frappe-bench/env/lib/python3.11/site-packages/rq/connections.py:72: DeprecationWarning: The `pop_connection` function is deprecated. Pass the `connection` explicitly instead.
  warnings.warn(
/home/wahyu260697/document/Erpnext/silverplast/frappe-bench/env/lib/python3.11/site-packages/rq/connections.py:58: DeprecationWarning: The `push_connection` function is deprecated. Pass the `connection` explicitly instead.
  warnings.warn(
/home/wahyu260697/document/Erpnext/silverplast/frappe-bench/env/lib/python3.11/site-packages/passlib/utils/__init__.py:854: DeprecationWarning: 'crypt' is deprecated and slated for removal in Python 3.13
  from crypt import crypt as _crypt
/home/wahyu260697/document/Erpnext/silverplast/frappe-bench/env/lib/python3.11/site-packages/rq/connections.py:72: DeprecationWarning: The `pop_connection` function is deprecated. Pass the `connection` explicitly instead.
  warnings.warn(
/home/wahyu260697/document/Erpnext/silverplast/frappe-bench/env/lib/python3.11/site-packages/rq/connections.py:58: DeprecationWarning: The `push_connection` function is deprecated. Pass the `connection` explicitly instead.
  warnings.warn(
/home/wahyu260697/document/Erpnext/silverplast/frappe-bench/env/lib/python3.11/site-packages/passlib/utils/__init__.py:854: DeprecationWarning: 'crypt' is deprecated and slated for removal in Python 3.13
  from crypt import crypt as _crypt
/home/wahyu260697/document/Erpnext/silverplast/frappe-bench/env/lib/python3.11/site-packages/rq/connections.py:72: DeprecationWarning: The `pop_connection` function is deprecated. Pass the `connection` explicitly instead.
  warnings.warn(
/home/wahyu260697/document/Erpnext/silverplast/frappe-bench/env/lib/python3.11/site-packages/rq/connections.py:58: DeprecationWarning: The `push_connection` function is deprecated. Pass the `connection` explicitly instead.
  warnings.warn(
/home/wahyu260697/document/Erpnext/silverplast/frappe-bench/env/lib/python3.11/site-packages/passlib/utils/__init__.py:854: DeprecationWarning: 'crypt' is deprecated and slated for removal in Python 3.13
  from crypt import crypt as _crypt
/home/wahyu260697/document/Erpnext/silverplast/frappe-bench/env/lib/python3.11/site-packages/rq/connections.py:72: DeprecationWarning: The `pop_connection` function is deprecated. Pass the `connection` explicitly instead.
  warnings.warn(
/home/wahyu260697/document/Erpnext/silverplast/frappe-bench/env/lib/python3.11/site-packages/rq/connections.py:58: DeprecationWarning: The `push_connection` function is deprecated. Pass the `connection` explicitly instead.
  warnings.warn(
/home/wahyu260697/document/Erpnext/silverplast/frappe-bench/env/lib/python3.11/site-packages/passlib/utils/__init__.py:854: DeprecationWarning: 'crypt' is deprecated and slated for removal in Python 3.13
  from crypt import crypt as _crypt
/home/wahyu260697/document/Erpnext/silverplast/frappe-bench/env/lib/python3.11/site-packages/rq/connections.py:72: DeprecationWarning: The `pop_connection` function is deprecated. Pass the `connection` explicitly instead.
  warnings.warn(
/home/wahyu260697/document/Erpnext/silverplast/frappe-bench/env/lib/python3.11/site-packages/rq/connections.py:58: DeprecationWarning: The `push_connection` function is deprecated. Pass the `connection` explicitly instead.
  warnings.warn(
/home/wahyu260697/document/Erpnext/silverplast/frappe-bench/env/lib/python3.11/site-packages/passlib/utils/__init__.py:854: DeprecationWarning: 'crypt' is deprecated and slated for removal in Python 3.13
  from crypt import crypt as _crypt
/home/wahyu260697/document/Erpnext/silverplast/frappe-bench/env/lib/python3.11/site-packages/rq/connections.py:72: DeprecationWarning: The `pop_connection` function is deprecated. Pass the `connection` explicitly instead.
  warnings.warn(
/home/wahyu260697/document/Erpnext/silverplast/frappe-bench/env/lib/python3.11/site-packages/rq/connections.py:58: DeprecationWarning: The `push_connection` function is deprecated. Pass the `connection` explicitly instead.
  warnings.warn(
/home/wahyu260697/document/Erpnext/silverplast/frappe-bench/env/lib/python3.11/site-packages/passlib/utils/__init__.py:854: DeprecationWarning: 'crypt' is deprecated and slated for removal in Python 3.13
  from crypt import crypt as _crypt
/home/wahyu260697/document/Erpnext/silverplast/frappe-bench/env/lib/python3.11/site-packages/rq/connections.py:72: DeprecationWarning: The `pop_connection` function is deprecated. Pass the `connection` explicitly instead.
  warnings.warn(
/home/wahyu260697/document/Erpnext/silverplast/frappe-bench/env/lib/python3.11/site-packages/rq/connections.py:58: DeprecationWarning: The `push_connection` function is deprecated. Pass the `connection` explicitly instead.
  warnings.warn(
/home/wahyu260697/document/Erpnext/silverplast/frappe-bench/env/lib/python3.11/site-packages/passlib/utils/__init__.py:854: DeprecationWarning: 'crypt' is deprecated and slated for removal in Python 3.13
  from crypt import crypt as _crypt
/home/wahyu260697/document/Erpnext/silverplast/frappe-bench/env/lib/python3.11/site-packages/rq/connections.py:72: DeprecationWarning: The `pop_connection` function is deprecated. Pass the `connection` explicitly instead.
  warnings.warn(
/home/wahyu260697/document/Erpnext/silverplast/frappe-bench/env/lib/python3.11/site-packages/rq/connections.py:58: DeprecationWarning: The `push_connection` function is deprecated. Pass the `connection` explicitly instead.
  warnings.warn(
/home/wahyu260697/document/Erpnext/silverplast/frappe-bench/env/lib/python3.11/site-packages/passlib/utils/__init__.py:854: DeprecationWarning: 'crypt' is deprecated and slated for removal in Python 3.13
  from crypt import crypt as _crypt
/home/wahyu260697/document/Erpnext/silverplast/frappe-bench/env/lib/python3.11/site-packages/rq/connections.py:72: DeprecationWarning: The `pop_connection` function is deprecated. Pass the `connection` explicitly instead.
  warnings.warn(
/home/wahyu260697/document/Erpnext/silverplast/frappe-bench/env/lib/python3.11/site-packages/rq/connections.py:58: DeprecationWarning: The `push_connection` function is deprecated. Pass the `connection` explicitly instead.
  warnings.warn(
/home/wahyu260697/document/Erpnext/silverplast/frappe-bench/env/lib/python3.11/site-packages/passlib/utils/__init__.py:854: DeprecationWarning: 'crypt' is deprecated and slated for removal in Python 3.13
  from crypt import crypt as _crypt
/home/wahyu260697/document/Erpnext/silverplast/frappe-bench/env/lib/python3.11/site-packages/rq/connections.py:72: DeprecationWarning: The `pop_connection` function is deprecated. Pass the `connection` explicitly instead.
  warnings.warn(
/home/wahyu260697/document/Erpnext/silverplast/frappe-bench/env/lib/python3.11/site-packages/rq/connections.py:58: DeprecationWarning: The `push_connection` function is deprecated. Pass the `connection` explicitly instead.
  warnings.warn(
/home/wahyu260697/document/Erpnext/silverplast/frappe-bench/env/lib/python3.11/site-packages/passlib/utils/__init__.py:854: DeprecationWarning: 'crypt' is deprecated and slated for removal in Python 3.13
  from crypt import crypt as _crypt
/home/wahyu260697/document/Erpnext/silverplast/frappe-bench/env/lib/python3.11/site-packages/rq/connections.py:72: DeprecationWarning: The `pop_connection` function is deprecated. Pass the `connection` explicitly instead.
  warnings.warn(
/home/wahyu260697/document/Erpnext/silverplast/frappe-bench/env/lib/python3.11/site-packages/rq/connections.py:58: DeprecationWarning: The `push_connection` function is deprecated. Pass the `connection` explicitly instead.
  warnings.warn(
/home/wahyu260697/document/Erpnext/silverplast/frappe-bench/env/lib/python3.11/site-packages/passlib/utils/__init__.py:854: DeprecationWarning: 'crypt' is deprecated and slated for removal in Python 3.13
  from crypt import crypt as _crypt
/home/wahyu260697/document/Erpnext/silverplast/frappe-bench/env/lib/python3.11/site-packages/rq/connections.py:72: DeprecationWarning: The `pop_connection` function is deprecated. Pass the `connection` explicitly instead.
  warnings.warn(
/home/wahyu260697/document/Erpnext/silverplast/frappe-bench/env/lib/python3.11/site-packages/rq/connections.py:58: DeprecationWarning: The `push_connection` function is deprecated. Pass the `connection` explicitly instead.
  warnings.warn(
/home/wahyu260697/document/Erpnext/silverplast/frappe-bench/env/lib/python3.11/site-packages/passlib/utils/__init__.py:854: DeprecationWarning: 'crypt' is deprecated and slated for removal in Python 3.13
  from crypt import crypt as _crypt
/home/wahyu260697/document/Erpnext/silverplast/frappe-bench/env/lib/python3.11/site-packages/rq/connections.py:72: DeprecationWarning: The `pop_connection` function is deprecated. Pass the `connection` explicitly instead.
  warnings.warn(
/home/wahyu260697/document/Erpnext/silverplast/frappe-bench/env/lib/python3.11/site-packages/rq/connections.py:58: DeprecationWarning: The `push_connection` function is deprecated. Pass the `connection` explicitly instead.
  warnings.warn(
/home/wahyu260697/document/Erpnext/silverplast/frappe-bench/env/lib/python3.11/site-packages/passlib/utils/__init__.py:854: DeprecationWarning: 'crypt' is deprecated and slated for removal in Python 3.13
  from crypt import crypt as _crypt
/home/wahyu260697/document/Erpnext/silverplast/frappe-bench/env/lib/python3.11/site-packages/rq/connections.py:72: DeprecationWarning: The `pop_connection` function is deprecated. Pass the `connection` explicitly instead.
  warnings.warn(
/home/wahyu260697/document/Erpnext/silverplast/frappe-bench/env/lib/python3.11/site-packages/rq/connections.py:58: DeprecationWarning: The `push_connection` function is deprecated. Pass the `connection` explicitly instead.
  warnings.warn(
/home/wahyu260697/document/Erpnext/silverplast/frappe-bench/env/lib/python3.11/site-packages/passlib/utils/__init__.py:854: DeprecationWarning: 'crypt' is deprecated and slated for removal in Python 3.13
  from crypt import crypt as _crypt
/home/wahyu260697/document/Erpnext/silverplast/frappe-bench/env/lib/python3.11/site-packages/rq/connections.py:72: DeprecationWarning: The `pop_connection` function is deprecated. Pass the `connection` explicitly instead.
  warnings.warn(
/home/wahyu260697/document/Erpnext/silverplast/frappe-bench/env/lib/python3.11/site-packages/rq/connections.py:58: DeprecationWarning: The `push_connection` function is deprecated. Pass the `connection` explicitly instead.
  warnings.warn(
/home/wahyu260697/document/Erpnext/silverplast/frappe-bench/env/lib/python3.11/site-packages/passlib/utils/__init__.py:854: DeprecationWarning: 'crypt' is deprecated and slated for removal in Python 3.13
  from crypt import crypt as _crypt
/home/wahyu260697/document/Erpnext/silverplast/frappe-bench/env/lib/python3.11/site-packages/rq/connections.py:72: DeprecationWarning: The `pop_connection` function is deprecated. Pass the `connection` explicitly instead.
  warnings.warn(
/home/wahyu260697/document/Erpnext/silverplast/frappe-bench/env/lib/python3.11/site-packages/rq/connections.py:58: DeprecationWarning: The `push_connection` function is deprecated. Pass the `connection` explicitly instead.
  warnings.warn(
/home/wahyu260697/document/Erpnext/silverplast/frappe-bench/env/lib/python3.11/site-packages/passlib/utils/__init__.py:854: DeprecationWarning: 'crypt' is deprecated and slated for removal in Python 3.13
  from crypt import crypt as _crypt
/home/wahyu260697/document/Erpnext/silverplast/frappe-bench/env/lib/python3.11/site-packages/rq/connections.py:72: DeprecationWarning: The `pop_connection` function is deprecated. Pass the `connection` explicitly instead.
  warnings.warn(
/home/wahyu260697/document/Erpnext/silverplast/frappe-bench/env/lib/python3.11/site-packages/rq/connections.py:58: DeprecationWarning: The `push_connection` function is deprecated. Pass the `connection` explicitly instead.
  warnings.warn(
/home/wahyu260697/document/Erpnext/silverplast/frappe-bench/env/lib/python3.11/site-packages/passlib/utils/__init__.py:854: DeprecationWarning: 'crypt' is deprecated and slated for removal in Python 3.13
  from crypt import crypt as _crypt
/home/wahyu260697/document/Erpnext/silverplast/frappe-bench/env/lib/python3.11/site-packages/rq/connections.py:72: DeprecationWarning: The `pop_connection` function is deprecated. Pass the `connection` explicitly instead.
  warnings.warn(
/home/wahyu260697/document/Erpnext/silverplast/frappe-bench/env/lib/python3.11/site-packages/rq/connections.py:58: DeprecationWarning: The `push_connection` function is deprecated. Pass the `connection` explicitly instead.
  warnings.warn(
/home/wahyu260697/document/Erpnext/silverplast/frappe-bench/env/lib/python3.11/site-packages/passlib/utils/__init__.py:854: DeprecationWarning: 'crypt' is deprecated and slated for removal in Python 3.13
  from crypt import crypt as _crypt
/home/wahyu260697/document/Erpnext/silverplast/frappe-bench/env/lib/python3.11/site-packages/rq/connections.py:72: DeprecationWarning: The `pop_connection` function is deprecated. Pass the `connection` explicitly instead.
  warnings.warn(
/home/wahyu260697/document/Erpnext/silverplast/frappe-bench/env/lib/python3.11/site-packages/rq/connections.py:58: DeprecationWarning: The `push_connection` function is deprecated. Pass the `connection` explicitly instead.
  warnings.warn(
/home/wahyu260697/document/Erpnext/silverplast/frappe-bench/env/lib/python3.11/site-packages/passlib/utils/__init__.py:854: DeprecationWarning: 'crypt' is deprecated and slated for removal in Python 3.13
  from crypt import crypt as _crypt
/home/wahyu260697/document/Erpnext/silverplast/frappe-bench/env/lib/python3.11/site-packages/rq/connections.py:72: DeprecationWarning: The `pop_connection` function is deprecated. Pass the `connection` explicitly instead.
  warnings.warn(
/home/wahyu260697/document/Erpnext/silverplast/frappe-bench/env/lib/python3.11/site-packages/rq/connections.py:58: DeprecationWarning: The `push_connection` function is deprecated. Pass the `connection` explicitly instead.
  warnings.warn(
/home/wahyu260697/document/Erpnext/silverplast/frappe-bench/env/lib/python3.11/site-packages/passlib/utils/__init__.py:854: DeprecationWarning: 'crypt' is deprecated and slated for removal in Python 3.13
  from crypt import crypt as _crypt
/home/wahyu260697/document/Erpnext/silverplast/frappe-bench/env/lib/python3.11/site-packages/rq/connections.py:72: DeprecationWarning: The `pop_connection` function is deprecated. Pass the `connection` explicitly instead.
  warnings.warn(
/home/wahyu260697/document/Erpnext/silverplast/frappe-bench/env/lib/python3.11/site-packages/rq/connections.py:58: DeprecationWarning: The `push_connection` function is deprecated. Pass the `connection` explicitly instead.
  warnings.warn(
/home/wahyu260697/document/Erpnext/silverplast/frappe-bench/env/lib/python3.11/site-packages/passlib/utils/__init__.py:854: DeprecationWarning: 'crypt' is deprecated and slated for removal in Python 3.13
  from crypt import crypt as _crypt
/home/wahyu260697/document/Erpnext/silverplast/frappe-bench/env/lib/python3.11/site-packages/rq/connections.py:72: DeprecationWarning: The `pop_connection` function is deprecated. Pass the `connection` explicitly instead.
  warnings.warn(
/home/wahyu260697/document/Erpnext/silverplast/frappe-bench/env/lib/python3.11/site-packages/rq/connections.py:58: DeprecationWarning: The `push_connection` function is deprecated. Pass the `connection` explicitly instead.
  warnings.warn(
/home/wahyu260697/document/Erpnext/silverplast/frappe-bench/env/lib/python3.11/site-packages/passlib/utils/__init__.py:854: DeprecationWarning: 'crypt' is deprecated and slated for removal in Python 3.13
  from crypt import crypt as _crypt
/home/wahyu260697/document/Erpnext/silverplast/frappe-bench/env/lib/python3.11/site-packages/rq/connections.py:72: DeprecationWarning: The `pop_connection` function is deprecated. Pass the `connection` explicitly instead.
  warnings.warn(
/home/wahyu260697/document/Erpnext/silverplast/frappe-bench/env/lib/python3.11/site-packages/rq/connections.py:58: DeprecationWarning: The `push_connection` function is deprecated. Pass the `connection` explicitly instead.
  warnings.warn(
/home/wahyu260697/document/Erpnext/silverplast/frappe-bench/env/lib/python3.11/site-packages/passlib/utils/__init__.py:854: DeprecationWarning: 'crypt' is deprecated and slated for removal in Python 3.13
  from crypt import crypt as _crypt
/home/wahyu260697/document/Erpnext/silverplast/frappe-bench/env/lib/python3.11/site-packages/rq/connections.py:72: DeprecationWarning: The `pop_connection` function is deprecated. Pass the `connection` explicitly instead.
  warnings.warn(
/home/wahyu260697/document/Erpnext/silverplast/frappe-bench/env/lib/python3.11/site-packages/rq/connections.py:58: DeprecationWarning: The `push_connection` function is deprecated. Pass the `connection` explicitly instead.
  warnings.warn(
/home/wahyu260697/document/Erpnext/silverplast/frappe-bench/env/lib/python3.11/site-packages/passlib/utils/__init__.py:854: DeprecationWarning: 'crypt' is deprecated and slated for removal in Python 3.13
  from crypt import crypt as _crypt
/home/wahyu260697/document/Erpnext/silverplast/frappe-bench/env/lib/python3.11/site-packages/rq/connections.py:72: DeprecationWarning: The `pop_connection` function is deprecated. Pass the `connection` explicitly instead.
  warnings.warn(
/home/wahyu260697/document/Erpnext/silverplast/frappe-bench/env/lib/python3.11/site-packages/rq/connections.py:58: DeprecationWarning: The `push_connection` function is deprecated. Pass the `connection` explicitly instead.
  warnings.warn(
/home/wahyu260697/document/Erpnext/silverplast/frappe-bench/env/lib/python3.11/site-packages/passlib/utils/__init__.py:854: DeprecationWarning: 'crypt' is deprecated and slated for removal in Python 3.13
  from crypt import crypt as _crypt
/home/wahyu260697/document/Erpnext/silverplast/frappe-bench/env/lib/python3.11/site-packages/rq/connections.py:72: DeprecationWarning: The `pop_connection` function is deprecated. Pass the `connection` explicitly instead.
  warnings.warn(
/home/wahyu260697/document/Erpnext/silverplast/frappe-bench/env/lib/python3.11/site-packages/rq/connections.py:58: DeprecationWarning: The `push_connection` function is deprecated. Pass the `connection` explicitly instead.
  warnings.warn(
/home/wahyu260697/document/Erpnext/silverplast/frappe-bench/env/lib/python3.11/site-packages/passlib/utils/__init__.py:854: DeprecationWarning: 'crypt' is deprecated and slated for removal in Python 3.13
  from crypt import crypt as _crypt
/home/wahyu260697/document/Erpnext/silverplast/frappe-bench/env/lib/python3.11/site-packages/rq/connections.py:72: DeprecationWarning: The `pop_connection` function is deprecated. Pass the `connection` explicitly instead.
  warnings.warn(
/home/wahyu260697/document/Erpnext/silverplast/frappe-bench/env/lib/python3.11/site-packages/rq/connections.py:58: DeprecationWarning: The `push_connection` function is deprecated. Pass the `connection` explicitly instead.
  warnings.warn(
/home/wahyu260697/document/Erpnext/silverplast/frappe-bench/env/lib/python3.11/site-packages/passlib/utils/__init__.py:854: DeprecationWarning: 'crypt' is deprecated and slated for removal in Python 3.13
  from crypt import crypt as _crypt
/home/wahyu260697/document/Erpnext/silverplast/frappe-bench/env/lib/python3.11/site-packages/rq/connections.py:72: DeprecationWarning: The `pop_connection` function is deprecated. Pass the `connection` explicitly instead.
  warnings.warn(
/home/wahyu260697/document/Erpnext/silverplast/frappe-bench/env/lib/python3.11/site-packages/rq/connections.py:58: DeprecationWarning: The `push_connection` function is deprecated. Pass the `connection` explicitly instead.
  warnings.warn(
/home/wahyu260697/document/Erpnext/silverplast/frappe-bench/env/lib/python3.11/site-packages/passlib/utils/__init__.py:854: DeprecationWarning: 'crypt' is deprecated and slated for removal in Python 3.13
  from crypt import crypt as _crypt
/home/wahyu260697/document/Erpnext/silverplast/frappe-bench/env/lib/python3.11/site-packages/rq/connections.py:72: DeprecationWarning: The `pop_connection` function is deprecated. Pass the `connection` explicitly instead.
  warnings.warn(
/home/wahyu260697/document/Erpnext/silverplast/frappe-bench/env/lib/python3.11/site-packages/rq/connections.py:58: DeprecationWarning: The `push_connection` function is deprecated. Pass the `connection` explicitly instead.
  warnings.warn(
/home/wahyu260697/document/Erpnext/silverplast/frappe-bench/env/lib/python3.11/site-packages/passlib/utils/__init__.py:854: DeprecationWarning: 'crypt' is deprecated and slated for removal in Python 3.13
  from crypt import crypt as _crypt
/home/wahyu260697/document/Erpnext/silverplast/frappe-bench/env/lib/python3.11/site-packages/rq/connections.py:72: DeprecationWarning: The `pop_connection` function is deprecated. Pass the `connection` explicitly instead.
  warnings.warn(
/home/wahyu260697/document/Erpnext/silverplast/frappe-bench/env/lib/python3.11/site-packages/rq/connections.py:58: DeprecationWarning: The `push_connection` function is deprecated. Pass the `connection` explicitly instead.
  warnings.warn(
/home/wahyu260697/document/Erpnext/silverplast/frappe-bench/env/lib/python3.11/site-packages/passlib/utils/__init__.py:854: DeprecationWarning: 'crypt' is deprecated and slated for removal in Python 3.13
  from crypt import crypt as _crypt
/home/wahyu260697/document/Erpnext/silverplast/frappe-bench/env/lib/python3.11/site-packages/rq/connections.py:72: DeprecationWarning: The `pop_connection` function is deprecated. Pass the `connection` explicitly instead.
  warnings.warn(
/home/wahyu260697/document/Erpnext/silverplast/frappe-bench/env/lib/python3.11/site-packages/rq/connections.py:58: DeprecationWarning: The `push_connection` function is deprecated. Pass the `connection` explicitly instead.
  warnings.warn(
/home/wahyu260697/document/Erpnext/silverplast/frappe-bench/env/lib/python3.11/site-packages/passlib/utils/__init__.py:854: DeprecationWarning: 'crypt' is deprecated and slated for removal in Python 3.13
  from crypt import crypt as _crypt
/home/wahyu260697/document/Erpnext/silverplast/frappe-bench/env/lib/python3.11/site-packages/rq/connections.py:72: DeprecationWarning: The `pop_connection` function is deprecated. Pass the `connection` explicitly instead.
  warnings.warn(
/home/wahyu260697/document/Erpnext/silverplast/frappe-bench/env/lib/python3.11/site-packages/rq/connections.py:58: DeprecationWarning: The `push_connection` function is deprecated. Pass the `connection` explicitly instead.
  warnings.warn(
/home/wahyu260697/document/Erpnext/silverplast/frappe-bench/env/lib/python3.11/site-packages/passlib/utils/__init__.py:854: DeprecationWarning: 'crypt' is deprecated and slated for removal in Python 3.13
  from crypt import crypt as _crypt
/home/wahyu260697/document/Erpnext/silverplast/frappe-bench/env/lib/python3.11/site-packages/rq/connections.py:72: DeprecationWarning: The `pop_connection` function is deprecated. Pass the `connection` explicitly instead.
  warnings.warn(
/home/wahyu260697/document/Erpnext/silverplast/frappe-bench/env/lib/python3.11/site-packages/rq/connections.py:58: DeprecationWarning: The `push_connection` function is deprecated. Pass the `connection` explicitly instead.
  warnings.warn(
/home/wahyu260697/document/Erpnext/silverplast/frappe-bench/env/lib/python3.11/site-packages/passlib/utils/__init__.py:854: DeprecationWarning: 'crypt' is deprecated and slated for removal in Python 3.13
  from crypt import crypt as _crypt
/home/wahyu260697/document/Erpnext/silverplast/frappe-bench/env/lib/python3.11/site-packages/rq/connections.py:72: DeprecationWarning: The `pop_connection` function is deprecated. Pass the `connection` explicitly instead.
  warnings.warn(
/home/wahyu260697/document/Erpnext/silverplast/frappe-bench/env/lib/python3.11/site-packages/rq/connections.py:58: DeprecationWarning: The `push_connection` function is deprecated. Pass the `connection` explicitly instead.
  warnings.warn(
/home/wahyu260697/document/Erpnext/silverplast/frappe-bench/env/lib/python3.11/site-packages/passlib/utils/__init__.py:854: DeprecationWarning: 'crypt' is deprecated and slated for removal in Python 3.13
  from crypt import crypt as _crypt
/home/wahyu260697/document/Erpnext/silverplast/frappe-bench/env/lib/python3.11/site-packages/rq/connections.py:72: DeprecationWarning: The `pop_connection` function is deprecated. Pass the `connection` explicitly instead.
  warnings.warn(
/home/wahyu260697/document/Erpnext/silverplast/frappe-bench/env/lib/python3.11/site-packages/rq/connections.py:58: DeprecationWarning: The `push_connection` function is deprecated. Pass the `connection` explicitly instead.
  warnings.warn(
/home/wahyu260697/document/Erpnext/silverplast/frappe-bench/env/lib/python3.11/site-packages/passlib/utils/__init__.py:854: DeprecationWarning: 'crypt' is deprecated and slated for removal in Python 3.13
  from crypt import crypt as _crypt
/home/wahyu260697/document/Erpnext/silverplast/frappe-bench/env/lib/python3.11/site-packages/rq/connections.py:72: DeprecationWarning: The `pop_connection` function is deprecated. Pass the `connection` explicitly instead.
  warnings.warn(
/home/wahyu260697/document/Erpnext/silverplast/frappe-bench/env/lib/python3.11/site-packages/rq/connections.py:58: DeprecationWarning: The `push_connection` function is deprecated. Pass the `connection` explicitly instead.
  warnings.warn(
/home/wahyu260697/document/Erpnext/silverplast/frappe-bench/env/lib/python3.11/site-packages/passlib/utils/__init__.py:854: DeprecationWarning: 'crypt' is deprecated and slated for removal in Python 3.13
  from crypt import crypt as _crypt
/home/wahyu260697/document/Erpnext/silverplast/frappe-bench/env/lib/python3.11/site-packages/rq/connections.py:72: DeprecationWarning: The `pop_connection` function is deprecated. Pass the `connection` explicitly instead.
  warnings.warn(
/home/wahyu260697/document/Erpnext/silverplast/frappe-bench/env/lib/python3.11/site-packages/rq/connections.py:58: DeprecationWarning: The `push_connection` function is deprecated. Pass the `connection` explicitly instead.
  warnings.warn(
/home/wahyu260697/document/Erpnext/silverplast/frappe-bench/env/lib/python3.11/site-packages/passlib/utils/__init__.py:854: DeprecationWarning: 'crypt' is deprecated and slated for removal in Python 3.13
  from crypt import crypt as _crypt
/home/wahyu260697/document/Erpnext/silverplast/frappe-bench/env/lib/python3.11/site-packages/rq/connections.py:72: DeprecationWarning: The `pop_connection` function is deprecated. Pass the `connection` explicitly instead.
  warnings.warn(
/home/wahyu260697/document/Erpnext/silverplast/frappe-bench/env/lib/python3.11/site-packages/rq/connections.py:58: DeprecationWarning: The `push_connection` function is deprecated. Pass the `connection` explicitly instead.
  warnings.warn(
/home/wahyu260697/document/Erpnext/silverplast/frappe-bench/env/lib/python3.11/site-packages/passlib/utils/__init__.py:854: DeprecationWarning: 'crypt' is deprecated and slated for removal in Python 3.13
  from crypt import crypt as _crypt
/home/wahyu260697/document/Erpnext/silverplast/frappe-bench/env/lib/python3.11/site-packages/rq/connections.py:72: DeprecationWarning: The `pop_connection` function is deprecated. Pass the `connection` explicitly instead.
  warnings.warn(
/home/wahyu260697/document/Erpnext/silverplast/frappe-bench/env/lib/python3.11/site-packages/rq/connections.py:58: DeprecationWarning: The `push_connection` function is deprecated. Pass the `connection` explicitly instead.
  warnings.warn(
/home/wahyu260697/document/Erpnext/silverplast/frappe-bench/env/lib/python3.11/site-packages/passlib/utils/__init__.py:854: DeprecationWarning: 'crypt' is deprecated and slated for removal in Python 3.13
  from crypt import crypt as _crypt
/home/wahyu260697/document/Erpnext/silverplast/frappe-bench/env/lib/python3.11/site-packages/rq/connections.py:72: DeprecationWarning: The `pop_connection` function is deprecated. Pass the `connection` explicitly instead.
  warnings.warn(
/home/wahyu260697/document/Erpnext/silverplast/frappe-bench/env/lib/python3.11/site-packages/rq/connections.py:58: DeprecationWarning: The `push_connection` function is deprecated. Pass the `connection` explicitly instead.
  warnings.warn(
/home/wahyu260697/document/Erpnext/silverplast/frappe-bench/env/lib/python3.11/site-packages/passlib/utils/__init__.py:854: DeprecationWarning: 'crypt' is deprecated and slated for removal in Python 3.13
  from crypt import crypt as _crypt
/home/wahyu260697/document/Erpnext/silverplast/frappe-bench/env/lib/python3.11/site-packages/rq/connections.py:72: DeprecationWarning: The `pop_connection` function is deprecated. Pass the `connection` explicitly instead.
  warnings.warn(
/home/wahyu260697/document/Erpnext/silverplast/frappe-bench/env/lib/python3.11/site-packages/rq/connections.py:58: DeprecationWarning: The `push_connection` function is deprecated. Pass the `connection` explicitly instead.
  warnings.warn(
/home/wahyu260697/document/Erpnext/silverplast/frappe-bench/env/lib/python3.11/site-packages/passlib/utils/__init__.py:854: DeprecationWarning: 'crypt' is deprecated and slated for removal in Python 3.13
  from crypt import crypt as _crypt
/home/wahyu260697/document/Erpnext/silverplast/frappe-bench/env/lib/python3.11/site-packages/rq/connections.py:72: DeprecationWarning: The `pop_connection` function is deprecated. Pass the `connection` explicitly instead.
  warnings.warn(
/home/wahyu260697/document/Erpnext/silverplast/frappe-bench/env/lib/python3.11/site-packages/rq/connections.py:58: DeprecationWarning: The `push_connection` function is deprecated. Pass the `connection` explicitly instead.
  warnings.warn(
/home/wahyu260697/document/Erpnext/silverplast/frappe-bench/env/lib/python3.11/site-packages/passlib/utils/__init__.py:854: DeprecationWarning: 'crypt' is deprecated and slated for removal in Python 3.13
  from crypt import crypt as _crypt
/home/wahyu260697/document/Erpnext/silverplast/frappe-bench/env/lib/python3.11/site-packages/rq/connections.py:72: DeprecationWarning: The `pop_connection` function is deprecated. Pass the `connection` explicitly instead.
  warnings.warn(
/home/wahyu260697/document/Erpnext/silverplast/frappe-bench/env/lib/python3.11/site-packages/rq/connections.py:58: DeprecationWarning: The `push_connection` function is deprecated. Pass the `connection` explicitly instead.
  warnings.warn(
/home/wahyu260697/document/Erpnext/silverplast/frappe-bench/env/lib/python3.11/site-packages/passlib/utils/__init__.py:854: DeprecationWarning: 'crypt' is deprecated and slated for removal in Python 3.13
  from crypt import crypt as _crypt
/home/wahyu260697/document/Erpnext/silverplast/frappe-bench/env/lib/python3.11/site-packages/rq/connections.py:72: DeprecationWarning: The `pop_connection` function is deprecated. Pass the `connection` explicitly instead.
  warnings.warn(
/home/wahyu260697/document/Erpnext/silverplast/frappe-bench/env/lib/python3.11/site-packages/rq/connections.py:58: DeprecationWarning: The `push_connection` function is deprecated. Pass the `connection` explicitly instead.
  warnings.warn(
/home/wahyu260697/document/Erpnext/silverplast/frappe-bench/env/lib/python3.11/site-packages/passlib/utils/__init__.py:854: DeprecationWarning: 'crypt' is deprecated and slated for removal in Python 3.13
  from crypt import crypt as _crypt
/home/wahyu260697/document/Erpnext/silverplast/frappe-bench/env/lib/python3.11/site-packages/rq/connections.py:72: DeprecationWarning: The `pop_connection` function is deprecated. Pass the `connection` explicitly instead.
  warnings.warn(
/home/wahyu260697/document/Erpnext/silverplast/frappe-bench/env/lib/python3.11/site-packages/rq/connections.py:58: DeprecationWarning: The `push_connection` function is deprecated. Pass the `connection` explicitly instead.
  warnings.warn(
/home/wahyu260697/document/Erpnext/silverplast/frappe-bench/env/lib/python3.11/site-packages/passlib/utils/__init__.py:854: DeprecationWarning: 'crypt' is deprecated and slated for removal in Python 3.13
  from crypt import crypt as _crypt
/home/wahyu260697/document/Erpnext/silverplast/frappe-bench/env/lib/python3.11/site-packages/rq/connections.py:72: DeprecationWarning: The `pop_connection` function is deprecated. Pass the `connection` explicitly instead.
  warnings.warn(
/home/wahyu260697/document/Erpnext/silverplast/frappe-bench/env/lib/python3.11/site-packages/rq/connections.py:58: DeprecationWarning: The `push_connection` function is deprecated. Pass the `connection` explicitly instead.
  warnings.warn(
/home/wahyu260697/document/Erpnext/silverplast/frappe-bench/env/lib/python3.11/site-packages/passlib/utils/__init__.py:854: DeprecationWarning: 'crypt' is deprecated and slated for removal in Python 3.13
  from crypt import crypt as _crypt
/home/wahyu260697/document/Erpnext/silverplast/frappe-bench/env/lib/python3.11/site-packages/rq/connections.py:72: DeprecationWarning: The `pop_connection` function is deprecated. Pass the `connection` explicitly instead.
  warnings.warn(
/home/wahyu260697/document/Erpnext/silverplast/frappe-bench/env/lib/python3.11/site-packages/rq/connections.py:58: DeprecationWarning: The `push_connection` function is deprecated. Pass the `connection` explicitly instead.
  warnings.warn(
/home/wahyu260697/document/Erpnext/silverplast/frappe-bench/env/lib/python3.11/site-packages/passlib/utils/__init__.py:854: DeprecationWarning: 'crypt' is deprecated and slated for removal in Python 3.13
  from crypt import crypt as _crypt
/home/wahyu260697/document/Erpnext/silverplast/frappe-bench/env/lib/python3.11/site-packages/rq/connections.py:72: DeprecationWarning: The `pop_connection` function is deprecated. Pass the `connection` explicitly instead.
  warnings.warn(
/home/wahyu260697/document/Erpnext/silverplast/frappe-bench/env/lib/python3.11/site-packages/rq/connections.py:58: DeprecationWarning: The `push_connection` function is deprecated. Pass the `connection` explicitly instead.
  warnings.warn(
/home/wahyu260697/document/Erpnext/silverplast/frappe-bench/env/lib/python3.11/site-packages/passlib/utils/__init__.py:854: DeprecationWarning: 'crypt' is deprecated and slated for removal in Python 3.13
  from crypt import crypt as _crypt
/home/wahyu260697/document/Erpnext/silverplast/frappe-bench/env/lib/python3.11/site-packages/rq/connections.py:72: DeprecationWarning: The `pop_connection` function is deprecated. Pass the `connection` explicitly instead.
  warnings.warn(
/home/wahyu260697/document/Erpnext/silverplast/frappe-bench/env/lib/python3.11/site-packages/rq/connections.py:58: DeprecationWarning: The `push_connection` function is deprecated. Pass the `connection` explicitly instead.
  warnings.warn(
/home/wahyu260697/document/Erpnext/silverplast/frappe-bench/env/lib/python3.11/site-packages/passlib/utils/__init__.py:854: DeprecationWarning: 'crypt' is deprecated and slated for removal in Python 3.13
  from crypt import crypt as _crypt
/home/wahyu260697/document/Erpnext/silverplast/frappe-bench/env/lib/python3.11/site-packages/rq/connections.py:72: DeprecationWarning: The `pop_connection` function is deprecated. Pass the `connection` explicitly instead.
  warnings.warn(
/home/wahyu260697/document/Erpnext/silverplast/frappe-bench/env/lib/python3.11/site-packages/rq/connections.py:58: DeprecationWarning: The `push_connection` function is deprecated. Pass the `connection` explicitly instead.
  warnings.warn(
/home/wahyu260697/document/Erpnext/silverplast/frappe-bench/env/lib/python3.11/site-packages/passlib/utils/__init__.py:854: DeprecationWarning: 'crypt' is deprecated and slated for removal in Python 3.13
  from crypt import crypt as _crypt
/home/wahyu260697/document/Erpnext/silverplast/frappe-bench/env/lib/python3.11/site-packages/rq/connections.py:72: DeprecationWarning: The `pop_connection` function is deprecated. Pass the `connection` explicitly instead.
  warnings.warn(
/home/wahyu260697/document/Erpnext/silverplast/frappe-bench/env/lib/python3.11/site-packages/rq/connections.py:58: DeprecationWarning: The `push_connection` function is deprecated. Pass the `connection` explicitly instead.
  warnings.warn(
/home/wahyu260697/document/Erpnext/silverplast/frappe-bench/env/lib/python3.11/site-packages/passlib/utils/__init__.py:854: DeprecationWarning: 'crypt' is deprecated and slated for removal in Python 3.13
  from crypt import crypt as _crypt
/home/wahyu260697/document/Erpnext/silverplast/frappe-bench/env/lib/python3.11/site-packages/rq/connections.py:72: DeprecationWarning: The `pop_connection` function is deprecated. Pass the `connection` explicitly instead.
  warnings.warn(
/home/wahyu260697/document/Erpnext/silverplast/frappe-bench/env/lib/python3.11/site-packages/rq/connections.py:58: DeprecationWarning: The `push_connection` function is deprecated. Pass the `connection` explicitly instead.
  warnings.warn(
/home/wahyu260697/document/Erpnext/silverplast/frappe-bench/env/lib/python3.11/site-packages/passlib/utils/__init__.py:854: DeprecationWarning: 'crypt' is deprecated and slated for removal in Python 3.13
  from crypt import crypt as _crypt
/home/wahyu260697/document/Erpnext/silverplast/frappe-bench/env/lib/python3.11/site-packages/rq/connections.py:72: DeprecationWarning: The `pop_connection` function is deprecated. Pass the `connection` explicitly instead.
  warnings.warn(
/home/wahyu260697/document/Erpnext/silverplast/frappe-bench/env/lib/python3.11/site-packages/rq/connections.py:58: DeprecationWarning: The `push_connection` function is deprecated. Pass the `connection` explicitly instead.
  warnings.warn(
/home/wahyu260697/document/Erpnext/silverplast/frappe-bench/env/lib/python3.11/site-packages/passlib/utils/__init__.py:854: DeprecationWarning: 'crypt' is deprecated and slated for removal in Python 3.13
  from crypt import crypt as _crypt
/home/wahyu260697/document/Erpnext/silverplast/frappe-bench/env/lib/python3.11/site-packages/rq/connections.py:72: DeprecationWarning: The `pop_connection` function is deprecated. Pass the `connection` explicitly instead.
  warnings.warn(
/home/wahyu260697/document/Erpnext/silverplast/frappe-bench/env/lib/python3.11/site-packages/rq/connections.py:58: DeprecationWarning: The `push_connection` function is deprecated. Pass the `connection` explicitly instead.
  warnings.warn(
/home/wahyu260697/document/Erpnext/silverplast/frappe-bench/env/lib/python3.11/site-packages/passlib/utils/__init__.py:854: DeprecationWarning: 'crypt' is deprecated and slated for removal in Python 3.13
  from crypt import crypt as _crypt
/home/wahyu260697/document/Erpnext/silverplast/frappe-bench/env/lib/python3.11/site-packages/rq/connections.py:72: DeprecationWarning: The `pop_connection` function is deprecated. Pass the `connection` explicitly instead.
  warnings.warn(
/home/wahyu260697/document/Erpnext/silverplast/frappe-bench/env/lib/python3.11/site-packages/rq/connections.py:58: DeprecationWarning: The `push_connection` function is deprecated. Pass the `connection` explicitly instead.
  warnings.warn(
/home/wahyu260697/document/Erpnext/silverplast/frappe-bench/env/lib/python3.11/site-packages/passlib/utils/__init__.py:854: DeprecationWarning: 'crypt' is deprecated and slated for removal in Python 3.13
  from crypt import crypt as _crypt
/home/wahyu260697/document/Erpnext/silverplast/frappe-bench/env/lib/python3.11/site-packages/rq/connections.py:72: DeprecationWarning: The `pop_connection` function is deprecated. Pass the `connection` explicitly instead.
  warnings.warn(
/home/wahyu260697/document/Erpnext/silverplast/frappe-bench/env/lib/python3.11/site-packages/rq/connections.py:58: DeprecationWarning: The `push_connection` function is deprecated. Pass the `connection` explicitly instead.
  warnings.warn(
/home/wahyu260697/document/Erpnext/silverplast/frappe-bench/env/lib/python3.11/site-packages/passlib/utils/__init__.py:854: DeprecationWarning: 'crypt' is deprecated and slated for removal in Python 3.13
  from crypt import crypt as _crypt
/home/wahyu260697/document/Erpnext/silverplast/frappe-bench/env/lib/python3.11/site-packages/rq/connections.py:72: DeprecationWarning: The `pop_connection` function is deprecated. Pass the `connection` explicitly instead.
  warnings.warn(
/home/wahyu260697/document/Erpnext/silverplast/frappe-bench/env/lib/python3.11/site-packages/rq/connections.py:58: DeprecationWarning: The `push_connection` function is deprecated. Pass the `connection` explicitly instead.
  warnings.warn(
/home/wahyu260697/document/Erpnext/silverplast/frappe-bench/env/lib/python3.11/site-packages/passlib/utils/__init__.py:854: DeprecationWarning: 'crypt' is deprecated and slated for removal in Python 3.13
  from crypt import crypt as _crypt
/home/wahyu260697/document/Erpnext/silverplast/frappe-bench/env/lib/python3.11/site-packages/rq/connections.py:72: DeprecationWarning: The `pop_connection` function is deprecated. Pass the `connection` explicitly instead.
  warnings.warn(
/home/wahyu260697/document/Erpnext/silverplast/frappe-bench/env/lib/python3.11/site-packages/rq/connections.py:58: DeprecationWarning: The `push_connection` function is deprecated. Pass the `connection` explicitly instead.
  warnings.warn(
/home/wahyu260697/document/Erpnext/silverplast/frappe-bench/env/lib/python3.11/site-packages/passlib/utils/__init__.py:854: DeprecationWarning: 'crypt' is deprecated and slated for removal in Python 3.13
  from crypt import crypt as _crypt
/home/wahyu260697/document/Erpnext/silverplast/frappe-bench/env/lib/python3.11/site-packages/rq/connections.py:72: DeprecationWarning: The `pop_connection` function is deprecated. Pass the `connection` explicitly instead.
  warnings.warn(
/home/wahyu260697/document/Erpnext/silverplast/frappe-bench/env/lib/python3.11/site-packages/rq/connections.py:58: DeprecationWarning: The `push_connection` function is deprecated. Pass the `connection` explicitly instead.
  warnings.warn(
/home/wahyu260697/document/Erpnext/silverplast/frappe-bench/env/lib/python3.11/site-packages/passlib/utils/__init__.py:854: DeprecationWarning: 'crypt' is deprecated and slated for removal in Python 3.13
  from crypt import crypt as _crypt
/home/wahyu260697/document/Erpnext/silverplast/frappe-bench/env/lib/python3.11/site-packages/rq/connections.py:72: DeprecationWarning: The `pop_connection` function is deprecated. Pass the `connection` explicitly instead.
  warnings.warn(
/home/wahyu260697/document/Erpnext/silverplast/frappe-bench/env/lib/python3.11/site-packages/rq/connections.py:58: DeprecationWarning: The `push_connection` function is deprecated. Pass the `connection` explicitly instead.
  warnings.warn(
/home/wahyu260697/document/Erpnext/silverplast/frappe-bench/env/lib/python3.11/site-packages/passlib/utils/__init__.py:854: DeprecationWarning: 'crypt' is deprecated and slated for removal in Python 3.13
  from crypt import crypt as _crypt
/home/wahyu260697/document/Erpnext/silverplast/frappe-bench/env/lib/python3.11/site-packages/rq/connections.py:72: DeprecationWarning: The `pop_connection` function is deprecated. Pass the `connection` explicitly instead.
  warnings.warn(
/home/wahyu260697/document/Erpnext/silverplast/frappe-bench/env/lib/python3.11/site-packages/rq/connections.py:58: DeprecationWarning: The `push_connection` function is deprecated. Pass the `connection` explicitly instead.
  warnings.warn(
/home/wahyu260697/document/Erpnext/silverplast/frappe-bench/env/lib/python3.11/site-packages/passlib/utils/__init__.py:854: DeprecationWarning: 'crypt' is deprecated and slated for removal in Python 3.13
  from crypt import crypt as _crypt
/home/wahyu260697/document/Erpnext/silverplast/frappe-bench/env/lib/python3.11/site-packages/rq/connections.py:72: DeprecationWarning: The `pop_connection` function is deprecated. Pass the `connection` explicitly instead.
  warnings.warn(
/home/wahyu260697/document/Erpnext/silverplast/frappe-bench/env/lib/python3.11/site-packages/rq/connections.py:58: DeprecationWarning: The `push_connection` function is deprecated. Pass the `connection` explicitly instead.
  warnings.warn(
/home/wahyu260697/document/Erpnext/silverplast/frappe-bench/env/lib/python3.11/site-packages/passlib/utils/__init__.py:854: DeprecationWarning: 'crypt' is deprecated and slated for removal in Python 3.13
  from crypt import crypt as _crypt
/home/wahyu260697/document/Erpnext/silverplast/frappe-bench/env/lib/python3.11/site-packages/rq/connections.py:72: DeprecationWarning: The `pop_connection` function is deprecated. Pass the `connection` explicitly instead.
  warnings.warn(
/home/wahyu260697/document/Erpnext/silverplast/frappe-bench/env/lib/python3.11/site-packages/rq/connections.py:58: DeprecationWarning: The `push_connection` function is deprecated. Pass the `connection` explicitly instead.
  warnings.warn(
/home/wahyu260697/document/Erpnext/silverplast/frappe-bench/env/lib/python3.11/site-packages/passlib/utils/__init__.py:854: DeprecationWarning: 'crypt' is deprecated and slated for removal in Python 3.13
  from crypt import crypt as _crypt
/home/wahyu260697/document/Erpnext/silverplast/frappe-bench/env/lib/python3.11/site-packages/rq/connections.py:72: DeprecationWarning: The `pop_connection` function is deprecated. Pass the `connection` explicitly instead.
  warnings.warn(
/home/wahyu260697/document/Erpnext/silverplast/frappe-bench/env/lib/python3.11/site-packages/rq/connections.py:58: DeprecationWarning: The `push_connection` function is deprecated. Pass the `connection` explicitly instead.
  warnings.warn(
/home/wahyu260697/document/Erpnext/silverplast/frappe-bench/env/lib/python3.11/site-packages/passlib/utils/__init__.py:854: DeprecationWarning: 'crypt' is deprecated and slated for removal in Python 3.13
  from crypt import crypt as _crypt
/home/wahyu260697/document/Erpnext/silverplast/frappe-bench/env/lib/python3.11/site-packages/rq/connections.py:72: DeprecationWarning: The `pop_connection` function is deprecated. Pass the `connection` explicitly instead.
  warnings.warn(
/home/wahyu260697/document/Erpnext/silverplast/frappe-bench/env/lib/python3.11/site-packages/rq/connections.py:58: DeprecationWarning: The `push_connection` function is deprecated. Pass the `connection` explicitly instead.
  warnings.warn(
/home/wahyu260697/document/Erpnext/silverplast/frappe-bench/env/lib/python3.11/site-packages/passlib/utils/__init__.py:854: DeprecationWarning: 'crypt' is deprecated and slated for removal in Python 3.13
  from crypt import crypt as _crypt
/home/wahyu260697/document/Erpnext/silverplast/frappe-bench/env/lib/python3.11/site-packages/rq/connections.py:72: DeprecationWarning: The `pop_connection` function is deprecated. Pass the `connection` explicitly instead.
  warnings.warn(
/home/wahyu260697/document/Erpnext/silverplast/frappe-bench/env/lib/python3.11/site-packages/rq/connections.py:58: DeprecationWarning: The `push_connection` function is deprecated. Pass the `connection` explicitly instead.
  warnings.warn(
/home/wahyu260697/document/Erpnext/silverplast/frappe-bench/env/lib/python3.11/site-packages/passlib/utils/__init__.py:854: DeprecationWarning: 'crypt' is deprecated and slated for removal in Python 3.13
  from crypt import crypt as _crypt
/home/wahyu260697/document/Erpnext/silverplast/frappe-bench/env/lib/python3.11/site-packages/rq/connections.py:72: DeprecationWarning: The `pop_connection` function is deprecated. Pass the `connection` explicitly instead.
  warnings.warn(
/home/wahyu260697/document/Erpnext/silverplast/frappe-bench/env/lib/python3.11/site-packages/rq/connections.py:58: DeprecationWarning: The `push_connection` function is deprecated. Pass the `connection` explicitly instead.
  warnings.warn(
/home/wahyu260697/document/Erpnext/silverplast/frappe-bench/env/lib/python3.11/site-packages/passlib/utils/__init__.py:854: DeprecationWarning: 'crypt' is deprecated and slated for removal in Python 3.13
  from crypt import crypt as _crypt
/home/wahyu260697/document/Erpnext/silverplast/frappe-bench/env/lib/python3.11/site-packages/rq/connections.py:72: DeprecationWarning: The `pop_connection` function is deprecated. Pass the `connection` explicitly instead.
  warnings.warn(
/home/wahyu260697/document/Erpnext/silverplast/frappe-bench/env/lib/python3.11/site-packages/rq/connections.py:58: DeprecationWarning: The `push_connection` function is deprecated. Pass the `connection` explicitly instead.
  warnings.warn(
/home/wahyu260697/document/Erpnext/silverplast/frappe-bench/env/lib/python3.11/site-packages/passlib/utils/__init__.py:854: DeprecationWarning: 'crypt' is deprecated and slated for removal in Python 3.13
  from crypt import crypt as _crypt
/home/wahyu260697/document/Erpnext/silverplast/frappe-bench/env/lib/python3.11/site-packages/rq/connections.py:72: DeprecationWarning: The `pop_connection` function is deprecated. Pass the `connection` explicitly instead.
  warnings.warn(
/home/wahyu260697/document/Erpnext/silverplast/frappe-bench/env/lib/python3.11/site-packages/rq/connections.py:58: DeprecationWarning: The `push_connection` function is deprecated. Pass the `connection` explicitly instead.
  warnings.warn(
/home/wahyu260697/document/Erpnext/silverplast/frappe-bench/env/lib/python3.11/site-packages/passlib/utils/__init__.py:854: DeprecationWarning: 'crypt' is deprecated and slated for removal in Python 3.13
  from crypt import crypt as _crypt
/home/wahyu260697/document/Erpnext/silverplast/frappe-bench/env/lib/python3.11/site-packages/rq/connections.py:72: DeprecationWarning: The `pop_connection` function is deprecated. Pass the `connection` explicitly instead.
  warnings.warn(
/home/wahyu260697/document/Erpnext/silverplast/frappe-bench/env/lib/python3.11/site-packages/rq/connections.py:58: DeprecationWarning: The `push_connection` function is deprecated. Pass the `connection` explicitly instead.
  warnings.warn(
/home/wahyu260697/document/Erpnext/silverplast/frappe-bench/env/lib/python3.11/site-packages/passlib/utils/__init__.py:854: DeprecationWarning: 'crypt' is deprecated and slated for removal in Python 3.13
  from crypt import crypt as _crypt
/home/wahyu260697/document/Erpnext/silverplast/frappe-bench/env/lib/python3.11/site-packages/rq/connections.py:72: DeprecationWarning: The `pop_connection` function is deprecated. Pass the `connection` explicitly instead.
  warnings.warn(
/home/wahyu260697/document/Erpnext/silverplast/frappe-bench/env/lib/python3.11/site-packages/rq/connections.py:58: DeprecationWarning: The `push_connection` function is deprecated. Pass the `connection` explicitly instead.
  warnings.warn(
/home/wahyu260697/document/Erpnext/silverplast/frappe-bench/env/lib/python3.11/site-packages/passlib/utils/__init__.py:854: DeprecationWarning: 'crypt' is deprecated and slated for removal in Python 3.13
  from crypt import crypt as _crypt
/home/wahyu260697/document/Erpnext/silverplast/frappe-bench/env/lib/python3.11/site-packages/rq/connections.py:72: DeprecationWarning: The `pop_connection` function is deprecated. Pass the `connection` explicitly instead.
  warnings.warn(
/home/wahyu260697/document/Erpnext/silverplast/frappe-bench/env/lib/python3.11/site-packages/rq/connections.py:58: DeprecationWarning: The `push_connection` function is deprecated. Pass the `connection` explicitly instead.
  warnings.warn(
/home/wahyu260697/document/Erpnext/silverplast/frappe-bench/env/lib/python3.11/site-packages/passlib/utils/__init__.py:854: DeprecationWarning: 'crypt' is deprecated and slated for removal in Python 3.13
  from crypt import crypt as _crypt
/home/wahyu260697/document/Erpnext/silverplast/frappe-bench/env/lib/python3.11/site-packages/rq/connections.py:72: DeprecationWarning: The `pop_connection` function is deprecated. Pass the `connection` explicitly instead.
  warnings.warn(
/home/wahyu260697/document/Erpnext/silverplast/frappe-bench/env/lib/python3.11/site-packages/rq/connections.py:58: DeprecationWarning: The `push_connection` function is deprecated. Pass the `connection` explicitly instead.
  warnings.warn(
/home/wahyu260697/document/Erpnext/silverplast/frappe-bench/env/lib/python3.11/site-packages/passlib/utils/__init__.py:854: DeprecationWarning: 'crypt' is deprecated and slated for removal in Python 3.13
  from crypt import crypt as _crypt
/home/wahyu260697/document/Erpnext/silverplast/frappe-bench/env/lib/python3.11/site-packages/rq/connections.py:72: DeprecationWarning: The `pop_connection` function is deprecated. Pass the `connection` explicitly instead.
  warnings.warn(
/home/wahyu260697/document/Erpnext/silverplast/frappe-bench/env/lib/python3.11/site-packages/rq/connections.py:58: DeprecationWarning: The `push_connection` function is deprecated. Pass the `connection` explicitly instead.
  warnings.warn(
/home/wahyu260697/document/Erpnext/silverplast/frappe-bench/env/lib/python3.11/site-packages/passlib/utils/__init__.py:854: DeprecationWarning: 'crypt' is deprecated and slated for removal in Python 3.13
  from crypt import crypt as _crypt
/home/wahyu260697/document/Erpnext/silverplast/frappe-bench/env/lib/python3.11/site-packages/rq/connections.py:72: DeprecationWarning: The `pop_connection` function is deprecated. Pass the `connection` explicitly instead.
  warnings.warn(
/home/wahyu260697/document/Erpnext/silverplast/frappe-bench/env/lib/python3.11/site-packages/rq/connections.py:58: DeprecationWarning: The `push_connection` function is deprecated. Pass the `connection` explicitly instead.
  warnings.warn(
/home/wahyu260697/document/Erpnext/silverplast/frappe-bench/env/lib/python3.11/site-packages/passlib/utils/__init__.py:854: DeprecationWarning: 'crypt' is deprecated and slated for removal in Python 3.13
  from crypt import crypt as _crypt
/home/wahyu260697/document/Erpnext/silverplast/frappe-bench/env/lib/python3.11/site-packages/rq/connections.py:72: DeprecationWarning: The `pop_connection` function is deprecated. Pass the `connection` explicitly instead.
  warnings.warn(
/home/wahyu260697/document/Erpnext/silverplast/frappe-bench/env/lib/python3.11/site-packages/rq/connections.py:58: DeprecationWarning: The `push_connection` function is deprecated. Pass the `connection` explicitly instead.
  warnings.warn(
/home/wahyu260697/document/Erpnext/silverplast/frappe-bench/env/lib/python3.11/site-packages/passlib/utils/__init__.py:854: DeprecationWarning: 'crypt' is deprecated and slated for removal in Python 3.13
  from crypt import crypt as _crypt
/home/wahyu260697/document/Erpnext/silverplast/frappe-bench/env/lib/python3.11/site-packages/rq/connections.py:72: DeprecationWarning: The `pop_connection` function is deprecated. Pass the `connection` explicitly instead.
  warnings.warn(
/home/wahyu260697/document/Erpnext/silverplast/frappe-bench/env/lib/python3.11/site-packages/rq/connections.py:58: DeprecationWarning: The `push_connection` function is deprecated. Pass the `connection` explicitly instead.
  warnings.warn(
/home/wahyu260697/document/Erpnext/silverplast/frappe-bench/env/lib/python3.11/site-packages/passlib/utils/__init__.py:854: DeprecationWarning: 'crypt' is deprecated and slated for removal in Python 3.13
  from crypt import crypt as _crypt
/home/wahyu260697/document/Erpnext/silverplast/frappe-bench/env/lib/python3.11/site-packages/rq/connections.py:72: DeprecationWarning: The `pop_connection` function is deprecated. Pass the `connection` explicitly instead.
  warnings.warn(
/home/wahyu260697/document/Erpnext/silverplast/frappe-bench/env/lib/python3.11/site-packages/rq/connections.py:58: DeprecationWarning: The `push_connection` function is deprecated. Pass the `connection` explicitly instead.
  warnings.warn(
/home/wahyu260697/document/Erpnext/silverplast/frappe-bench/env/lib/python3.11/site-packages/passlib/utils/__init__.py:854: DeprecationWarning: 'crypt' is deprecated and slated for removal in Python 3.13
  from crypt import crypt as _crypt
/home/wahyu260697/document/Erpnext/silverplast/frappe-bench/env/lib/python3.11/site-packages/rq/connections.py:72: DeprecationWarning: The `pop_connection` function is deprecated. Pass the `connection` explicitly instead.
  warnings.warn(
/home/wahyu260697/document/Erpnext/silverplast/frappe-bench/env/lib/python3.11/site-packages/rq/connections.py:58: DeprecationWarning: The `push_connection` function is deprecated. Pass the `connection` explicitly instead.
  warnings.warn(
/home/wahyu260697/document/Erpnext/silverplast/frappe-bench/env/lib/python3.11/site-packages/passlib/utils/__init__.py:854: DeprecationWarning: 'crypt' is deprecated and slated for removal in Python 3.13
  from crypt import crypt as _crypt
/home/wahyu260697/document/Erpnext/silverplast/frappe-bench/env/lib/python3.11/site-packages/rq/connections.py:72: DeprecationWarning: The `pop_connection` function is deprecated. Pass the `connection` explicitly instead.
  warnings.warn(
/home/wahyu260697/document/Erpnext/silverplast/frappe-bench/env/lib/python3.11/site-packages/rq/connections.py:58: DeprecationWarning: The `push_connection` function is deprecated. Pass the `connection` explicitly instead.
  warnings.warn(
/home/wahyu260697/document/Erpnext/silverplast/frappe-bench/env/lib/python3.11/site-packages/passlib/utils/__init__.py:854: DeprecationWarning: 'crypt' is deprecated and slated for removal in Python 3.13
  from crypt import crypt as _crypt
/home/wahyu260697/document/Erpnext/silverplast/frappe-bench/env/lib/python3.11/site-packages/rq/connections.py:72: DeprecationWarning: The `pop_connection` function is deprecated. Pass the `connection` explicitly instead.
  warnings.warn(
/home/wahyu260697/document/Erpnext/silverplast/frappe-bench/env/lib/python3.11/site-packages/rq/connections.py:58: DeprecationWarning: The `push_connection` function is deprecated. Pass the `connection` explicitly instead.
  warnings.warn(
/home/wahyu260697/document/Erpnext/silverplast/frappe-bench/env/lib/python3.11/site-packages/passlib/utils/__init__.py:854: DeprecationWarning: 'crypt' is deprecated and slated for removal in Python 3.13
  from crypt import crypt as _crypt
/home/wahyu260697/document/Erpnext/silverplast/frappe-bench/env/lib/python3.11/site-packages/rq/connections.py:72: DeprecationWarning: The `pop_connection` function is deprecated. Pass the `connection` explicitly instead.
  warnings.warn(
/home/wahyu260697/document/Erpnext/silverplast/frappe-bench/env/lib/python3.11/site-packages/rq/connections.py:58: DeprecationWarning: The `push_connection` function is deprecated. Pass the `connection` explicitly instead.
  warnings.warn(
/home/wahyu260697/document/Erpnext/silverplast/frappe-bench/env/lib/python3.11/site-packages/passlib/utils/__init__.py:854: DeprecationWarning: 'crypt' is deprecated and slated for removal in Python 3.13
  from crypt import crypt as _crypt
/home/wahyu260697/document/Erpnext/silverplast/frappe-bench/env/lib/python3.11/site-packages/rq/connections.py:72: DeprecationWarning: The `pop_connection` function is deprecated. Pass the `connection` explicitly instead.
  warnings.warn(
/home/wahyu260697/document/Erpnext/silverplast/frappe-bench/env/lib/python3.11/site-packages/rq/connections.py:58: DeprecationWarning: The `push_connection` function is deprecated. Pass the `connection` explicitly instead.
  warnings.warn(
/home/wahyu260697/document/Erpnext/silverplast/frappe-bench/env/lib/python3.11/site-packages/passlib/utils/__init__.py:854: DeprecationWarning: 'crypt' is deprecated and slated for removal in Python 3.13
  from crypt import crypt as _crypt
/home/wahyu260697/document/Erpnext/silverplast/frappe-bench/env/lib/python3.11/site-packages/rq/connections.py:72: DeprecationWarning: The `pop_connection` function is deprecated. Pass the `connection` explicitly instead.
  warnings.warn(
/home/wahyu260697/document/Erpnext/silverplast/frappe-bench/env/lib/python3.11/site-packages/rq/connections.py:58: DeprecationWarning: The `push_connection` function is deprecated. Pass the `connection` explicitly instead.
  warnings.warn(
/home/wahyu260697/document/Erpnext/silverplast/frappe-bench/env/lib/python3.11/site-packages/passlib/utils/__init__.py:854: DeprecationWarning: 'crypt' is deprecated and slated for removal in Python 3.13
  from crypt import crypt as _crypt
/home/wahyu260697/document/Erpnext/silverplast/frappe-bench/env/lib/python3.11/site-packages/rq/connections.py:72: DeprecationWarning: The `pop_connection` function is deprecated. Pass the `connection` explicitly instead.
  warnings.warn(
/home/wahyu260697/document/Erpnext/silverplast/frappe-bench/env/lib/python3.11/site-packages/rq/connections.py:58: DeprecationWarning: The `push_connection` function is deprecated. Pass the `connection` explicitly instead.
  warnings.warn(
/home/wahyu260697/document/Erpnext/silverplast/frappe-bench/env/lib/python3.11/site-packages/passlib/utils/__init__.py:854: DeprecationWarning: 'crypt' is deprecated and slated for removal in Python 3.13
  from crypt import crypt as _crypt
/home/wahyu260697/document/Erpnext/silverplast/frappe-bench/env/lib/python3.11/site-packages/rq/connections.py:72: DeprecationWarning: The `pop_connection` function is deprecated. Pass the `connection` explicitly instead.
  warnings.warn(
/home/wahyu260697/document/Erpnext/silverplast/frappe-bench/env/lib/python3.11/site-packages/rq/connections.py:58: DeprecationWarning: The `push_connection` function is deprecated. Pass the `connection` explicitly instead.
  warnings.warn(
/home/wahyu260697/document/Erpnext/silverplast/frappe-bench/env/lib/python3.11/site-packages/passlib/utils/__init__.py:854: DeprecationWarning: 'crypt' is deprecated and slated for removal in Python 3.13
  from crypt import crypt as _crypt
/home/wahyu260697/document/Erpnext/silverplast/frappe-bench/env/lib/python3.11/site-packages/rq/connections.py:72: DeprecationWarning: The `pop_connection` function is deprecated. Pass the `connection` explicitly instead.
  warnings.warn(
/home/wahyu260697/document/Erpnext/silverplast/frappe-bench/env/lib/python3.11/site-packages/rq/connections.py:58: DeprecationWarning: The `push_connection` function is deprecated. Pass the `connection` explicitly instead.
  warnings.warn(
/home/wahyu260697/document/Erpnext/silverplast/frappe-bench/env/lib/python3.11/site-packages/passlib/utils/__init__.py:854: DeprecationWarning: 'crypt' is deprecated and slated for removal in Python 3.13
  from crypt import crypt as _crypt
/home/wahyu260697/document/Erpnext/silverplast/frappe-bench/env/lib/python3.11/site-packages/rq/connections.py:72: DeprecationWarning: The `pop_connection` function is deprecated. Pass the `connection` explicitly instead.
  warnings.warn(
/home/wahyu260697/document/Erpnext/silverplast/frappe-bench/env/lib/python3.11/site-packages/rq/connections.py:58: DeprecationWarning: The `push_connection` function is deprecated. Pass the `connection` explicitly instead.
  warnings.warn(
/home/wahyu260697/document/Erpnext/silverplast/frappe-bench/env/lib/python3.11/site-packages/passlib/utils/__init__.py:854: DeprecationWarning: 'crypt' is deprecated and slated for removal in Python 3.13
  from crypt import crypt as _crypt
/home/wahyu260697/document/Erpnext/silverplast/frappe-bench/env/lib/python3.11/site-packages/rq/connections.py:72: DeprecationWarning: The `pop_connection` function is deprecated. Pass the `connection` explicitly instead.
  warnings.warn(
/home/wahyu260697/document/Erpnext/silverplast/frappe-bench/env/lib/python3.11/site-packages/rq/connections.py:58: DeprecationWarning: The `push_connection` function is deprecated. Pass the `connection` explicitly instead.
  warnings.warn(
/home/wahyu260697/document/Erpnext/silverplast/frappe-bench/env/lib/python3.11/site-packages/passlib/utils/__init__.py:854: DeprecationWarning: 'crypt' is deprecated and slated for removal in Python 3.13
  from crypt import crypt as _crypt
/home/wahyu260697/document/Erpnext/silverplast/frappe-bench/env/lib/python3.11/site-packages/rq/connections.py:72: DeprecationWarning: The `pop_connection` function is deprecated. Pass the `connection` explicitly instead.
  warnings.warn(
/home/wahyu260697/document/Erpnext/silverplast/frappe-bench/env/lib/python3.11/site-packages/rq/connections.py:58: DeprecationWarning: The `push_connection` function is deprecated. Pass the `connection` explicitly instead.
  warnings.warn(
/home/wahyu260697/document/Erpnext/silverplast/frappe-bench/env/lib/python3.11/site-packages/passlib/utils/__init__.py:854: DeprecationWarning: 'crypt' is deprecated and slated for removal in Python 3.13
  from crypt import crypt as _crypt
/home/wahyu260697/document/Erpnext/silverplast/frappe-bench/env/lib/python3.11/site-packages/rq/connections.py:72: DeprecationWarning: The `pop_connection` function is deprecated. Pass the `connection` explicitly instead.
  warnings.warn(
/home/wahyu260697/document/Erpnext/silverplast/frappe-bench/env/lib/python3.11/site-packages/rq/connections.py:58: DeprecationWarning: The `push_connection` function is deprecated. Pass the `connection` explicitly instead.
  warnings.warn(
/home/wahyu260697/document/Erpnext/silverplast/frappe-bench/env/lib/python3.11/site-packages/passlib/utils/__init__.py:854: DeprecationWarning: 'crypt' is deprecated and slated for removal in Python 3.13
  from crypt import crypt as _crypt
/home/wahyu260697/document/Erpnext/silverplast/frappe-bench/env/lib/python3.11/site-packages/rq/connections.py:72: DeprecationWarning: The `pop_connection` function is deprecated. Pass the `connection` explicitly instead.
  warnings.warn(
/home/wahyu260697/document/Erpnext/silverplast/frappe-bench/env/lib/python3.11/site-packages/rq/connections.py:58: DeprecationWarning: The `push_connection` function is deprecated. Pass the `connection` explicitly instead.
  warnings.warn(
/home/wahyu260697/document/Erpnext/silverplast/frappe-bench/env/lib/python3.11/site-packages/passlib/utils/__init__.py:854: DeprecationWarning: 'crypt' is deprecated and slated for removal in Python 3.13
  from crypt import crypt as _crypt
/home/wahyu260697/document/Erpnext/silverplast/frappe-bench/env/lib/python3.11/site-packages/rq/connections.py:72: DeprecationWarning: The `pop_connection` function is deprecated. Pass the `connection` explicitly instead.
  warnings.warn(
/home/wahyu260697/document/Erpnext/silverplast/frappe-bench/env/lib/python3.11/site-packages/rq/connections.py:58: DeprecationWarning: The `push_connection` function is deprecated. Pass the `connection` explicitly instead.
  warnings.warn(
/home/wahyu260697/document/Erpnext/silverplast/frappe-bench/env/lib/python3.11/site-packages/passlib/utils/__init__.py:854: DeprecationWarning: 'crypt' is deprecated and slated for removal in Python 3.13
  from crypt import crypt as _crypt
/home/wahyu260697/document/Erpnext/silverplast/frappe-bench/env/lib/python3.11/site-packages/rq/connections.py:72: DeprecationWarning: The `pop_connection` function is deprecated. Pass the `connection` explicitly instead.
  warnings.warn(
/home/wahyu260697/document/Erpnext/silverplast/frappe-bench/env/lib/python3.11/site-packages/rq/connections.py:58: DeprecationWarning: The `push_connection` function is deprecated. Pass the `connection` explicitly instead.
  warnings.warn(
/home/wahyu260697/document/Erpnext/silverplast/frappe-bench/env/lib/python3.11/site-packages/passlib/utils/__init__.py:854: DeprecationWarning: 'crypt' is deprecated and slated for removal in Python 3.13
  from crypt import crypt as _crypt
/home/wahyu260697/document/Erpnext/silverplast/frappe-bench/env/lib/python3.11/site-packages/rq/connections.py:72: DeprecationWarning: The `pop_connection` function is deprecated. Pass the `connection` explicitly instead.
  warnings.warn(
/home/wahyu260697/document/Erpnext/silverplast/frappe-bench/env/lib/python3.11/site-packages/rq/connections.py:58: DeprecationWarning: The `push_connection` function is deprecated. Pass the `connection` explicitly instead.
  warnings.warn(
/home/wahyu260697/document/Erpnext/silverplast/frappe-bench/env/lib/python3.11/site-packages/passlib/utils/__init__.py:854: DeprecationWarning: 'crypt' is deprecated and slated for removal in Python 3.13
  from crypt import crypt as _crypt
/home/wahyu260697/document/Erpnext/silverplast/frappe-bench/env/lib/python3.11/site-packages/rq/connections.py:72: DeprecationWarning: The `pop_connection` function is deprecated. Pass the `connection` explicitly instead.
  warnings.warn(
/home/wahyu260697/document/Erpnext/silverplast/frappe-bench/env/lib/python3.11/site-packages/rq/connections.py:58: DeprecationWarning: The `push_connection` function is deprecated. Pass the `connection` explicitly instead.
  warnings.warn(
/home/wahyu260697/document/Erpnext/silverplast/frappe-bench/env/lib/python3.11/site-packages/passlib/utils/__init__.py:854: DeprecationWarning: 'crypt' is deprecated and slated for removal in Python 3.13
  from crypt import crypt as _crypt
/home/wahyu260697/document/Erpnext/silverplast/frappe-bench/env/lib/python3.11/site-packages/rq/connections.py:72: DeprecationWarning: The `pop_connection` function is deprecated. Pass the `connection` explicitly instead.
  warnings.warn(
/home/wahyu260697/document/Erpnext/silverplast/frappe-bench/env/lib/python3.11/site-packages/rq/connections.py:58: DeprecationWarning: The `push_connection` function is deprecated. Pass the `connection` explicitly instead.
  warnings.warn(
/home/wahyu260697/document/Erpnext/silverplast/frappe-bench/env/lib/python3.11/site-packages/passlib/utils/__init__.py:854: DeprecationWarning: 'crypt' is deprecated and slated for removal in Python 3.13
  from crypt import crypt as _crypt
/home/wahyu260697/document/Erpnext/silverplast/frappe-bench/env/lib/python3.11/site-packages/rq/connections.py:72: DeprecationWarning: The `pop_connection` function is deprecated. Pass the `connection` explicitly instead.
  warnings.warn(
/home/wahyu260697/document/Erpnext/silverplast/frappe-bench/env/lib/python3.11/site-packages/rq/connections.py:58: DeprecationWarning: The `push_connection` function is deprecated. Pass the `connection` explicitly instead.
  warnings.warn(
/home/wahyu260697/document/Erpnext/silverplast/frappe-bench/env/lib/python3.11/site-packages/passlib/utils/__init__.py:854: DeprecationWarning: 'crypt' is deprecated and slated for removal in Python 3.13
  from crypt import crypt as _crypt
/home/wahyu260697/document/Erpnext/silverplast/frappe-bench/env/lib/python3.11/site-packages/rq/connections.py:72: DeprecationWarning: The `pop_connection` function is deprecated. Pass the `connection` explicitly instead.
  warnings.warn(
/home/wahyu260697/document/Erpnext/silverplast/frappe-bench/env/lib/python3.11/site-packages/rq/connections.py:58: DeprecationWarning: The `push_connection` function is deprecated. Pass the `connection` explicitly instead.
  warnings.warn(
/home/wahyu260697/document/Erpnext/silverplast/frappe-bench/env/lib/python3.11/site-packages/passlib/utils/__init__.py:854: DeprecationWarning: 'crypt' is deprecated and slated for removal in Python 3.13
  from crypt import crypt as _crypt
/home/wahyu260697/document/Erpnext/silverplast/frappe-bench/env/lib/python3.11/site-packages/rq/connections.py:72: DeprecationWarning: The `pop_connection` function is deprecated. Pass the `connection` explicitly instead.
  warnings.warn(
/home/wahyu260697/document/Erpnext/silverplast/frappe-bench/env/lib/python3.11/site-packages/rq/connections.py:58: DeprecationWarning: The `push_connection` function is deprecated. Pass the `connection` explicitly instead.
  warnings.warn(
/home/wahyu260697/document/Erpnext/silverplast/frappe-bench/env/lib/python3.11/site-packages/passlib/utils/__init__.py:854: DeprecationWarning: 'crypt' is deprecated and slated for removal in Python 3.13
  from crypt import crypt as _crypt
/home/wahyu260697/document/Erpnext/silverplast/frappe-bench/env/lib/python3.11/site-packages/rq/connections.py:72: DeprecationWarning: The `pop_connection` function is deprecated. Pass the `connection` explicitly instead.
  warnings.warn(
/home/wahyu260697/document/Erpnext/silverplast/frappe-bench/env/lib/python3.11/site-packages/rq/connections.py:58: DeprecationWarning: The `push_connection` function is deprecated. Pass the `connection` explicitly instead.
  warnings.warn(
/home/wahyu260697/document/Erpnext/silverplast/frappe-bench/env/lib/python3.11/site-packages/passlib/utils/__init__.py:854: DeprecationWarning: 'crypt' is deprecated and slated for removal in Python 3.13
  from crypt import crypt as _crypt
/home/wahyu260697/document/Erpnext/silverplast/frappe-bench/env/lib/python3.11/site-packages/rq/connections.py:72: DeprecationWarning: The `pop_connection` function is deprecated. Pass the `connection` explicitly instead.
  warnings.warn(
/home/wahyu260697/document/Erpnext/silverplast/frappe-bench/env/lib/python3.11/site-packages/rq/connections.py:58: DeprecationWarning: The `push_connection` function is deprecated. Pass the `connection` explicitly instead.
  warnings.warn(
/home/wahyu260697/document/Erpnext/silverplast/frappe-bench/env/lib/python3.11/site-packages/passlib/utils/__init__.py:854: DeprecationWarning: 'crypt' is deprecated and slated for removal in Python 3.13
  from crypt import crypt as _crypt
/home/wahyu260697/document/Erpnext/silverplast/frappe-bench/env/lib/python3.11/site-packages/rq/connections.py:72: DeprecationWarning: The `pop_connection` function is deprecated. Pass the `connection` explicitly instead.
  warnings.warn(
/home/wahyu260697/document/Erpnext/silverplast/frappe-bench/env/lib/python3.11/site-packages/rq/connections.py:58: DeprecationWarning: The `push_connection` function is deprecated. Pass the `connection` explicitly instead.
  warnings.warn(
/home/wahyu260697/document/Erpnext/silverplast/frappe-bench/env/lib/python3.11/site-packages/passlib/utils/__init__.py:854: DeprecationWarning: 'crypt' is deprecated and slated for removal in Python 3.13
  from crypt import crypt as _crypt
/home/wahyu260697/document/Erpnext/silverplast/frappe-bench/env/lib/python3.11/site-packages/rq/connections.py:72: DeprecationWarning: The `pop_connection` function is deprecated. Pass the `connection` explicitly instead.
  warnings.warn(
/home/wahyu260697/document/Erpnext/silverplast/frappe-bench/env/lib/python3.11/site-packages/rq/connections.py:58: DeprecationWarning: The `push_connection` function is deprecated. Pass the `connection` explicitly instead.
  warnings.warn(
/home/wahyu260697/document/Erpnext/silverplast/frappe-bench/env/lib/python3.11/site-packages/passlib/utils/__init__.py:854: DeprecationWarning: 'crypt' is deprecated and slated for removal in Python 3.13
  from crypt import crypt as _crypt
/home/wahyu260697/document/Erpnext/silverplast/frappe-bench/env/lib/python3.11/site-packages/rq/connections.py:72: DeprecationWarning: The `pop_connection` function is deprecated. Pass the `connection` explicitly instead.
  warnings.warn(
/home/wahyu260697/document/Erpnext/silverplast/frappe-bench/env/lib/python3.11/site-packages/rq/connections.py:58: DeprecationWarning: The `push_connection` function is deprecated. Pass the `connection` explicitly instead.
  warnings.warn(
/home/wahyu260697/document/Erpnext/silverplast/frappe-bench/env/lib/python3.11/site-packages/passlib/utils/__init__.py:854: DeprecationWarning: 'crypt' is deprecated and slated for removal in Python 3.13
  from crypt import crypt as _crypt
/home/wahyu260697/document/Erpnext/silverplast/frappe-bench/env/lib/python3.11/site-packages/rq/connections.py:72: DeprecationWarning: The `pop_connection` function is deprecated. Pass the `connection` explicitly instead.
  warnings.warn(
/home/wahyu260697/document/Erpnext/silverplast/frappe-bench/env/lib/python3.11/site-packages/rq/connections.py:58: DeprecationWarning: The `push_connection` function is deprecated. Pass the `connection` explicitly instead.
  warnings.warn(
/home/wahyu260697/document/Erpnext/silverplast/frappe-bench/env/lib/python3.11/site-packages/passlib/utils/__init__.py:854: DeprecationWarning: 'crypt' is deprecated and slated for removal in Python 3.13
  from crypt import crypt as _crypt
/home/wahyu260697/document/Erpnext/silverplast/frappe-bench/env/lib/python3.11/site-packages/rq/connections.py:72: DeprecationWarning: The `pop_connection` function is deprecated. Pass the `connection` explicitly instead.
  warnings.warn(
/home/wahyu260697/document/Erpnext/silverplast/frappe-bench/env/lib/python3.11/site-packages/rq/connections.py:58: DeprecationWarning: The `push_connection` function is deprecated. Pass the `connection` explicitly instead.
  warnings.warn(
/home/wahyu260697/document/Erpnext/silverplast/frappe-bench/env/lib/python3.11/site-packages/passlib/utils/__init__.py:854: DeprecationWarning: 'crypt' is deprecated and slated for removal in Python 3.13
  from crypt import crypt as _crypt
/home/wahyu260697/document/Erpnext/silverplast/frappe-bench/env/lib/python3.11/site-packages/rq/connections.py:72: DeprecationWarning: The `pop_connection` function is deprecated. Pass the `connection` explicitly instead.
  warnings.warn(
/home/wahyu260697/document/Erpnext/silverplast/frappe-bench/env/lib/python3.11/site-packages/rq/connections.py:58: DeprecationWarning: The `push_connection` function is deprecated. Pass the `connection` explicitly instead.
  warnings.warn(
/home/wahyu260697/document/Erpnext/silverplast/frappe-bench/env/lib/python3.11/site-packages/passlib/utils/__init__.py:854: DeprecationWarning: 'crypt' is deprecated and slated for removal in Python 3.13
  from crypt import crypt as _crypt
/home/wahyu260697/document/Erpnext/silverplast/frappe-bench/env/lib/python3.11/site-packages/rq/connections.py:72: DeprecationWarning: The `pop_connection` function is deprecated. Pass the `connection` explicitly instead.
  warnings.warn(
/home/wahyu260697/document/Erpnext/silverplast/frappe-bench/env/lib/python3.11/site-packages/rq/connections.py:58: DeprecationWarning: The `push_connection` function is deprecated. Pass the `connection` explicitly instead.
  warnings.warn(
/home/wahyu260697/document/Erpnext/silverplast/frappe-bench/env/lib/python3.11/site-packages/passlib/utils/__init__.py:854: DeprecationWarning: 'crypt' is deprecated and slated for removal in Python 3.13
  from crypt import crypt as _crypt
/home/wahyu260697/document/Erpnext/silverplast/frappe-bench/env/lib/python3.11/site-packages/rq/connections.py:72: DeprecationWarning: The `pop_connection` function is deprecated. Pass the `connection` explicitly instead.
  warnings.warn(
/home/wahyu260697/document/Erpnext/silverplast/frappe-bench/env/lib/python3.11/site-packages/rq/connections.py:58: DeprecationWarning: The `push_connection` function is deprecated. Pass the `connection` explicitly instead.
  warnings.warn(
/home/wahyu260697/document/Erpnext/silverplast/frappe-bench/env/lib/python3.11/site-packages/passlib/utils/__init__.py:854: DeprecationWarning: 'crypt' is deprecated and slated for removal in Python 3.13
  from crypt import crypt as _crypt
/home/wahyu260697/document/Erpnext/silverplast/frappe-bench/env/lib/python3.11/site-packages/rq/connections.py:72: DeprecationWarning: The `pop_connection` function is deprecated. Pass the `connection` explicitly instead.
  warnings.warn(
/home/wahyu260697/document/Erpnext/silverplast/frappe-bench/env/lib/python3.11/site-packages/rq/connections.py:58: DeprecationWarning: The `push_connection` function is deprecated. Pass the `connection` explicitly instead.
  warnings.warn(
/home/wahyu260697/document/Erpnext/silverplast/frappe-bench/env/lib/python3.11/site-packages/passlib/utils/__init__.py:854: DeprecationWarning: 'crypt' is deprecated and slated for removal in Python 3.13
  from crypt import crypt as _crypt
/home/wahyu260697/document/Erpnext/silverplast/frappe-bench/env/lib/python3.11/site-packages/rq/connections.py:72: DeprecationWarning: The `pop_connection` function is deprecated. Pass the `connection` explicitly instead.
  warnings.warn(
/home/wahyu260697/document/Erpnext/silverplast/frappe-bench/env/lib/python3.11/site-packages/rq/connections.py:58: DeprecationWarning: The `push_connection` function is deprecated. Pass the `connection` explicitly instead.
  warnings.warn(
/home/wahyu260697/document/Erpnext/silverplast/frappe-bench/env/lib/python3.11/site-packages/passlib/utils/__init__.py:854: DeprecationWarning: 'crypt' is deprecated and slated for removal in Python 3.13
  from crypt import crypt as _crypt
/home/wahyu260697/document/Erpnext/silverplast/frappe-bench/env/lib/python3.11/site-packages/rq/connections.py:72: DeprecationWarning: The `pop_connection` function is deprecated. Pass the `connection` explicitly instead.
  warnings.warn(
/home/wahyu260697/document/Erpnext/silverplast/frappe-bench/env/lib/python3.11/site-packages/rq/connections.py:58: DeprecationWarning: The `push_connection` function is deprecated. Pass the `connection` explicitly instead.
  warnings.warn(
/home/wahyu260697/document/Erpnext/silverplast/frappe-bench/env/lib/python3.11/site-packages/passlib/utils/__init__.py:854: DeprecationWarning: 'crypt' is deprecated and slated for removal in Python 3.13
  from crypt import crypt as _crypt
/home/wahyu260697/document/Erpnext/silverplast/frappe-bench/env/lib/python3.11/site-packages/rq/connections.py:72: DeprecationWarning: The `pop_connection` function is deprecated. Pass the `connection` explicitly instead.
  warnings.warn(
/home/wahyu260697/document/Erpnext/silverplast/frappe-bench/env/lib/python3.11/site-packages/rq/connections.py:58: DeprecationWarning: The `push_connection` function is deprecated. Pass the `connection` explicitly instead.
  warnings.warn(
/home/wahyu260697/document/Erpnext/silverplast/frappe-bench/env/lib/python3.11/site-packages/passlib/utils/__init__.py:854: DeprecationWarning: 'crypt' is deprecated and slated for removal in Python 3.13
  from crypt import crypt as _crypt
/home/wahyu260697/document/Erpnext/silverplast/frappe-bench/env/lib/python3.11/site-packages/rq/connections.py:72: DeprecationWarning: The `pop_connection` function is deprecated. Pass the `connection` explicitly instead.
  warnings.warn(
/home/wahyu260697/document/Erpnext/silverplast/frappe-bench/env/lib/python3.11/site-packages/rq/connections.py:58: DeprecationWarning: The `push_connection` function is deprecated. Pass the `connection` explicitly instead.
  warnings.warn(
/home/wahyu260697/document/Erpnext/silverplast/frappe-bench/env/lib/python3.11/site-packages/passlib/utils/__init__.py:854: DeprecationWarning: 'crypt' is deprecated and slated for removal in Python 3.13
  from crypt import crypt as _crypt
/home/wahyu260697/document/Erpnext/silverplast/frappe-bench/env/lib/python3.11/site-packages/rq/connections.py:72: DeprecationWarning: The `pop_connection` function is deprecated. Pass the `connection` explicitly instead.
  warnings.warn(
/home/wahyu260697/document/Erpnext/silverplast/frappe-bench/env/lib/python3.11/site-packages/rq/connections.py:58: DeprecationWarning: The `push_connection` function is deprecated. Pass the `connection` explicitly instead.
  warnings.warn(
/home/wahyu260697/document/Erpnext/silverplast/frappe-bench/env/lib/python3.11/site-packages/passlib/utils/__init__.py:854: DeprecationWarning: 'crypt' is deprecated and slated for removal in Python 3.13
  from crypt import crypt as _crypt
/home/wahyu260697/document/Erpnext/silverplast/frappe-bench/env/lib/python3.11/site-packages/rq/connections.py:72: DeprecationWarning: The `pop_connection` function is deprecated. Pass the `connection` explicitly instead.
  warnings.warn(
/home/wahyu260697/document/Erpnext/silverplast/frappe-bench/env/lib/python3.11/site-packages/rq/connections.py:58: DeprecationWarning: The `push_connection` function is deprecated. Pass the `connection` explicitly instead.
  warnings.warn(
/home/wahyu260697/document/Erpnext/silverplast/frappe-bench/env/lib/python3.11/site-packages/passlib/utils/__init__.py:854: DeprecationWarning: 'crypt' is deprecated and slated for removal in Python 3.13
  from crypt import crypt as _crypt
/home/wahyu260697/document/Erpnext/silverplast/frappe-bench/env/lib/python3.11/site-packages/rq/connections.py:72: DeprecationWarning: The `pop_connection` function is deprecated. Pass the `connection` explicitly instead.
  warnings.warn(
/home/wahyu260697/document/Erpnext/silverplast/frappe-bench/env/lib/python3.11/site-packages/rq/connections.py:58: DeprecationWarning: The `push_connection` function is deprecated. Pass the `connection` explicitly instead.
  warnings.warn(
/home/wahyu260697/document/Erpnext/silverplast/frappe-bench/env/lib/python3.11/site-packages/passlib/utils/__init__.py:854: DeprecationWarning: 'crypt' is deprecated and slated for removal in Python 3.13
  from crypt import crypt as _crypt
/home/wahyu260697/document/Erpnext/silverplast/frappe-bench/env/lib/python3.11/site-packages/rq/connections.py:72: DeprecationWarning: The `pop_connection` function is deprecated. Pass the `connection` explicitly instead.
  warnings.warn(
/home/wahyu260697/document/Erpnext/silverplast/frappe-bench/env/lib/python3.11/site-packages/rq/connections.py:58: DeprecationWarning: The `push_connection` function is deprecated. Pass the `connection` explicitly instead.
  warnings.warn(
/home/wahyu260697/document/Erpnext/silverplast/frappe-bench/env/lib/python3.11/site-packages/passlib/utils/__init__.py:854: DeprecationWarning: 'crypt' is deprecated and slated for removal in Python 3.13
  from crypt import crypt as _crypt
/home/wahyu260697/document/Erpnext/silverplast/frappe-bench/env/lib/python3.11/site-packages/rq/connections.py:72: DeprecationWarning: The `pop_connection` function is deprecated. Pass the `connection` explicitly instead.
  warnings.warn(
/home/wahyu260697/document/Erpnext/silverplast/frappe-bench/env/lib/python3.11/site-packages/rq/connections.py:58: DeprecationWarning: The `push_connection` function is deprecated. Pass the `connection` explicitly instead.
  warnings.warn(
/home/wahyu260697/document/Erpnext/silverplast/frappe-bench/env/lib/python3.11/site-packages/passlib/utils/__init__.py:854: DeprecationWarning: 'crypt' is deprecated and slated for removal in Python 3.13
  from crypt import crypt as _crypt
/home/wahyu260697/document/Erpnext/silverplast/frappe-bench/env/lib/python3.11/site-packages/rq/connections.py:72: DeprecationWarning: The `pop_connection` function is deprecated. Pass the `connection` explicitly instead.
  warnings.warn(
/home/wahyu260697/document/Erpnext/silverplast/frappe-bench/env/lib/python3.11/site-packages/rq/connections.py:58: DeprecationWarning: The `push_connection` function is deprecated. Pass the `connection` explicitly instead.
  warnings.warn(
/home/wahyu260697/document/Erpnext/silverplast/frappe-bench/env/lib/python3.11/site-packages/passlib/utils/__init__.py:854: DeprecationWarning: 'crypt' is deprecated and slated for removal in Python 3.13
  from crypt import crypt as _crypt
/home/wahyu260697/document/Erpnext/silverplast/frappe-bench/env/lib/python3.11/site-packages/rq/connections.py:72: DeprecationWarning: The `pop_connection` function is deprecated. Pass the `connection` explicitly instead.
  warnings.warn(
/home/wahyu260697/document/Erpnext/silverplast/frappe-bench/env/lib/python3.11/site-packages/rq/connections.py:58: DeprecationWarning: The `push_connection` function is deprecated. Pass the `connection` explicitly instead.
  warnings.warn(
/home/wahyu260697/document/Erpnext/silverplast/frappe-bench/env/lib/python3.11/site-packages/passlib/utils/__init__.py:854: DeprecationWarning: 'crypt' is deprecated and slated for removal in Python 3.13
  from crypt import crypt as _crypt
/home/wahyu260697/document/Erpnext/silverplast/frappe-bench/env/lib/python3.11/site-packages/rq/connections.py:72: DeprecationWarning: The `pop_connection` function is deprecated. Pass the `connection` explicitly instead.
  warnings.warn(
/home/wahyu260697/document/Erpnext/silverplast/frappe-bench/env/lib/python3.11/site-packages/rq/connections.py:58: DeprecationWarning: The `push_connection` function is deprecated. Pass the `connection` explicitly instead.
  warnings.warn(
/home/wahyu260697/document/Erpnext/silverplast/frappe-bench/env/lib/python3.11/site-packages/passlib/utils/__init__.py:854: DeprecationWarning: 'crypt' is deprecated and slated for removal in Python 3.13
  from crypt import crypt as _crypt
/home/wahyu260697/document/Erpnext/silverplast/frappe-bench/env/lib/python3.11/site-packages/rq/connections.py:72: DeprecationWarning: The `pop_connection` function is deprecated. Pass the `connection` explicitly instead.
  warnings.warn(
/home/wahyu260697/document/Erpnext/silverplast/frappe-bench/env/lib/python3.11/site-packages/rq/connections.py:58: DeprecationWarning: The `push_connection` function is deprecated. Pass the `connection` explicitly instead.
  warnings.warn(
/home/wahyu260697/document/Erpnext/silverplast/frappe-bench/env/lib/python3.11/site-packages/passlib/utils/__init__.py:854: DeprecationWarning: 'crypt' is deprecated and slated for removal in Python 3.13
  from crypt import crypt as _crypt
/home/wahyu260697/document/Erpnext/silverplast/frappe-bench/env/lib/python3.11/site-packages/rq/connections.py:72: DeprecationWarning: The `pop_connection` function is deprecated. Pass the `connection` explicitly instead.
  warnings.warn(
/home/wahyu260697/document/Erpnext/silverplast/frappe-bench/env/lib/python3.11/site-packages/rq/connections.py:58: DeprecationWarning: The `push_connection` function is deprecated. Pass the `connection` explicitly instead.
  warnings.warn(
/home/wahyu260697/document/Erpnext/silverplast/frappe-bench/env/lib/python3.11/site-packages/passlib/utils/__init__.py:854: DeprecationWarning: 'crypt' is deprecated and slated for removal in Python 3.13
  from crypt import crypt as _crypt
/home/wahyu260697/document/Erpnext/silverplast/frappe-bench/env/lib/python3.11/site-packages/rq/connections.py:72: DeprecationWarning: The `pop_connection` function is deprecated. Pass the `connection` explicitly instead.
  warnings.warn(
/home/wahyu260697/document/Erpnext/silverplast/frappe-bench/env/lib/python3.11/site-packages/rq/connections.py:58: DeprecationWarning: The `push_connection` function is deprecated. Pass the `connection` explicitly instead.
  warnings.warn(
/home/wahyu260697/document/Erpnext/silverplast/frappe-bench/env/lib/python3.11/site-packages/passlib/utils/__init__.py:854: DeprecationWarning: 'crypt' is deprecated and slated for removal in Python 3.13
  from crypt import crypt as _crypt
/home/wahyu260697/document/Erpnext/silverplast/frappe-bench/env/lib/python3.11/site-packages/rq/connections.py:72: DeprecationWarning: The `pop_connection` function is deprecated. Pass the `connection` explicitly instead.
  warnings.warn(
/home/wahyu260697/document/Erpnext/silverplast/frappe-bench/env/lib/python3.11/site-packages/rq/connections.py:58: DeprecationWarning: The `push_connection` function is deprecated. Pass the `connection` explicitly instead.
  warnings.warn(
/home/wahyu260697/document/Erpnext/silverplast/frappe-bench/env/lib/python3.11/site-packages/passlib/utils/__init__.py:854: DeprecationWarning: 'crypt' is deprecated and slated for removal in Python 3.13
  from crypt import crypt as _crypt
/home/wahyu260697/document/Erpnext/silverplast/frappe-bench/env/lib/python3.11/site-packages/rq/connections.py:72: DeprecationWarning: The `pop_connection` function is deprecated. Pass the `connection` explicitly instead.
  warnings.warn(
/home/wahyu260697/document/Erpnext/silverplast/frappe-bench/env/lib/python3.11/site-packages/rq/connections.py:58: DeprecationWarning: The `push_connection` function is deprecated. Pass the `connection` explicitly instead.
  warnings.warn(
/home/wahyu260697/document/Erpnext/silverplast/frappe-bench/env/lib/python3.11/site-packages/passlib/utils/__init__.py:854: DeprecationWarning: 'crypt' is deprecated and slated for removal in Python 3.13
  from crypt import crypt as _crypt
/home/wahyu260697/document/Erpnext/silverplast/frappe-bench/env/lib/python3.11/site-packages/rq/connections.py:72: DeprecationWarning: The `pop_connection` function is deprecated. Pass the `connection` explicitly instead.
  warnings.warn(
/home/wahyu260697/document/Erpnext/silverplast/frappe-bench/env/lib/python3.11/site-packages/rq/connections.py:58: DeprecationWarning: The `push_connection` function is deprecated. Pass the `connection` explicitly instead.
  warnings.warn(
/home/wahyu260697/document/Erpnext/silverplast/frappe-bench/env/lib/python3.11/site-packages/passlib/utils/__init__.py:854: DeprecationWarning: 'crypt' is deprecated and slated for removal in Python 3.13
  from crypt import crypt as _crypt
/home/wahyu260697/document/Erpnext/silverplast/frappe-bench/env/lib/python3.11/site-packages/rq/connections.py:72: DeprecationWarning: The `pop_connection` function is deprecated. Pass the `connection` explicitly instead.
  warnings.warn(
/home/wahyu260697/document/Erpnext/silverplast/frappe-bench/env/lib/python3.11/site-packages/rq/connections.py:58: DeprecationWarning: The `push_connection` function is deprecated. Pass the `connection` explicitly instead.
  warnings.warn(
/home/wahyu260697/document/Erpnext/silverplast/frappe-bench/env/lib/python3.11/site-packages/passlib/utils/__init__.py:854: DeprecationWarning: 'crypt' is deprecated and slated for removal in Python 3.13
  from crypt import crypt as _crypt
/home/wahyu260697/document/Erpnext/silverplast/frappe-bench/env/lib/python3.11/site-packages/rq/connections.py:72: DeprecationWarning: The `pop_connection` function is deprecated. Pass the `connection` explicitly instead.
  warnings.warn(
/home/wahyu260697/document/Erpnext/silverplast/frappe-bench/env/lib/python3.11/site-packages/rq/connections.py:58: DeprecationWarning: The `push_connection` function is deprecated. Pass the `connection` explicitly instead.
  warnings.warn(
/home/wahyu260697/document/Erpnext/silverplast/frappe-bench/env/lib/python3.11/site-packages/passlib/utils/__init__.py:854: DeprecationWarning: 'crypt' is deprecated and slated for removal in Python 3.13
  from crypt import crypt as _crypt
/home/wahyu260697/document/Erpnext/silverplast/frappe-bench/env/lib/python3.11/site-packages/rq/connections.py:72: DeprecationWarning: The `pop_connection` function is deprecated. Pass the `connection` explicitly instead.
  warnings.warn(
/home/wahyu260697/document/Erpnext/silverplast/frappe-bench/env/lib/python3.11/site-packages/rq/connections.py:58: DeprecationWarning: The `push_connection` function is deprecated. Pass the `connection` explicitly instead.
  warnings.warn(
/home/wahyu260697/document/Erpnext/silverplast/frappe-bench/env/lib/python3.11/site-packages/passlib/utils/__init__.py:854: DeprecationWarning: 'crypt' is deprecated and slated for removal in Python 3.13
  from crypt import crypt as _crypt
/home/wahyu260697/document/Erpnext/silverplast/frappe-bench/env/lib/python3.11/site-packages/rq/connections.py:72: DeprecationWarning: The `pop_connection` function is deprecated. Pass the `connection` explicitly instead.
  warnings.warn(
/home/wahyu260697/document/Erpnext/silverplast/frappe-bench/env/lib/python3.11/site-packages/rq/connections.py:58: DeprecationWarning: The `push_connection` function is deprecated. Pass the `connection` explicitly instead.
  warnings.warn(
/home/wahyu260697/document/Erpnext/silverplast/frappe-bench/env/lib/python3.11/site-packages/passlib/utils/__init__.py:854: DeprecationWarning: 'crypt' is deprecated and slated for removal in Python 3.13
  from crypt import crypt as _crypt
/home/wahyu260697/document/Erpnext/silverplast/frappe-bench/env/lib/python3.11/site-packages/rq/connections.py:72: DeprecationWarning: The `pop_connection` function is deprecated. Pass the `connection` explicitly instead.
  warnings.warn(
/home/wahyu260697/document/Erpnext/silverplast/frappe-bench/env/lib/python3.11/site-packages/rq/connections.py:58: DeprecationWarning: The `push_connection` function is deprecated. Pass the `connection` explicitly instead.
  warnings.warn(
/home/wahyu260697/document/Erpnext/silverplast/frappe-bench/env/lib/python3.11/site-packages/passlib/utils/__init__.py:854: DeprecationWarning: 'crypt' is deprecated and slated for removal in Python 3.13
  from crypt import crypt as _crypt
/home/wahyu260697/document/Erpnext/silverplast/frappe-bench/env/lib/python3.11/site-packages/rq/connections.py:72: DeprecationWarning: The `pop_connection` function is deprecated. Pass the `connection` explicitly instead.
  warnings.warn(
/home/wahyu260697/document/Erpnext/silverplast/frappe-bench/env/lib/python3.11/site-packages/rq/connections.py:58: DeprecationWarning: The `push_connection` function is deprecated. Pass the `connection` explicitly instead.
  warnings.warn(
/home/wahyu260697/document/Erpnext/silverplast/frappe-bench/env/lib/python3.11/site-packages/passlib/utils/__init__.py:854: DeprecationWarning: 'crypt' is deprecated and slated for removal in Python 3.13
  from crypt import crypt as _crypt
/home/wahyu260697/document/Erpnext/silverplast/frappe-bench/env/lib/python3.11/site-packages/rq/connections.py:72: DeprecationWarning: The `pop_connection` function is deprecated. Pass the `connection` explicitly instead.
  warnings.warn(
/home/wahyu260697/document/Erpnext/silverplast/frappe-bench/env/lib/python3.11/site-packages/rq/connections.py:58: DeprecationWarning: The `push_connection` function is deprecated. Pass the `connection` explicitly instead.
  warnings.warn(
/home/wahyu260697/document/Erpnext/silverplast/frappe-bench/env/lib/python3.11/site-packages/passlib/utils/__init__.py:854: DeprecationWarning: 'crypt' is deprecated and slated for removal in Python 3.13
  from crypt import crypt as _crypt
/home/wahyu260697/document/Erpnext/silverplast/frappe-bench/env/lib/python3.11/site-packages/rq/connections.py:72: DeprecationWarning: The `pop_connection` function is deprecated. Pass the `connection` explicitly instead.
  warnings.warn(
/home/wahyu260697/document/Erpnext/silverplast/frappe-bench/env/lib/python3.11/site-packages/rq/connections.py:58: DeprecationWarning: The `push_connection` function is deprecated. Pass the `connection` explicitly instead.
  warnings.warn(
/home/wahyu260697/document/Erpnext/silverplast/frappe-bench/env/lib/python3.11/site-packages/passlib/utils/__init__.py:854: DeprecationWarning: 'crypt' is deprecated and slated for removal in Python 3.13
  from crypt import crypt as _crypt
/home/wahyu260697/document/Erpnext/silverplast/frappe-bench/env/lib/python3.11/site-packages/rq/connections.py:72: DeprecationWarning: The `pop_connection` function is deprecated. Pass the `connection` explicitly instead.
  warnings.warn(
/home/wahyu260697/document/Erpnext/silverplast/frappe-bench/env/lib/python3.11/site-packages/rq/connections.py:58: DeprecationWarning: The `push_connection` function is deprecated. Pass the `connection` explicitly instead.
  warnings.warn(
/home/wahyu260697/document/Erpnext/silverplast/frappe-bench/env/lib/python3.11/site-packages/passlib/utils/__init__.py:854: DeprecationWarning: 'crypt' is deprecated and slated for removal in Python 3.13
  from crypt import crypt as _crypt
/home/wahyu260697/document/Erpnext/silverplast/frappe-bench/env/lib/python3.11/site-packages/rq/connections.py:72: DeprecationWarning: The `pop_connection` function is deprecated. Pass the `connection` explicitly instead.
  warnings.warn(
/home/wahyu260697/document/Erpnext/silverplast/frappe-bench/env/lib/python3.11/site-packages/rq/connections.py:58: DeprecationWarning: The `push_connection` function is deprecated. Pass the `connection` explicitly instead.
  warnings.warn(
/home/wahyu260697/document/Erpnext/silverplast/frappe-bench/env/lib/python3.11/site-packages/passlib/utils/__init__.py:854: DeprecationWarning: 'crypt' is deprecated and slated for removal in Python 3.13
  from crypt import crypt as _crypt
/home/wahyu260697/document/Erpnext/silverplast/frappe-bench/env/lib/python3.11/site-packages/rq/connections.py:72: DeprecationWarning: The `pop_connection` function is deprecated. Pass the `connection` explicitly instead.
  warnings.warn(
/home/wahyu260697/document/Erpnext/silverplast/frappe-bench/env/lib/python3.11/site-packages/rq/connections.py:58: DeprecationWarning: The `push_connection` function is deprecated. Pass the `connection` explicitly instead.
  warnings.warn(
/home/wahyu260697/document/Erpnext/silverplast/frappe-bench/env/lib/python3.11/site-packages/passlib/utils/__init__.py:854: DeprecationWarning: 'crypt' is deprecated and slated for removal in Python 3.13
  from crypt import crypt as _crypt
/home/wahyu260697/document/Erpnext/silverplast/frappe-bench/env/lib/python3.11/site-packages/rq/connections.py:72: DeprecationWarning: The `pop_connection` function is deprecated. Pass the `connection` explicitly instead.
  warnings.warn(
/home/wahyu260697/document/Erpnext/silverplast/frappe-bench/env/lib/python3.11/site-packages/rq/connections.py:58: DeprecationWarning: The `push_connection` function is deprecated. Pass the `connection` explicitly instead.
  warnings.warn(
/home/wahyu260697/document/Erpnext/silverplast/frappe-bench/env/lib/python3.11/site-packages/passlib/utils/__init__.py:854: DeprecationWarning: 'crypt' is deprecated and slated for removal in Python 3.13
  from crypt import crypt as _crypt
/home/wahyu260697/document/Erpnext/silverplast/frappe-bench/env/lib/python3.11/site-packages/rq/connections.py:72: DeprecationWarning: The `pop_connection` function is deprecated. Pass the `connection` explicitly instead.
  warnings.warn(
/home/wahyu260697/document/Erpnext/silverplast/frappe-bench/env/lib/python3.11/site-packages/rq/connections.py:58: DeprecationWarning: The `push_connection` function is deprecated. Pass the `connection` explicitly instead.
  warnings.warn(
/home/wahyu260697/document/Erpnext/silverplast/frappe-bench/env/lib/python3.11/site-packages/passlib/utils/__init__.py:854: DeprecationWarning: 'crypt' is deprecated and slated for removal in Python 3.13
  from crypt import crypt as _crypt
/home/wahyu260697/document/Erpnext/silverplast/frappe-bench/env/lib/python3.11/site-packages/rq/connections.py:72: DeprecationWarning: The `pop_connection` function is deprecated. Pass the `connection` explicitly instead.
  warnings.warn(
/home/wahyu260697/document/Erpnext/silverplast/frappe-bench/env/lib/python3.11/site-packages/rq/connections.py:58: DeprecationWarning: The `push_connection` function is deprecated. Pass the `connection` explicitly instead.
  warnings.warn(
/home/wahyu260697/document/Erpnext/silverplast/frappe-bench/env/lib/python3.11/site-packages/passlib/utils/__init__.py:854: DeprecationWarning: 'crypt' is deprecated and slated for removal in Python 3.13
  from crypt import crypt as _crypt
/home/wahyu260697/document/Erpnext/silverplast/frappe-bench/env/lib/python3.11/site-packages/rq/connections.py:72: DeprecationWarning: The `pop_connection` function is deprecated. Pass the `connection` explicitly instead.
  warnings.warn(
/home/wahyu260697/document/Erpnext/silverplast/frappe-bench/env/lib/python3.11/site-packages/rq/connections.py:58: DeprecationWarning: The `push_connection` function is deprecated. Pass the `connection` explicitly instead.
  warnings.warn(
/home/wahyu260697/document/Erpnext/silverplast/frappe-bench/env/lib/python3.11/site-packages/passlib/utils/__init__.py:854: DeprecationWarning: 'crypt' is deprecated and slated for removal in Python 3.13
  from crypt import crypt as _crypt
/home/wahyu260697/document/Erpnext/silverplast/frappe-bench/env/lib/python3.11/site-packages/rq/connections.py:72: DeprecationWarning: The `pop_connection` function is deprecated. Pass the `connection` explicitly instead.
  warnings.warn(
/home/wahyu260697/document/Erpnext/silverplast/frappe-bench/env/lib/python3.11/site-packages/rq/connections.py:58: DeprecationWarning: The `push_connection` function is deprecated. Pass the `connection` explicitly instead.
  warnings.warn(
/home/wahyu260697/document/Erpnext/silverplast/frappe-bench/env/lib/python3.11/site-packages/passlib/utils/__init__.py:854: DeprecationWarning: 'crypt' is deprecated and slated for removal in Python 3.13
  from crypt import crypt as _crypt
/home/wahyu260697/document/Erpnext/silverplast/frappe-bench/env/lib/python3.11/site-packages/rq/connections.py:72: DeprecationWarning: The `pop_connection` function is deprecated. Pass the `connection` explicitly instead.
  warnings.warn(
/home/wahyu260697/document/Erpnext/silverplast/frappe-bench/env/lib/python3.11/site-packages/rq/connections.py:58: DeprecationWarning: The `push_connection` function is deprecated. Pass the `connection` explicitly instead.
  warnings.warn(
/home/wahyu260697/document/Erpnext/silverplast/frappe-bench/env/lib/python3.11/site-packages/passlib/utils/__init__.py:854: DeprecationWarning: 'crypt' is deprecated and slated for removal in Python 3.13
  from crypt import crypt as _crypt
/home/wahyu260697/document/Erpnext/silverplast/frappe-bench/env/lib/python3.11/site-packages/rq/connections.py:72: DeprecationWarning: The `pop_connection` function is deprecated. Pass the `connection` explicitly instead.
  warnings.warn(
/home/wahyu260697/document/Erpnext/silverplast/frappe-bench/env/lib/python3.11/site-packages/rq/connections.py:58: DeprecationWarning: The `push_connection` function is deprecated. Pass the `connection` explicitly instead.
  warnings.warn(
/home/wahyu260697/document/Erpnext/silverplast/frappe-bench/env/lib/python3.11/site-packages/passlib/utils/__init__.py:854: DeprecationWarning: 'crypt' is deprecated and slated for removal in Python 3.13
  from crypt import crypt as _crypt
/home/wahyu260697/document/Erpnext/silverplast/frappe-bench/env/lib/python3.11/site-packages/rq/connections.py:72: DeprecationWarning: The `pop_connection` function is deprecated. Pass the `connection` explicitly instead.
  warnings.warn(
/home/wahyu260697/document/Erpnext/silverplast/frappe-bench/env/lib/python3.11/site-packages/rq/connections.py:58: DeprecationWarning: The `push_connection` function is deprecated. Pass the `connection` explicitly instead.
  warnings.warn(
/home/wahyu260697/document/Erpnext/silverplast/frappe-bench/env/lib/python3.11/site-packages/passlib/utils/__init__.py:854: DeprecationWarning: 'crypt' is deprecated and slated for removal in Python 3.13
  from crypt import crypt as _crypt
/home/wahyu260697/document/Erpnext/silverplast/frappe-bench/env/lib/python3.11/site-packages/rq/connections.py:72: DeprecationWarning: The `pop_connection` function is deprecated. Pass the `connection` explicitly instead.
  warnings.warn(
/home/wahyu260697/document/Erpnext/silverplast/frappe-bench/env/lib/python3.11/site-packages/rq/connections.py:58: DeprecationWarning: The `push_connection` function is deprecated. Pass the `connection` explicitly instead.
  warnings.warn(
/home/wahyu260697/document/Erpnext/silverplast/frappe-bench/env/lib/python3.11/site-packages/passlib/utils/__init__.py:854: DeprecationWarning: 'crypt' is deprecated and slated for removal in Python 3.13
  from crypt import crypt as _crypt
/home/wahyu260697/document/Erpnext/silverplast/frappe-bench/env/lib/python3.11/site-packages/rq/connections.py:72: DeprecationWarning: The `pop_connection` function is deprecated. Pass the `connection` explicitly instead.
  warnings.warn(
/home/wahyu260697/document/Erpnext/silverplast/frappe-bench/env/lib/python3.11/site-packages/rq/connections.py:58: DeprecationWarning: The `push_connection` function is deprecated. Pass the `connection` explicitly instead.
  warnings.warn(
/home/wahyu260697/document/Erpnext/silverplast/frappe-bench/env/lib/python3.11/site-packages/passlib/utils/__init__.py:854: DeprecationWarning: 'crypt' is deprecated and slated for removal in Python 3.13
  from crypt import crypt as _crypt
/home/wahyu260697/document/Erpnext/silverplast/frappe-bench/env/lib/python3.11/site-packages/rq/connections.py:72: DeprecationWarning: The `pop_connection` function is deprecated. Pass the `connection` explicitly instead.
  warnings.warn(
/home/wahyu260697/document/Erpnext/silverplast/frappe-bench/env/lib/python3.11/site-packages/rq/connections.py:58: DeprecationWarning: The `push_connection` function is deprecated. Pass the `connection` explicitly instead.
  warnings.warn(
/home/wahyu260697/document/Erpnext/silverplast/frappe-bench/env/lib/python3.11/site-packages/passlib/utils/__init__.py:854: DeprecationWarning: 'crypt' is deprecated and slated for removal in Python 3.13
  from crypt import crypt as _crypt
/home/wahyu260697/document/Erpnext/silverplast/frappe-bench/env/lib/python3.11/site-packages/rq/connections.py:72: DeprecationWarning: The `pop_connection` function is deprecated. Pass the `connection` explicitly instead.
  warnings.warn(
/home/wahyu260697/document/Erpnext/silverplast/frappe-bench/env/lib/python3.11/site-packages/rq/connections.py:58: DeprecationWarning: The `push_connection` function is deprecated. Pass the `connection` explicitly instead.
  warnings.warn(
/home/wahyu260697/document/Erpnext/silverplast/frappe-bench/env/lib/python3.11/site-packages/passlib/utils/__init__.py:854: DeprecationWarning: 'crypt' is deprecated and slated for removal in Python 3.13
  from crypt import crypt as _crypt
/home/wahyu260697/document/Erpnext/silverplast/frappe-bench/env/lib/python3.11/site-packages/rq/connections.py:72: DeprecationWarning: The `pop_connection` function is deprecated. Pass the `connection` explicitly instead.
  warnings.warn(
/home/wahyu260697/document/Erpnext/silverplast/frappe-bench/env/lib/python3.11/site-packages/rq/connections.py:58: DeprecationWarning: The `push_connection` function is deprecated. Pass the `connection` explicitly instead.
  warnings.warn(
/home/wahyu260697/document/Erpnext/silverplast/frappe-bench/env/lib/python3.11/site-packages/passlib/utils/__init__.py:854: DeprecationWarning: 'crypt' is deprecated and slated for removal in Python 3.13
  from crypt import crypt as _crypt
/home/wahyu260697/document/Erpnext/silverplast/frappe-bench/env/lib/python3.11/site-packages/rq/connections.py:72: DeprecationWarning: The `pop_connection` function is deprecated. Pass the `connection` explicitly instead.
  warnings.warn(
/home/wahyu260697/document/Erpnext/silverplast/frappe-bench/env/lib/python3.11/site-packages/rq/connections.py:58: DeprecationWarning: The `push_connection` function is deprecated. Pass the `connection` explicitly instead.
  warnings.warn(
/home/wahyu260697/document/Erpnext/silverplast/frappe-bench/env/lib/python3.11/site-packages/passlib/utils/__init__.py:854: DeprecationWarning: 'crypt' is deprecated and slated for removal in Python 3.13
  from crypt import crypt as _crypt
/home/wahyu260697/document/Erpnext/silverplast/frappe-bench/env/lib/python3.11/site-packages/rq/connections.py:72: DeprecationWarning: The `pop_connection` function is deprecated. Pass the `connection` explicitly instead.
  warnings.warn(
/home/wahyu260697/document/Erpnext/silverplast/frappe-bench/env/lib/python3.11/site-packages/rq/connections.py:58: DeprecationWarning: The `push_connection` function is deprecated. Pass the `connection` explicitly instead.
  warnings.warn(
/home/wahyu260697/document/Erpnext/silverplast/frappe-bench/env/lib/python3.11/site-packages/passlib/utils/__init__.py:854: DeprecationWarning: 'crypt' is deprecated and slated for removal in Python 3.13
  from crypt import crypt as _crypt
/home/wahyu260697/document/Erpnext/silverplast/frappe-bench/env/lib/python3.11/site-packages/rq/connections.py:72: DeprecationWarning: The `pop_connection` function is deprecated. Pass the `connection` explicitly instead.
  warnings.warn(
/home/wahyu260697/document/Erpnext/silverplast/frappe-bench/env/lib/python3.11/site-packages/rq/connections.py:58: DeprecationWarning: The `push_connection` function is deprecated. Pass the `connection` explicitly instead.
  warnings.warn(
/home/wahyu260697/document/Erpnext/silverplast/frappe-bench/env/lib/python3.11/site-packages/passlib/utils/__init__.py:854: DeprecationWarning: 'crypt' is deprecated and slated for removal in Python 3.13
  from crypt import crypt as _crypt
/home/wahyu260697/document/Erpnext/silverplast/frappe-bench/env/lib/python3.11/site-packages/rq/connections.py:72: DeprecationWarning: The `pop_connection` function is deprecated. Pass the `connection` explicitly instead.
  warnings.warn(
/home/wahyu260697/document/Erpnext/silverplast/frappe-bench/env/lib/python3.11/site-packages/rq/connections.py:58: DeprecationWarning: The `push_connection` function is deprecated. Pass the `connection` explicitly instead.
  warnings.warn(
/home/wahyu260697/document/Erpnext/silverplast/frappe-bench/env/lib/python3.11/site-packages/passlib/utils/__init__.py:854: DeprecationWarning: 'crypt' is deprecated and slated for removal in Python 3.13
  from crypt import crypt as _crypt
/home/wahyu260697/document/Erpnext/silverplast/frappe-bench/env/lib/python3.11/site-packages/rq/connections.py:72: DeprecationWarning: The `pop_connection` function is deprecated. Pass the `connection` explicitly instead.
  warnings.warn(
/home/wahyu260697/document/Erpnext/silverplast/frappe-bench/env/lib/python3.11/site-packages/rq/connections.py:58: DeprecationWarning: The `push_connection` function is deprecated. Pass the `connection` explicitly instead.
  warnings.warn(
/home/wahyu260697/document/Erpnext/silverplast/frappe-bench/env/lib/python3.11/site-packages/passlib/utils/__init__.py:854: DeprecationWarning: 'crypt' is deprecated and slated for removal in Python 3.13
  from crypt import crypt as _crypt
/home/wahyu260697/document/Erpnext/silverplast/frappe-bench/env/lib/python3.11/site-packages/rq/connections.py:72: DeprecationWarning: The `pop_connection` function is deprecated. Pass the `connection` explicitly instead.
  warnings.warn(
/home/wahyu260697/document/Erpnext/silverplast/frappe-bench/env/lib/python3.11/site-packages/rq/connections.py:58: DeprecationWarning: The `push_connection` function is deprecated. Pass the `connection` explicitly instead.
  warnings.warn(
/home/wahyu260697/document/Erpnext/silverplast/frappe-bench/env/lib/python3.11/site-packages/passlib/utils/__init__.py:854: DeprecationWarning: 'crypt' is deprecated and slated for removal in Python 3.13
  from crypt import crypt as _crypt
/home/wahyu260697/document/Erpnext/silverplast/frappe-bench/env/lib/python3.11/site-packages/rq/connections.py:72: DeprecationWarning: The `pop_connection` function is deprecated. Pass the `connection` explicitly instead.
  warnings.warn(
/home/wahyu260697/document/Erpnext/silverplast/frappe-bench/env/lib/python3.11/site-packages/rq/connections.py:58: DeprecationWarning: The `push_connection` function is deprecated. Pass the `connection` explicitly instead.
  warnings.warn(
/home/wahyu260697/document/Erpnext/silverplast/frappe-bench/env/lib/python3.11/site-packages/passlib/utils/__init__.py:854: DeprecationWarning: 'crypt' is deprecated and slated for removal in Python 3.13
  from crypt import crypt as _crypt
/home/wahyu260697/document/Erpnext/silverplast/frappe-bench/env/lib/python3.11/site-packages/rq/connections.py:72: DeprecationWarning: The `pop_connection` function is deprecated. Pass the `connection` explicitly instead.
  warnings.warn(
/home/wahyu260697/document/Erpnext/silverplast/frappe-bench/env/lib/python3.11/site-packages/rq/connections.py:58: DeprecationWarning: The `push_connection` function is deprecated. Pass the `connection` explicitly instead.
  warnings.warn(
/home/wahyu260697/document/Erpnext/silverplast/frappe-bench/env/lib/python3.11/site-packages/passlib/utils/__init__.py:854: DeprecationWarning: 'crypt' is deprecated and slated for removal in Python 3.13
  from crypt import crypt as _crypt
/home/wahyu260697/document/Erpnext/silverplast/frappe-bench/env/lib/python3.11/site-packages/rq/connections.py:72: DeprecationWarning: The `pop_connection` function is deprecated. Pass the `connection` explicitly instead.
  warnings.warn(
/home/wahyu260697/document/Erpnext/silverplast/frappe-bench/env/lib/python3.11/site-packages/rq/connections.py:58: DeprecationWarning: The `push_connection` function is deprecated. Pass the `connection` explicitly instead.
  warnings.warn(
/home/wahyu260697/document/Erpnext/silverplast/frappe-bench/env/lib/python3.11/site-packages/passlib/utils/__init__.py:854: DeprecationWarning: 'crypt' is deprecated and slated for removal in Python 3.13
  from crypt import crypt as _crypt
/home/wahyu260697/document/Erpnext/silverplast/frappe-bench/env/lib/python3.11/site-packages/rq/connections.py:72: DeprecationWarning: The `pop_connection` function is deprecated. Pass the `connection` explicitly instead.
  warnings.warn(
/home/wahyu260697/document/Erpnext/silverplast/frappe-bench/env/lib/python3.11/site-packages/rq/connections.py:58: DeprecationWarning: The `push_connection` function is deprecated. Pass the `connection` explicitly instead.
  warnings.warn(
/home/wahyu260697/document/Erpnext/silverplast/frappe-bench/env/lib/python3.11/site-packages/passlib/utils/__init__.py:854: DeprecationWarning: 'crypt' is deprecated and slated for removal in Python 3.13
  from crypt import crypt as _crypt
/home/wahyu260697/document/Erpnext/silverplast/frappe-bench/env/lib/python3.11/site-packages/rq/connections.py:72: DeprecationWarning: The `pop_connection` function is deprecated. Pass the `connection` explicitly instead.
  warnings.warn(
/home/wahyu260697/document/Erpnext/silverplast/frappe-bench/env/lib/python3.11/site-packages/rq/connections.py:58: DeprecationWarning: The `push_connection` function is deprecated. Pass the `connection` explicitly instead.
  warnings.warn(
/home/wahyu260697/document/Erpnext/silverplast/frappe-bench/env/lib/python3.11/site-packages/passlib/utils/__init__.py:854: DeprecationWarning: 'crypt' is deprecated and slated for removal in Python 3.13
  from crypt import crypt as _crypt
/home/wahyu260697/document/Erpnext/silverplast/frappe-bench/env/lib/python3.11/site-packages/rq/connections.py:72: DeprecationWarning: The `pop_connection` function is deprecated. Pass the `connection` explicitly instead.
  warnings.warn(
/home/wahyu260697/document/Erpnext/silverplast/frappe-bench/env/lib/python3.11/site-packages/rq/connections.py:58: DeprecationWarning: The `push_connection` function is deprecated. Pass the `connection` explicitly instead.
  warnings.warn(
/home/wahyu260697/document/Erpnext/silverplast/frappe-bench/env/lib/python3.11/site-packages/passlib/utils/__init__.py:854: DeprecationWarning: 'crypt' is deprecated and slated for removal in Python 3.13
  from crypt import crypt as _crypt
/home/wahyu260697/document/Erpnext/silverplast/frappe-bench/env/lib/python3.11/site-packages/rq/connections.py:72: DeprecationWarning: The `pop_connection` function is deprecated. Pass the `connection` explicitly instead.
  warnings.warn(
/home/wahyu260697/document/Erpnext/silverplast/frappe-bench/env/lib/python3.11/site-packages/rq/connections.py:58: DeprecationWarning: The `push_connection` function is deprecated. Pass the `connection` explicitly instead.
  warnings.warn(
/home/wahyu260697/document/Erpnext/silverplast/frappe-bench/env/lib/python3.11/site-packages/passlib/utils/__init__.py:854: DeprecationWarning: 'crypt' is deprecated and slated for removal in Python 3.13
  from crypt import crypt as _crypt
/home/wahyu260697/document/Erpnext/silverplast/frappe-bench/env/lib/python3.11/site-packages/rq/connections.py:72: DeprecationWarning: The `pop_connection` function is deprecated. Pass the `connection` explicitly instead.
  warnings.warn(
/home/wahyu260697/document/Erpnext/silverplast/frappe-bench/env/lib/python3.11/site-packages/rq/connections.py:58: DeprecationWarning: The `push_connection` function is deprecated. Pass the `connection` explicitly instead.
  warnings.warn(
/home/wahyu260697/document/Erpnext/silverplast/frappe-bench/env/lib/python3.11/site-packages/passlib/utils/__init__.py:854: DeprecationWarning: 'crypt' is deprecated and slated for removal in Python 3.13
  from crypt import crypt as _crypt
/home/wahyu260697/document/Erpnext/silverplast/frappe-bench/env/lib/python3.11/site-packages/rq/connections.py:72: DeprecationWarning: The `pop_connection` function is deprecated. Pass the `connection` explicitly instead.
  warnings.warn(
/home/wahyu260697/document/Erpnext/silverplast/frappe-bench/env/lib/python3.11/site-packages/rq/connections.py:58: DeprecationWarning: The `push_connection` function is deprecated. Pass the `connection` explicitly instead.
  warnings.warn(
/home/wahyu260697/document/Erpnext/silverplast/frappe-bench/env/lib/python3.11/site-packages/passlib/utils/__init__.py:854: DeprecationWarning: 'crypt' is deprecated and slated for removal in Python 3.13
  from crypt import crypt as _crypt
/home/wahyu260697/document/Erpnext/silverplast/frappe-bench/env/lib/python3.11/site-packages/rq/connections.py:72: DeprecationWarning: The `pop_connection` function is deprecated. Pass the `connection` explicitly instead.
  warnings.warn(
/home/wahyu260697/document/Erpnext/silverplast/frappe-bench/env/lib/python3.11/site-packages/rq/connections.py:58: DeprecationWarning: The `push_connection` function is deprecated. Pass the `connection` explicitly instead.
  warnings.warn(
/home/wahyu260697/document/Erpnext/silverplast/frappe-bench/env/lib/python3.11/site-packages/passlib/utils/__init__.py:854: DeprecationWarning: 'crypt' is deprecated and slated for removal in Python 3.13
  from crypt import crypt as _crypt
/home/wahyu260697/document/Erpnext/silverplast/frappe-bench/env/lib/python3.11/site-packages/rq/connections.py:72: DeprecationWarning: The `pop_connection` function is deprecated. Pass the `connection` explicitly instead.
  warnings.warn(
/home/wahyu260697/document/Erpnext/silverplast/frappe-bench/env/lib/python3.11/site-packages/rq/connections.py:58: DeprecationWarning: The `push_connection` function is deprecated. Pass the `connection` explicitly instead.
  warnings.warn(
/home/wahyu260697/document/Erpnext/silverplast/frappe-bench/env/lib/python3.11/site-packages/passlib/utils/__init__.py:854: DeprecationWarning: 'crypt' is deprecated and slated for removal in Python 3.13
  from crypt import crypt as _crypt
/home/wahyu260697/document/Erpnext/silverplast/frappe-bench/env/lib/python3.11/site-packages/rq/connections.py:72: DeprecationWarning: The `pop_connection` function is deprecated. Pass the `connection` explicitly instead.
  warnings.warn(
/home/wahyu260697/document/Erpnext/silverplast/frappe-bench/env/lib/python3.11/site-packages/rq/connections.py:58: DeprecationWarning: The `push_connection` function is deprecated. Pass the `connection` explicitly instead.
  warnings.warn(
/home/wahyu260697/document/Erpnext/silverplast/frappe-bench/env/lib/python3.11/site-packages/passlib/utils/__init__.py:854: DeprecationWarning: 'crypt' is deprecated and slated for removal in Python 3.13
  from crypt import crypt as _crypt
/home/wahyu260697/document/Erpnext/silverplast/frappe-bench/env/lib/python3.11/site-packages/rq/connections.py:72: DeprecationWarning: The `pop_connection` function is deprecated. Pass the `connection` explicitly instead.
  warnings.warn(
/home/wahyu260697/document/Erpnext/silverplast/frappe-bench/env/lib/python3.11/site-packages/rq/connections.py:58: DeprecationWarning: The `push_connection` function is deprecated. Pass the `connection` explicitly instead.
  warnings.warn(
/home/wahyu260697/document/Erpnext/silverplast/frappe-bench/env/lib/python3.11/site-packages/passlib/utils/__init__.py:854: DeprecationWarning: 'crypt' is deprecated and slated for removal in Python 3.13
  from crypt import crypt as _crypt
/home/wahyu260697/document/Erpnext/silverplast/frappe-bench/env/lib/python3.11/site-packages/rq/connections.py:72: DeprecationWarning: The `pop_connection` function is deprecated. Pass the `connection` explicitly instead.
  warnings.warn(
/home/wahyu260697/document/Erpnext/silverplast/frappe-bench/env/lib/python3.11/site-packages/rq/connections.py:58: DeprecationWarning: The `push_connection` function is deprecated. Pass the `connection` explicitly instead.
  warnings.warn(
/home/wahyu260697/document/Erpnext/silverplast/frappe-bench/env/lib/python3.11/site-packages/passlib/utils/__init__.py:854: DeprecationWarning: 'crypt' is deprecated and slated for removal in Python 3.13
  from crypt import crypt as _crypt
/home/wahyu260697/document/Erpnext/silverplast/frappe-bench/env/lib/python3.11/site-packages/rq/connections.py:72: DeprecationWarning: The `pop_connection` function is deprecated. Pass the `connection` explicitly instead.
  warnings.warn(
/home/wahyu260697/document/Erpnext/silverplast/frappe-bench/env/lib/python3.11/site-packages/rq/connections.py:58: DeprecationWarning: The `push_connection` function is deprecated. Pass the `connection` explicitly instead.
  warnings.warn(
/home/wahyu260697/document/Erpnext/silverplast/frappe-bench/env/lib/python3.11/site-packages/passlib/utils/__init__.py:854: DeprecationWarning: 'crypt' is deprecated and slated for removal in Python 3.13
  from crypt import crypt as _crypt
/home/wahyu260697/document/Erpnext/silverplast/frappe-bench/env/lib/python3.11/site-packages/rq/connections.py:72: DeprecationWarning: The `pop_connection` function is deprecated. Pass the `connection` explicitly instead.
  warnings.warn(
/home/wahyu260697/document/Erpnext/silverplast/frappe-bench/env/lib/python3.11/site-packages/rq/connections.py:58: DeprecationWarning: The `push_connection` function is deprecated. Pass the `connection` explicitly instead.
  warnings.warn(
/home/wahyu260697/document/Erpnext/silverplast/frappe-bench/env/lib/python3.11/site-packages/passlib/utils/__init__.py:854: DeprecationWarning: 'crypt' is deprecated and slated for removal in Python 3.13
  from crypt import crypt as _crypt
/home/wahyu260697/document/Erpnext/silverplast/frappe-bench/env/lib/python3.11/site-packages/rq/connections.py:72: DeprecationWarning: The `pop_connection` function is deprecated. Pass the `connection` explicitly instead.
  warnings.warn(
/home/wahyu260697/document/Erpnext/silverplast/frappe-bench/env/lib/python3.11/site-packages/rq/connections.py:58: DeprecationWarning: The `push_connection` function is deprecated. Pass the `connection` explicitly instead.
  warnings.warn(
/home/wahyu260697/document/Erpnext/silverplast/frappe-bench/env/lib/python3.11/site-packages/passlib/utils/__init__.py:854: DeprecationWarning: 'crypt' is deprecated and slated for removal in Python 3.13
  from crypt import crypt as _crypt
/home/wahyu260697/document/Erpnext/silverplast/frappe-bench/env/lib/python3.11/site-packages/rq/connections.py:72: DeprecationWarning: The `pop_connection` function is deprecated. Pass the `connection` explicitly instead.
  warnings.warn(
/home/wahyu260697/document/Erpnext/silverplast/frappe-bench/env/lib/python3.11/site-packages/rq/connections.py:58: DeprecationWarning: The `push_connection` function is deprecated. Pass the `connection` explicitly instead.
  warnings.warn(
/home/wahyu260697/document/Erpnext/silverplast/frappe-bench/env/lib/python3.11/site-packages/passlib/utils/__init__.py:854: DeprecationWarning: 'crypt' is deprecated and slated for removal in Python 3.13
  from crypt import crypt as _crypt
/home/wahyu260697/document/Erpnext/silverplast/frappe-bench/env/lib/python3.11/site-packages/rq/connections.py:72: DeprecationWarning: The `pop_connection` function is deprecated. Pass the `connection` explicitly instead.
  warnings.warn(
/home/wahyu260697/document/Erpnext/silverplast/frappe-bench/env/lib/python3.11/site-packages/rq/connections.py:58: DeprecationWarning: The `push_connection` function is deprecated. Pass the `connection` explicitly instead.
  warnings.warn(
/home/wahyu260697/document/Erpnext/silverplast/frappe-bench/env/lib/python3.11/site-packages/passlib/utils/__init__.py:854: DeprecationWarning: 'crypt' is deprecated and slated for removal in Python 3.13
  from crypt import crypt as _crypt
/home/wahyu260697/document/Erpnext/silverplast/frappe-bench/env/lib/python3.11/site-packages/rq/connections.py:72: DeprecationWarning: The `pop_connection` function is deprecated. Pass the `connection` explicitly instead.
  warnings.warn(
/home/wahyu260697/document/Erpnext/silverplast/frappe-bench/env/lib/python3.11/site-packages/rq/connections.py:58: DeprecationWarning: The `push_connection` function is deprecated. Pass the `connection` explicitly instead.
  warnings.warn(
/home/wahyu260697/document/Erpnext/silverplast/frappe-bench/env/lib/python3.11/site-packages/passlib/utils/__init__.py:854: DeprecationWarning: 'crypt' is deprecated and slated for removal in Python 3.13
  from crypt import crypt as _crypt
/home/wahyu260697/document/Erpnext/silverplast/frappe-bench/env/lib/python3.11/site-packages/rq/connections.py:72: DeprecationWarning: The `pop_connection` function is deprecated. Pass the `connection` explicitly instead.
  warnings.warn(
/home/wahyu260697/document/Erpnext/silverplast/frappe-bench/env/lib/python3.11/site-packages/rq/connections.py:58: DeprecationWarning: The `push_connection` function is deprecated. Pass the `connection` explicitly instead.
  warnings.warn(
/home/wahyu260697/document/Erpnext/silverplast/frappe-bench/env/lib/python3.11/site-packages/passlib/utils/__init__.py:854: DeprecationWarning: 'crypt' is deprecated and slated for removal in Python 3.13
  from crypt import crypt as _crypt
/home/wahyu260697/document/Erpnext/silverplast/frappe-bench/env/lib/python3.11/site-packages/rq/connections.py:72: DeprecationWarning: The `pop_connection` function is deprecated. Pass the `connection` explicitly instead.
  warnings.warn(
/home/wahyu260697/document/Erpnext/silverplast/frappe-bench/env/lib/python3.11/site-packages/rq/connections.py:58: DeprecationWarning: The `push_connection` function is deprecated. Pass the `connection` explicitly instead.
  warnings.warn(
/home/wahyu260697/document/Erpnext/silverplast/frappe-bench/env/lib/python3.11/site-packages/passlib/utils/__init__.py:854: DeprecationWarning: 'crypt' is deprecated and slated for removal in Python 3.13
  from crypt import crypt as _crypt
/home/wahyu260697/document/Erpnext/silverplast/frappe-bench/env/lib/python3.11/site-packages/rq/connections.py:72: DeprecationWarning: The `pop_connection` function is deprecated. Pass the `connection` explicitly instead.
  warnings.warn(
/home/wahyu260697/document/Erpnext/silverplast/frappe-bench/env/lib/python3.11/site-packages/rq/connections.py:58: DeprecationWarning: The `push_connection` function is deprecated. Pass the `connection` explicitly instead.
  warnings.warn(
/home/wahyu260697/document/Erpnext/silverplast/frappe-bench/env/lib/python3.11/site-packages/passlib/utils/__init__.py:854: DeprecationWarning: 'crypt' is deprecated and slated for removal in Python 3.13
  from crypt import crypt as _crypt
/home/wahyu260697/document/Erpnext/silverplast/frappe-bench/env/lib/python3.11/site-packages/rq/connections.py:72: DeprecationWarning: The `pop_connection` function is deprecated. Pass the `connection` explicitly instead.
  warnings.warn(
/home/wahyu260697/document/Erpnext/silverplast/frappe-bench/env/lib/python3.11/site-packages/rq/connections.py:58: DeprecationWarning: The `push_connection` function is deprecated. Pass the `connection` explicitly instead.
  warnings.warn(
/home/wahyu260697/document/Erpnext/silverplast/frappe-bench/env/lib/python3.11/site-packages/passlib/utils/__init__.py:854: DeprecationWarning: 'crypt' is deprecated and slated for removal in Python 3.13
  from crypt import crypt as _crypt
/home/wahyu260697/document/Erpnext/silverplast/frappe-bench/env/lib/python3.11/site-packages/rq/connections.py:72: DeprecationWarning: The `pop_connection` function is deprecated. Pass the `connection` explicitly instead.
  warnings.warn(
/home/wahyu260697/document/Erpnext/silverplast/frappe-bench/env/lib/python3.11/site-packages/rq/connections.py:58: DeprecationWarning: The `push_connection` function is deprecated. Pass the `connection` explicitly instead.
  warnings.warn(
/home/wahyu260697/document/Erpnext/silverplast/frappe-bench/env/lib/python3.11/site-packages/passlib/utils/__init__.py:854: DeprecationWarning: 'crypt' is deprecated and slated for removal in Python 3.13
  from crypt import crypt as _crypt
/home/wahyu260697/document/Erpnext/silverplast/frappe-bench/env/lib/python3.11/site-packages/rq/connections.py:72: DeprecationWarning: The `pop_connection` function is deprecated. Pass the `connection` explicitly instead.
  warnings.warn(
/home/wahyu260697/document/Erpnext/silverplast/frappe-bench/env/lib/python3.11/site-packages/rq/connections.py:58: DeprecationWarning: The `push_connection` function is deprecated. Pass the `connection` explicitly instead.
  warnings.warn(
/home/wahyu260697/document/Erpnext/silverplast/frappe-bench/env/lib/python3.11/site-packages/passlib/utils/__init__.py:854: DeprecationWarning: 'crypt' is deprecated and slated for removal in Python 3.13
  from crypt import crypt as _crypt
/home/wahyu260697/document/Erpnext/silverplast/frappe-bench/env/lib/python3.11/site-packages/rq/connections.py:72: DeprecationWarning: The `pop_connection` function is deprecated. Pass the `connection` explicitly instead.
  warnings.warn(
/home/wahyu260697/document/Erpnext/silverplast/frappe-bench/env/lib/python3.11/site-packages/rq/connections.py:58: DeprecationWarning: The `push_connection` function is deprecated. Pass the `connection` explicitly instead.
  warnings.warn(
/home/wahyu260697/document/Erpnext/silverplast/frappe-bench/env/lib/python3.11/site-packages/rq/connections.py:72: DeprecationWarning: The `pop_connection` function is deprecated. Pass the `connection` explicitly instead.
  warnings.warn(
/home/wahyu260697/document/Erpnext/silverplast/frappe-bench/env/lib/python3.11/site-packages/rq/connections.py:58: DeprecationWarning: The `push_connection` function is deprecated. Pass the `connection` explicitly instead.
  warnings.warn(
/home/wahyu260697/document/Erpnext/silverplast/frappe-bench/env/lib/python3.11/site-packages/passlib/utils/__init__.py:854: DeprecationWarning: 'crypt' is deprecated and slated for removal in Python 3.13
  from crypt import crypt as _crypt
/home/wahyu260697/document/Erpnext/silverplast/frappe-bench/env/lib/python3.11/site-packages/rq/connections.py:72: DeprecationWarning: The `pop_connection` function is deprecated. Pass the `connection` explicitly instead.
  warnings.warn(
/home/wahyu260697/document/Erpnext/silverplast/frappe-bench/env/lib/python3.11/site-packages/rq/connections.py:58: DeprecationWarning: The `push_connection` function is deprecated. Pass the `connection` explicitly instead.
  warnings.warn(
/home/wahyu260697/document/Erpnext/silverplast/frappe-bench/env/lib/python3.11/site-packages/passlib/utils/__init__.py:854: DeprecationWarning: 'crypt' is deprecated and slated for removal in Python 3.13
  from crypt import crypt as _crypt
/home/wahyu260697/document/Erpnext/silverplast/frappe-bench/env/lib/python3.11/site-packages/rq/connections.py:72: DeprecationWarning: The `pop_connection` function is deprecated. Pass the `connection` explicitly instead.
  warnings.warn(
/home/wahyu260697/document/Erpnext/silverplast/frappe-bench/env/lib/python3.11/site-packages/rq/connections.py:58: DeprecationWarning: The `push_connection` function is deprecated. Pass the `connection` explicitly instead.
  warnings.warn(
/home/wahyu260697/document/Erpnext/silverplast/frappe-bench/env/lib/python3.11/site-packages/passlib/utils/__init__.py:854: DeprecationWarning: 'crypt' is deprecated and slated for removal in Python 3.13
  from crypt import crypt as _crypt
/home/wahyu260697/document/Erpnext/silverplast/frappe-bench/env/lib/python3.11/site-packages/rq/connections.py:72: DeprecationWarning: The `pop_connection` function is deprecated. Pass the `connection` explicitly instead.
  warnings.warn(
/home/wahyu260697/document/Erpnext/silverplast/frappe-bench/env/lib/python3.11/site-packages/rq/connections.py:58: DeprecationWarning: The `push_connection` function is deprecated. Pass the `connection` explicitly instead.
  warnings.warn(
/home/wahyu260697/document/Erpnext/silverplast/frappe-bench/env/lib/python3.11/site-packages/passlib/utils/__init__.py:854: DeprecationWarning: 'crypt' is deprecated and slated for removal in Python 3.13
  from crypt import crypt as _crypt
/home/wahyu260697/document/Erpnext/silverplast/frappe-bench/env/lib/python3.11/site-packages/rq/connections.py:72: DeprecationWarning: The `pop_connection` function is deprecated. Pass the `connection` explicitly instead.
  warnings.warn(
/home/wahyu260697/document/Erpnext/silverplast/frappe-bench/env/lib/python3.11/site-packages/rq/connections.py:58: DeprecationWarning: The `push_connection` function is deprecated. Pass the `connection` explicitly instead.
  warnings.warn(
/home/wahyu260697/document/Erpnext/silverplast/frappe-bench/env/lib/python3.11/site-packages/passlib/utils/__init__.py:854: DeprecationWarning: 'crypt' is deprecated and slated for removal in Python 3.13
  from crypt import crypt as _crypt
/home/wahyu260697/document/Erpnext/silverplast/frappe-bench/env/lib/python3.11/site-packages/rq/connections.py:72: DeprecationWarning: The `pop_connection` function is deprecated. Pass the `connection` explicitly instead.
  warnings.warn(
/home/wahyu260697/document/Erpnext/silverplast/frappe-bench/env/lib/python3.11/site-packages/rq/connections.py:58: DeprecationWarning: The `push_connection` function is deprecated. Pass the `connection` explicitly instead.
  warnings.warn(
/home/wahyu260697/document/Erpnext/silverplast/frappe-bench/env/lib/python3.11/site-packages/passlib/utils/__init__.py:854: DeprecationWarning: 'crypt' is deprecated and slated for removal in Python 3.13
  from crypt import crypt as _crypt
/home/wahyu260697/document/Erpnext/silverplast/frappe-bench/env/lib/python3.11/site-packages/rq/connections.py:72: DeprecationWarning: The `pop_connection` function is deprecated. Pass the `connection` explicitly instead.
  warnings.warn(
/home/wahyu260697/document/Erpnext/silverplast/frappe-bench/env/lib/python3.11/site-packages/rq/connections.py:58: DeprecationWarning: The `push_connection` function is deprecated. Pass the `connection` explicitly instead.
  warnings.warn(
/home/wahyu260697/document/Erpnext/silverplast/frappe-bench/env/lib/python3.11/site-packages/passlib/utils/__init__.py:854: DeprecationWarning: 'crypt' is deprecated and slated for removal in Python 3.13
  from crypt import crypt as _crypt
/home/wahyu260697/document/Erpnext/silverplast/frappe-bench/env/lib/python3.11/site-packages/rq/connections.py:72: DeprecationWarning: The `pop_connection` function is deprecated. Pass the `connection` explicitly instead.
  warnings.warn(
/home/wahyu260697/document/Erpnext/silverplast/frappe-bench/env/lib/python3.11/site-packages/rq/connections.py:58: DeprecationWarning: The `push_connection` function is deprecated. Pass the `connection` explicitly instead.
  warnings.warn(
/home/wahyu260697/document/Erpnext/silverplast/frappe-bench/env/lib/python3.11/site-packages/passlib/utils/__init__.py:854: DeprecationWarning: 'crypt' is deprecated and slated for removal in Python 3.13
  from crypt import crypt as _crypt
/home/wahyu260697/document/Erpnext/silverplast/frappe-bench/env/lib/python3.11/site-packages/rq/connections.py:72: DeprecationWarning: The `pop_connection` function is deprecated. Pass the `connection` explicitly instead.
  warnings.warn(
/home/wahyu260697/document/Erpnext/silverplast/frappe-bench/env/lib/python3.11/site-packages/rq/connections.py:58: DeprecationWarning: The `push_connection` function is deprecated. Pass the `connection` explicitly instead.
  warnings.warn(
/home/wahyu260697/document/Erpnext/silverplast/frappe-bench/env/lib/python3.11/site-packages/passlib/utils/__init__.py:854: DeprecationWarning: 'crypt' is deprecated and slated for removal in Python 3.13
  from crypt import crypt as _crypt
/home/wahyu260697/document/Erpnext/silverplast/frappe-bench/env/lib/python3.11/site-packages/rq/connections.py:72: DeprecationWarning: The `pop_connection` function is deprecated. Pass the `connection` explicitly instead.
  warnings.warn(
/home/wahyu260697/document/Erpnext/silverplast/frappe-bench/env/lib/python3.11/site-packages/rq/connections.py:58: DeprecationWarning: The `push_connection` function is deprecated. Pass the `connection` explicitly instead.
  warnings.warn(
/home/wahyu260697/document/Erpnext/silverplast/frappe-bench/env/lib/python3.11/site-packages/passlib/utils/__init__.py:854: DeprecationWarning: 'crypt' is deprecated and slated for removal in Python 3.13
  from crypt import crypt as _crypt
/home/wahyu260697/document/Erpnext/silverplast/frappe-bench/env/lib/python3.11/site-packages/rq/connections.py:72: DeprecationWarning: The `pop_connection` function is deprecated. Pass the `connection` explicitly instead.
  warnings.warn(
/home/wahyu260697/document/Erpnext/silverplast/frappe-bench/env/lib/python3.11/site-packages/rq/connections.py:58: DeprecationWarning: The `push_connection` function is deprecated. Pass the `connection` explicitly instead.
  warnings.warn(
/home/wahyu260697/document/Erpnext/silverplast/frappe-bench/env/lib/python3.11/site-packages/passlib/utils/__init__.py:854: DeprecationWarning: 'crypt' is deprecated and slated for removal in Python 3.13
  from crypt import crypt as _crypt
/home/wahyu260697/document/Erpnext/silverplast/frappe-bench/env/lib/python3.11/site-packages/rq/connections.py:72: DeprecationWarning: The `pop_connection` function is deprecated. Pass the `connection` explicitly instead.
  warnings.warn(
/home/wahyu260697/document/Erpnext/silverplast/frappe-bench/env/lib/python3.11/site-packages/rq/connections.py:58: DeprecationWarning: The `push_connection` function is deprecated. Pass the `connection` explicitly instead.
  warnings.warn(
/home/wahyu260697/document/Erpnext/silverplast/frappe-bench/env/lib/python3.11/site-packages/passlib/utils/__init__.py:854: DeprecationWarning: 'crypt' is deprecated and slated for removal in Python 3.13
  from crypt import crypt as _crypt
/home/wahyu260697/document/Erpnext/silverplast/frappe-bench/env/lib/python3.11/site-packages/rq/connections.py:72: DeprecationWarning: The `pop_connection` function is deprecated. Pass the `connection` explicitly instead.
  warnings.warn(
/home/wahyu260697/document/Erpnext/silverplast/frappe-bench/env/lib/python3.11/site-packages/rq/connections.py:58: DeprecationWarning: The `push_connection` function is deprecated. Pass the `connection` explicitly instead.
  warnings.warn(
/home/wahyu260697/document/Erpnext/silverplast/frappe-bench/env/lib/python3.11/site-packages/passlib/utils/__init__.py:854: DeprecationWarning: 'crypt' is deprecated and slated for removal in Python 3.13
  from crypt import crypt as _crypt
/home/wahyu260697/document/Erpnext/silverplast/frappe-bench/env/lib/python3.11/site-packages/rq/connections.py:72: DeprecationWarning: The `pop_connection` function is deprecated. Pass the `connection` explicitly instead.
  warnings.warn(
/home/wahyu260697/document/Erpnext/silverplast/frappe-bench/env/lib/python3.11/site-packages/rq/connections.py:58: DeprecationWarning: The `push_connection` function is deprecated. Pass the `connection` explicitly instead.
  warnings.warn(
/home/wahyu260697/document/Erpnext/silverplast/frappe-bench/env/lib/python3.11/site-packages/passlib/utils/__init__.py:854: DeprecationWarning: 'crypt' is deprecated and slated for removal in Python 3.13
  from crypt import crypt as _crypt
/home/wahyu260697/document/Erpnext/silverplast/frappe-bench/env/lib/python3.11/site-packages/rq/connections.py:72: DeprecationWarning: The `pop_connection` function is deprecated. Pass the `connection` explicitly instead.
  warnings.warn(
/home/wahyu260697/document/Erpnext/silverplast/frappe-bench/env/lib/python3.11/site-packages/rq/connections.py:58: DeprecationWarning: The `push_connection` function is deprecated. Pass the `connection` explicitly instead.
  warnings.warn(
/home/wahyu260697/document/Erpnext/silverplast/frappe-bench/env/lib/python3.11/site-packages/passlib/utils/__init__.py:854: DeprecationWarning: 'crypt' is deprecated and slated for removal in Python 3.13
  from crypt import crypt as _crypt
/home/wahyu260697/document/Erpnext/silverplast/frappe-bench/env/lib/python3.11/site-packages/rq/connections.py:72: DeprecationWarning: The `pop_connection` function is deprecated. Pass the `connection` explicitly instead.
  warnings.warn(
/home/wahyu260697/document/Erpnext/silverplast/frappe-bench/env/lib/python3.11/site-packages/rq/connections.py:58: DeprecationWarning: The `push_connection` function is deprecated. Pass the `connection` explicitly instead.
  warnings.warn(
/home/wahyu260697/document/Erpnext/silverplast/frappe-bench/env/lib/python3.11/site-packages/passlib/utils/__init__.py:854: DeprecationWarning: 'crypt' is deprecated and slated for removal in Python 3.13
  from crypt import crypt as _crypt
/home/wahyu260697/document/Erpnext/silverplast/frappe-bench/env/lib/python3.11/site-packages/rq/connections.py:72: DeprecationWarning: The `pop_connection` function is deprecated. Pass the `connection` explicitly instead.
  warnings.warn(
/home/wahyu260697/document/Erpnext/silverplast/frappe-bench/env/lib/python3.11/site-packages/rq/connections.py:58: DeprecationWarning: The `push_connection` function is deprecated. Pass the `connection` explicitly instead.
  warnings.warn(
/home/wahyu260697/document/Erpnext/silverplast/frappe-bench/env/lib/python3.11/site-packages/passlib/utils/__init__.py:854: DeprecationWarning: 'crypt' is deprecated and slated for removal in Python 3.13
  from crypt import crypt as _crypt
/home/wahyu260697/document/Erpnext/silverplast/frappe-bench/env/lib/python3.11/site-packages/rq/connections.py:72: DeprecationWarning: The `pop_connection` function is deprecated. Pass the `connection` explicitly instead.
  warnings.warn(
/home/wahyu260697/document/Erpnext/silverplast/frappe-bench/env/lib/python3.11/site-packages/rq/connections.py:58: DeprecationWarning: The `push_connection` function is deprecated. Pass the `connection` explicitly instead.
  warnings.warn(
/home/wahyu260697/document/Erpnext/silverplast/frappe-bench/env/lib/python3.11/site-packages/passlib/utils/__init__.py:854: DeprecationWarning: 'crypt' is deprecated and slated for removal in Python 3.13
  from crypt import crypt as _crypt
/home/wahyu260697/document/Erpnext/silverplast/frappe-bench/env/lib/python3.11/site-packages/rq/connections.py:72: DeprecationWarning: The `pop_connection` function is deprecated. Pass the `connection` explicitly instead.
  warnings.warn(
/home/wahyu260697/document/Erpnext/silverplast/frappe-bench/env/lib/python3.11/site-packages/rq/connections.py:58: DeprecationWarning: The `push_connection` function is deprecated. Pass the `connection` explicitly instead.
  warnings.warn(
/home/wahyu260697/document/Erpnext/silverplast/frappe-bench/env/lib/python3.11/site-packages/passlib/utils/__init__.py:854: DeprecationWarning: 'crypt' is deprecated and slated for removal in Python 3.13
  from crypt import crypt as _crypt
/home/wahyu260697/document/Erpnext/silverplast/frappe-bench/env/lib/python3.11/site-packages/rq/connections.py:72: DeprecationWarning: The `pop_connection` function is deprecated. Pass the `connection` explicitly instead.
  warnings.warn(
/home/wahyu260697/document/Erpnext/silverplast/frappe-bench/env/lib/python3.11/site-packages/rq/connections.py:58: DeprecationWarning: The `push_connection` function is deprecated. Pass the `connection` explicitly instead.
  warnings.warn(
/home/wahyu260697/document/Erpnext/silverplast/frappe-bench/env/lib/python3.11/site-packages/passlib/utils/__init__.py:854: DeprecationWarning: 'crypt' is deprecated and slated for removal in Python 3.13
  from crypt import crypt as _crypt
/home/wahyu260697/document/Erpnext/silverplast/frappe-bench/env/lib/python3.11/site-packages/rq/connections.py:72: DeprecationWarning: The `pop_connection` function is deprecated. Pass the `connection` explicitly instead.
  warnings.warn(
/home/wahyu260697/document/Erpnext/silverplast/frappe-bench/env/lib/python3.11/site-packages/rq/connections.py:58: DeprecationWarning: The `push_connection` function is deprecated. Pass the `connection` explicitly instead.
  warnings.warn(
/home/wahyu260697/document/Erpnext/silverplast/frappe-bench/env/lib/python3.11/site-packages/passlib/utils/__init__.py:854: DeprecationWarning: 'crypt' is deprecated and slated for removal in Python 3.13
  from crypt import crypt as _crypt
/home/wahyu260697/document/Erpnext/silverplast/frappe-bench/env/lib/python3.11/site-packages/rq/connections.py:72: DeprecationWarning: The `pop_connection` function is deprecated. Pass the `connection` explicitly instead.
  warnings.warn(
/home/wahyu260697/document/Erpnext/silverplast/frappe-bench/env/lib/python3.11/site-packages/rq/connections.py:58: DeprecationWarning: The `push_connection` function is deprecated. Pass the `connection` explicitly instead.
  warnings.warn(
/home/wahyu260697/document/Erpnext/silverplast/frappe-bench/env/lib/python3.11/site-packages/passlib/utils/__init__.py:854: DeprecationWarning: 'crypt' is deprecated and slated for removal in Python 3.13
  from crypt import crypt as _crypt
/home/wahyu260697/document/Erpnext/silverplast/frappe-bench/env/lib/python3.11/site-packages/rq/connections.py:72: DeprecationWarning: The `pop_connection` function is deprecated. Pass the `connection` explicitly instead.
  warnings.warn(
/home/wahyu260697/document/Erpnext/silverplast/frappe-bench/env/lib/python3.11/site-packages/rq/connections.py:58: DeprecationWarning: The `push_connection` function is deprecated. Pass the `connection` explicitly instead.
  warnings.warn(
/home/wahyu260697/document/Erpnext/silverplast/frappe-bench/env/lib/python3.11/site-packages/passlib/utils/__init__.py:854: DeprecationWarning: 'crypt' is deprecated and slated for removal in Python 3.13
  from crypt import crypt as _crypt
/home/wahyu260697/document/Erpnext/silverplast/frappe-bench/env/lib/python3.11/site-packages/rq/connections.py:72: DeprecationWarning: The `pop_connection` function is deprecated. Pass the `connection` explicitly instead.
  warnings.warn(
/home/wahyu260697/document/Erpnext/silverplast/frappe-bench/env/lib/python3.11/site-packages/rq/connections.py:58: DeprecationWarning: The `push_connection` function is deprecated. Pass the `connection` explicitly instead.
  warnings.warn(
/home/wahyu260697/document/Erpnext/silverplast/frappe-bench/env/lib/python3.11/site-packages/passlib/utils/__init__.py:854: DeprecationWarning: 'crypt' is deprecated and slated for removal in Python 3.13
  from crypt import crypt as _crypt
/home/wahyu260697/document/Erpnext/silverplast/frappe-bench/env/lib/python3.11/site-packages/rq/connections.py:72: DeprecationWarning: The `pop_connection` function is deprecated. Pass the `connection` explicitly instead.
  warnings.warn(
/home/wahyu260697/document/Erpnext/silverplast/frappe-bench/env/lib/python3.11/site-packages/rq/connections.py:58: DeprecationWarning: The `push_connection` function is deprecated. Pass the `connection` explicitly instead.
  warnings.warn(
/home/wahyu260697/document/Erpnext/silverplast/frappe-bench/env/lib/python3.11/site-packages/passlib/utils/__init__.py:854: DeprecationWarning: 'crypt' is deprecated and slated for removal in Python 3.13
  from crypt import crypt as _crypt
/home/wahyu260697/document/Erpnext/silverplast/frappe-bench/env/lib/python3.11/site-packages/rq/connections.py:72: DeprecationWarning: The `pop_connection` function is deprecated. Pass the `connection` explicitly instead.
  warnings.warn(
/home/wahyu260697/document/Erpnext/silverplast/frappe-bench/env/lib/python3.11/site-packages/rq/connections.py:58: DeprecationWarning: The `push_connection` function is deprecated. Pass the `connection` explicitly instead.
  warnings.warn(
/home/wahyu260697/document/Erpnext/silverplast/frappe-bench/env/lib/python3.11/site-packages/passlib/utils/__init__.py:854: DeprecationWarning: 'crypt' is deprecated and slated for removal in Python 3.13
  from crypt import crypt as _crypt
/home/wahyu260697/document/Erpnext/silverplast/frappe-bench/env/lib/python3.11/site-packages/rq/connections.py:72: DeprecationWarning: The `pop_connection` function is deprecated. Pass the `connection` explicitly instead.
  warnings.warn(
/home/wahyu260697/document/Erpnext/silverplast/frappe-bench/env/lib/python3.11/site-packages/rq/connections.py:58: DeprecationWarning: The `push_connection` function is deprecated. Pass the `connection` explicitly instead.
  warnings.warn(
/home/wahyu260697/document/Erpnext/silverplast/frappe-bench/env/lib/python3.11/site-packages/passlib/utils/__init__.py:854: DeprecationWarning: 'crypt' is deprecated and slated for removal in Python 3.13
  from crypt import crypt as _crypt
/home/wahyu260697/document/Erpnext/silverplast/frappe-bench/env/lib/python3.11/site-packages/rq/connections.py:72: DeprecationWarning: The `pop_connection` function is deprecated. Pass the `connection` explicitly instead.
  warnings.warn(
/home/wahyu260697/document/Erpnext/silverplast/frappe-bench/env/lib/python3.11/site-packages/rq/connections.py:58: DeprecationWarning: The `push_connection` function is deprecated. Pass the `connection` explicitly instead.
  warnings.warn(
/home/wahyu260697/document/Erpnext/silverplast/frappe-bench/env/lib/python3.11/site-packages/passlib/utils/__init__.py:854: DeprecationWarning: 'crypt' is deprecated and slated for removal in Python 3.13
  from crypt import crypt as _crypt
/home/wahyu260697/document/Erpnext/silverplast/frappe-bench/env/lib/python3.11/site-packages/rq/connections.py:72: DeprecationWarning: The `pop_connection` function is deprecated. Pass the `connection` explicitly instead.
  warnings.warn(
/home/wahyu260697/document/Erpnext/silverplast/frappe-bench/env/lib/python3.11/site-packages/rq/connections.py:58: DeprecationWarning: The `push_connection` function is deprecated. Pass the `connection` explicitly instead.
  warnings.warn(
/home/wahyu260697/document/Erpnext/silverplast/frappe-bench/env/lib/python3.11/site-packages/passlib/utils/__init__.py:854: DeprecationWarning: 'crypt' is deprecated and slated for removal in Python 3.13
  from crypt import crypt as _crypt
/home/wahyu260697/document/Erpnext/silverplast/frappe-bench/env/lib/python3.11/site-packages/rq/connections.py:72: DeprecationWarning: The `pop_connection` function is deprecated. Pass the `connection` explicitly instead.
  warnings.warn(
/home/wahyu260697/document/Erpnext/silverplast/frappe-bench/env/lib/python3.11/site-packages/rq/connections.py:58: DeprecationWarning: The `push_connection` function is deprecated. Pass the `connection` explicitly instead.
  warnings.warn(
/home/wahyu260697/document/Erpnext/silverplast/frappe-bench/env/lib/python3.11/site-packages/passlib/utils/__init__.py:854: DeprecationWarning: 'crypt' is deprecated and slated for removal in Python 3.13
  from crypt import crypt as _crypt
/home/wahyu260697/document/Erpnext/silverplast/frappe-bench/env/lib/python3.11/site-packages/rq/connections.py:72: DeprecationWarning: The `pop_connection` function is deprecated. Pass the `connection` explicitly instead.
  warnings.warn(
/home/wahyu260697/document/Erpnext/silverplast/frappe-bench/env/lib/python3.11/site-packages/rq/connections.py:58: DeprecationWarning: The `push_connection` function is deprecated. Pass the `connection` explicitly instead.
  warnings.warn(
/home/wahyu260697/document/Erpnext/silverplast/frappe-bench/env/lib/python3.11/site-packages/passlib/utils/__init__.py:854: DeprecationWarning: 'crypt' is deprecated and slated for removal in Python 3.13
  from crypt import crypt as _crypt
/home/wahyu260697/document/Erpnext/silverplast/frappe-bench/env/lib/python3.11/site-packages/rq/connections.py:72: DeprecationWarning: The `pop_connection` function is deprecated. Pass the `connection` explicitly instead.
  warnings.warn(
/home/wahyu260697/document/Erpnext/silverplast/frappe-bench/env/lib/python3.11/site-packages/rq/connections.py:58: DeprecationWarning: The `push_connection` function is deprecated. Pass the `connection` explicitly instead.
  warnings.warn(
/home/wahyu260697/document/Erpnext/silverplast/frappe-bench/env/lib/python3.11/site-packages/passlib/utils/__init__.py:854: DeprecationWarning: 'crypt' is deprecated and slated for removal in Python 3.13
  from crypt import crypt as _crypt
/home/wahyu260697/document/Erpnext/silverplast/frappe-bench/env/lib/python3.11/site-packages/rq/connections.py:72: DeprecationWarning: The `pop_connection` function is deprecated. Pass the `connection` explicitly instead.
  warnings.warn(
/home/wahyu260697/document/Erpnext/silverplast/frappe-bench/env/lib/python3.11/site-packages/rq/connections.py:58: DeprecationWarning: The `push_connection` function is deprecated. Pass the `connection` explicitly instead.
  warnings.warn(
/home/wahyu260697/document/Erpnext/silverplast/frappe-bench/env/lib/python3.11/site-packages/passlib/utils/__init__.py:854: DeprecationWarning: 'crypt' is deprecated and slated for removal in Python 3.13
  from crypt import crypt as _crypt
/home/wahyu260697/document/Erpnext/silverplast/frappe-bench/env/lib/python3.11/site-packages/rq/connections.py:72: DeprecationWarning: The `pop_connection` function is deprecated. Pass the `connection` explicitly instead.
  warnings.warn(
/home/wahyu260697/document/Erpnext/silverplast/frappe-bench/env/lib/python3.11/site-packages/rq/connections.py:58: DeprecationWarning: The `push_connection` function is deprecated. Pass the `connection` explicitly instead.
  warnings.warn(
/home/wahyu260697/document/Erpnext/silverplast/frappe-bench/env/lib/python3.11/site-packages/passlib/utils/__init__.py:854: DeprecationWarning: 'crypt' is deprecated and slated for removal in Python 3.13
  from crypt import crypt as _crypt
/home/wahyu260697/document/Erpnext/silverplast/frappe-bench/env/lib/python3.11/site-packages/rq/connections.py:72: DeprecationWarning: The `pop_connection` function is deprecated. Pass the `connection` explicitly instead.
  warnings.warn(
/home/wahyu260697/document/Erpnext/silverplast/frappe-bench/env/lib/python3.11/site-packages/rq/connections.py:58: DeprecationWarning: The `push_connection` function is deprecated. Pass the `connection` explicitly instead.
  warnings.warn(
/home/wahyu260697/document/Erpnext/silverplast/frappe-bench/env/lib/python3.11/site-packages/passlib/utils/__init__.py:854: DeprecationWarning: 'crypt' is deprecated and slated for removal in Python 3.13
  from crypt import crypt as _crypt
/home/wahyu260697/document/Erpnext/silverplast/frappe-bench/env/lib/python3.11/site-packages/rq/connections.py:72: DeprecationWarning: The `pop_connection` function is deprecated. Pass the `connection` explicitly instead.
  warnings.warn(
/home/wahyu260697/document/Erpnext/silverplast/frappe-bench/env/lib/python3.11/site-packages/rq/connections.py:58: DeprecationWarning: The `push_connection` function is deprecated. Pass the `connection` explicitly instead.
  warnings.warn(
/home/wahyu260697/document/Erpnext/silverplast/frappe-bench/env/lib/python3.11/site-packages/passlib/utils/__init__.py:854: DeprecationWarning: 'crypt' is deprecated and slated for removal in Python 3.13
  from crypt import crypt as _crypt
/home/wahyu260697/document/Erpnext/silverplast/frappe-bench/env/lib/python3.11/site-packages/rq/connections.py:72: DeprecationWarning: The `pop_connection` function is deprecated. Pass the `connection` explicitly instead.
  warnings.warn(
/home/wahyu260697/document/Erpnext/silverplast/frappe-bench/env/lib/python3.11/site-packages/rq/connections.py:58: DeprecationWarning: The `push_connection` function is deprecated. Pass the `connection` explicitly instead.
  warnings.warn(
/home/wahyu260697/document/Erpnext/silverplast/frappe-bench/env/lib/python3.11/site-packages/passlib/utils/__init__.py:854: DeprecationWarning: 'crypt' is deprecated and slated for removal in Python 3.13
  from crypt import crypt as _crypt
/home/wahyu260697/document/Erpnext/silverplast/frappe-bench/env/lib/python3.11/site-packages/rq/connections.py:72: DeprecationWarning: The `pop_connection` function is deprecated. Pass the `connection` explicitly instead.
  warnings.warn(
/home/wahyu260697/document/Erpnext/silverplast/frappe-bench/env/lib/python3.11/site-packages/rq/connections.py:58: DeprecationWarning: The `push_connection` function is deprecated. Pass the `connection` explicitly instead.
  warnings.warn(
/home/wahyu260697/document/Erpnext/silverplast/frappe-bench/env/lib/python3.11/site-packages/passlib/utils/__init__.py:854: DeprecationWarning: 'crypt' is deprecated and slated for removal in Python 3.13
  from crypt import crypt as _crypt
/home/wahyu260697/document/Erpnext/silverplast/frappe-bench/env/lib/python3.11/site-packages/rq/connections.py:72: DeprecationWarning: The `pop_connection` function is deprecated. Pass the `connection` explicitly instead.
  warnings.warn(
/home/wahyu260697/document/Erpnext/silverplast/frappe-bench/env/lib/python3.11/site-packages/rq/connections.py:58: DeprecationWarning: The `push_connection` function is deprecated. Pass the `connection` explicitly instead.
  warnings.warn(
/home/wahyu260697/document/Erpnext/silverplast/frappe-bench/env/lib/python3.11/site-packages/passlib/utils/__init__.py:854: DeprecationWarning: 'crypt' is deprecated and slated for removal in Python 3.13
  from crypt import crypt as _crypt
/home/wahyu260697/document/Erpnext/silverplast/frappe-bench/env/lib/python3.11/site-packages/rq/connections.py:72: DeprecationWarning: The `pop_connection` function is deprecated. Pass the `connection` explicitly instead.
  warnings.warn(
/home/wahyu260697/document/Erpnext/silverplast/frappe-bench/env/lib/python3.11/site-packages/rq/connections.py:58: DeprecationWarning: The `push_connection` function is deprecated. Pass the `connection` explicitly instead.
  warnings.warn(
/home/wahyu260697/document/Erpnext/silverplast/frappe-bench/env/lib/python3.11/site-packages/passlib/utils/__init__.py:854: DeprecationWarning: 'crypt' is deprecated and slated for removal in Python 3.13
  from crypt import crypt as _crypt
/home/wahyu260697/document/Erpnext/silverplast/frappe-bench/env/lib/python3.11/site-packages/rq/connections.py:72: DeprecationWarning: The `pop_connection` function is deprecated. Pass the `connection` explicitly instead.
  warnings.warn(
/home/wahyu260697/document/Erpnext/silverplast/frappe-bench/env/lib/python3.11/site-packages/rq/connections.py:58: DeprecationWarning: The `push_connection` function is deprecated. Pass the `connection` explicitly instead.
  warnings.warn(
/home/wahyu260697/document/Erpnext/silverplast/frappe-bench/env/lib/python3.11/site-packages/passlib/utils/__init__.py:854: DeprecationWarning: 'crypt' is deprecated and slated for removal in Python 3.13
  from crypt import crypt as _crypt
/home/wahyu260697/document/Erpnext/silverplast/frappe-bench/env/lib/python3.11/site-packages/rq/connections.py:72: DeprecationWarning: The `pop_connection` function is deprecated. Pass the `connection` explicitly instead.
  warnings.warn(
/home/wahyu260697/document/Erpnext/silverplast/frappe-bench/env/lib/python3.11/site-packages/rq/connections.py:58: DeprecationWarning: The `push_connection` function is deprecated. Pass the `connection` explicitly instead.
  warnings.warn(
/home/wahyu260697/document/Erpnext/silverplast/frappe-bench/env/lib/python3.11/site-packages/passlib/utils/__init__.py:854: DeprecationWarning: 'crypt' is deprecated and slated for removal in Python 3.13
  from crypt import crypt as _crypt
/home/wahyu260697/document/Erpnext/silverplast/frappe-bench/env/lib/python3.11/site-packages/rq/connections.py:72: DeprecationWarning: The `pop_connection` function is deprecated. Pass the `connection` explicitly instead.
  warnings.warn(
/home/wahyu260697/document/Erpnext/silverplast/frappe-bench/env/lib/python3.11/site-packages/rq/connections.py:58: DeprecationWarning: The `push_connection` function is deprecated. Pass the `connection` explicitly instead.
  warnings.warn(
/home/wahyu260697/document/Erpnext/silverplast/frappe-bench/env/lib/python3.11/site-packages/passlib/utils/__init__.py:854: DeprecationWarning: 'crypt' is deprecated and slated for removal in Python 3.13
  from crypt import crypt as _crypt
/home/wahyu260697/document/Erpnext/silverplast/frappe-bench/env/lib/python3.11/site-packages/rq/connections.py:72: DeprecationWarning: The `pop_connection` function is deprecated. Pass the `connection` explicitly instead.
  warnings.warn(
/home/wahyu260697/document/Erpnext/silverplast/frappe-bench/env/lib/python3.11/site-packages/rq/connections.py:58: DeprecationWarning: The `push_connection` function is deprecated. Pass the `connection` explicitly instead.
  warnings.warn(
/home/wahyu260697/document/Erpnext/silverplast/frappe-bench/env/lib/python3.11/site-packages/passlib/utils/__init__.py:854: DeprecationWarning: 'crypt' is deprecated and slated for removal in Python 3.13
  from crypt import crypt as _crypt
/home/wahyu260697/document/Erpnext/silverplast/frappe-bench/env/lib/python3.11/site-packages/rq/connections.py:72: DeprecationWarning: The `pop_connection` function is deprecated. Pass the `connection` explicitly instead.
  warnings.warn(
/home/wahyu260697/document/Erpnext/silverplast/frappe-bench/env/lib/python3.11/site-packages/rq/connections.py:58: DeprecationWarning: The `push_connection` function is deprecated. Pass the `connection` explicitly instead.
  warnings.warn(
/home/wahyu260697/document/Erpnext/silverplast/frappe-bench/env/lib/python3.11/site-packages/passlib/utils/__init__.py:854: DeprecationWarning: 'crypt' is deprecated and slated for removal in Python 3.13
  from crypt import crypt as _crypt
/home/wahyu260697/document/Erpnext/silverplast/frappe-bench/env/lib/python3.11/site-packages/rq/connections.py:72: DeprecationWarning: The `pop_connection` function is deprecated. Pass the `connection` explicitly instead.
  warnings.warn(
/home/wahyu260697/document/Erpnext/silverplast/frappe-bench/env/lib/python3.11/site-packages/rq/connections.py:58: DeprecationWarning: The `push_connection` function is deprecated. Pass the `connection` explicitly instead.
  warnings.warn(
/home/wahyu260697/document/Erpnext/silverplast/frappe-bench/env/lib/python3.11/site-packages/passlib/utils/__init__.py:854: DeprecationWarning: 'crypt' is deprecated and slated for removal in Python 3.13
  from crypt import crypt as _crypt
/home/wahyu260697/document/Erpnext/silverplast/frappe-bench/env/lib/python3.11/site-packages/rq/connections.py:72: DeprecationWarning: The `pop_connection` function is deprecated. Pass the `connection` explicitly instead.
  warnings.warn(
/home/wahyu260697/document/Erpnext/silverplast/frappe-bench/env/lib/python3.11/site-packages/rq/connections.py:58: DeprecationWarning: The `push_connection` function is deprecated. Pass the `connection` explicitly instead.
  warnings.warn(
/home/wahyu260697/document/Erpnext/silverplast/frappe-bench/env/lib/python3.11/site-packages/passlib/utils/__init__.py:854: DeprecationWarning: 'crypt' is deprecated and slated for removal in Python 3.13
  from crypt import crypt as _crypt
/home/wahyu260697/document/Erpnext/silverplast/frappe-bench/env/lib/python3.11/site-packages/rq/connections.py:72: DeprecationWarning: The `pop_connection` function is deprecated. Pass the `connection` explicitly instead.
  warnings.warn(
/home/wahyu260697/document/Erpnext/silverplast/frappe-bench/env/lib/python3.11/site-packages/rq/connections.py:58: DeprecationWarning: The `push_connection` function is deprecated. Pass the `connection` explicitly instead.
  warnings.warn(
/home/wahyu260697/document/Erpnext/silverplast/frappe-bench/env/lib/python3.11/site-packages/passlib/utils/__init__.py:854: DeprecationWarning: 'crypt' is deprecated and slated for removal in Python 3.13
  from crypt import crypt as _crypt
/home/wahyu260697/document/Erpnext/silverplast/frappe-bench/env/lib/python3.11/site-packages/rq/connections.py:72: DeprecationWarning: The `pop_connection` function is deprecated. Pass the `connection` explicitly instead.
  warnings.warn(
/home/wahyu260697/document/Erpnext/silverplast/frappe-bench/env/lib/python3.11/site-packages/rq/connections.py:58: DeprecationWarning: The `push_connection` function is deprecated. Pass the `connection` explicitly instead.
  warnings.warn(
/home/wahyu260697/document/Erpnext/silverplast/frappe-bench/env/lib/python3.11/site-packages/passlib/utils/__init__.py:854: DeprecationWarning: 'crypt' is deprecated and slated for removal in Python 3.13
  from crypt import crypt as _crypt
/home/wahyu260697/document/Erpnext/silverplast/frappe-bench/env/lib/python3.11/site-packages/rq/connections.py:72: DeprecationWarning: The `pop_connection` function is deprecated. Pass the `connection` explicitly instead.
  warnings.warn(
/home/wahyu260697/document/Erpnext/silverplast/frappe-bench/env/lib/python3.11/site-packages/rq/connections.py:58: DeprecationWarning: The `push_connection` function is deprecated. Pass the `connection` explicitly instead.
  warnings.warn(
/home/wahyu260697/document/Erpnext/silverplast/frappe-bench/env/lib/python3.11/site-packages/passlib/utils/__init__.py:854: DeprecationWarning: 'crypt' is deprecated and slated for removal in Python 3.13
  from crypt import crypt as _crypt
/home/wahyu260697/document/Erpnext/silverplast/frappe-bench/env/lib/python3.11/site-packages/rq/connections.py:72: DeprecationWarning: The `pop_connection` function is deprecated. Pass the `connection` explicitly instead.
  warnings.warn(
/home/wahyu260697/document/Erpnext/silverplast/frappe-bench/env/lib/python3.11/site-packages/rq/connections.py:58: DeprecationWarning: The `push_connection` function is deprecated. Pass the `connection` explicitly instead.
  warnings.warn(
/home/wahyu260697/document/Erpnext/silverplast/frappe-bench/env/lib/python3.11/site-packages/passlib/utils/__init__.py:854: DeprecationWarning: 'crypt' is deprecated and slated for removal in Python 3.13
  from crypt import crypt as _crypt
/home/wahyu260697/document/Erpnext/silverplast/frappe-bench/env/lib/python3.11/site-packages/rq/connections.py:72: DeprecationWarning: The `pop_connection` function is deprecated. Pass the `connection` explicitly instead.
  warnings.warn(
/home/wahyu260697/document/Erpnext/silverplast/frappe-bench/env/lib/python3.11/site-packages/rq/connections.py:58: DeprecationWarning: The `push_connection` function is deprecated. Pass the `connection` explicitly instead.
  warnings.warn(
/home/wahyu260697/document/Erpnext/silverplast/frappe-bench/env/lib/python3.11/site-packages/passlib/utils/__init__.py:854: DeprecationWarning: 'crypt' is deprecated and slated for removal in Python 3.13
  from crypt import crypt as _crypt
/home/wahyu260697/document/Erpnext/silverplast/frappe-bench/env/lib/python3.11/site-packages/rq/connections.py:72: DeprecationWarning: The `pop_connection` function is deprecated. Pass the `connection` explicitly instead.
  warnings.warn(
/home/wahyu260697/document/Erpnext/silverplast/frappe-bench/env/lib/python3.11/site-packages/rq/connections.py:58: DeprecationWarning: The `push_connection` function is deprecated. Pass the `connection` explicitly instead.
  warnings.warn(
/home/wahyu260697/document/Erpnext/silverplast/frappe-bench/env/lib/python3.11/site-packages/passlib/utils/__init__.py:854: DeprecationWarning: 'crypt' is deprecated and slated for removal in Python 3.13
  from crypt import crypt as _crypt
/home/wahyu260697/document/Erpnext/silverplast/frappe-bench/env/lib/python3.11/site-packages/rq/connections.py:72: DeprecationWarning: The `pop_connection` function is deprecated. Pass the `connection` explicitly instead.
  warnings.warn(
/home/wahyu260697/document/Erpnext/silverplast/frappe-bench/env/lib/python3.11/site-packages/rq/connections.py:58: DeprecationWarning: The `push_connection` function is deprecated. Pass the `connection` explicitly instead.
  warnings.warn(
/home/wahyu260697/document/Erpnext/silverplast/frappe-bench/env/lib/python3.11/site-packages/passlib/utils/__init__.py:854: DeprecationWarning: 'crypt' is deprecated and slated for removal in Python 3.13
  from crypt import crypt as _crypt
/home/wahyu260697/document/Erpnext/silverplast/frappe-bench/env/lib/python3.11/site-packages/rq/connections.py:72: DeprecationWarning: The `pop_connection` function is deprecated. Pass the `connection` explicitly instead.
  warnings.warn(
/home/wahyu260697/document/Erpnext/silverplast/frappe-bench/env/lib/python3.11/site-packages/rq/connections.py:58: DeprecationWarning: The `push_connection` function is deprecated. Pass the `connection` explicitly instead.
  warnings.warn(
/home/wahyu260697/document/Erpnext/silverplast/frappe-bench/env/lib/python3.11/site-packages/passlib/utils/__init__.py:854: DeprecationWarning: 'crypt' is deprecated and slated for removal in Python 3.13
  from crypt import crypt as _crypt
/home/wahyu260697/document/Erpnext/silverplast/frappe-bench/env/lib/python3.11/site-packages/rq/connections.py:72: DeprecationWarning: The `pop_connection` function is deprecated. Pass the `connection` explicitly instead.
  warnings.warn(
/home/wahyu260697/document/Erpnext/silverplast/frappe-bench/env/lib/python3.11/site-packages/rq/connections.py:58: DeprecationWarning: The `push_connection` function is deprecated. Pass the `connection` explicitly instead.
  warnings.warn(
/home/wahyu260697/document/Erpnext/silverplast/frappe-bench/env/lib/python3.11/site-packages/passlib/utils/__init__.py:854: DeprecationWarning: 'crypt' is deprecated and slated for removal in Python 3.13
  from crypt import crypt as _crypt
/home/wahyu260697/document/Erpnext/silverplast/frappe-bench/env/lib/python3.11/site-packages/rq/connections.py:72: DeprecationWarning: The `pop_connection` function is deprecated. Pass the `connection` explicitly instead.
  warnings.warn(
/home/wahyu260697/document/Erpnext/silverplast/frappe-bench/env/lib/python3.11/site-packages/rq/connections.py:58: DeprecationWarning: The `push_connection` function is deprecated. Pass the `connection` explicitly instead.
  warnings.warn(
/home/wahyu260697/document/Erpnext/silverplast/frappe-bench/env/lib/python3.11/site-packages/passlib/utils/__init__.py:854: DeprecationWarning: 'crypt' is deprecated and slated for removal in Python 3.13
  from crypt import crypt as _crypt
/home/wahyu260697/document/Erpnext/silverplast/frappe-bench/env/lib/python3.11/site-packages/rq/connections.py:72: DeprecationWarning: The `pop_connection` function is deprecated. Pass the `connection` explicitly instead.
  warnings.warn(
/home/wahyu260697/document/Erpnext/silverplast/frappe-bench/env/lib/python3.11/site-packages/rq/connections.py:58: DeprecationWarning: The `push_connection` function is deprecated. Pass the `connection` explicitly instead.
  warnings.warn(
/home/wahyu260697/document/Erpnext/silverplast/frappe-bench/env/lib/python3.11/site-packages/passlib/utils/__init__.py:854: DeprecationWarning: 'crypt' is deprecated and slated for removal in Python 3.13
  from crypt import crypt as _crypt
/home/wahyu260697/document/Erpnext/silverplast/frappe-bench/env/lib/python3.11/site-packages/rq/connections.py:72: DeprecationWarning: The `pop_connection` function is deprecated. Pass the `connection` explicitly instead.
  warnings.warn(
/home/wahyu260697/document/Erpnext/silverplast/frappe-bench/env/lib/python3.11/site-packages/rq/connections.py:58: DeprecationWarning: The `push_connection` function is deprecated. Pass the `connection` explicitly instead.
  warnings.warn(
/home/wahyu260697/document/Erpnext/silverplast/frappe-bench/env/lib/python3.11/site-packages/passlib/utils/__init__.py:854: DeprecationWarning: 'crypt' is deprecated and slated for removal in Python 3.13
  from crypt import crypt as _crypt
/home/wahyu260697/document/Erpnext/silverplast/frappe-bench/env/lib/python3.11/site-packages/rq/connections.py:72: DeprecationWarning: The `pop_connection` function is deprecated. Pass the `connection` explicitly instead.
  warnings.warn(
/home/wahyu260697/document/Erpnext/silverplast/frappe-bench/env/lib/python3.11/site-packages/rq/connections.py:58: DeprecationWarning: The `push_connection` function is deprecated. Pass the `connection` explicitly instead.
  warnings.warn(
/home/wahyu260697/document/Erpnext/silverplast/frappe-bench/env/lib/python3.11/site-packages/passlib/utils/__init__.py:854: DeprecationWarning: 'crypt' is deprecated and slated for removal in Python 3.13
  from crypt import crypt as _crypt
/home/wahyu260697/document/Erpnext/silverplast/frappe-bench/env/lib/python3.11/site-packages/rq/connections.py:72: DeprecationWarning: The `pop_connection` function is deprecated. Pass the `connection` explicitly instead.
  warnings.warn(
/home/wahyu260697/document/Erpnext/silverplast/frappe-bench/env/lib/python3.11/site-packages/rq/connections.py:58: DeprecationWarning: The `push_connection` function is deprecated. Pass the `connection` explicitly instead.
  warnings.warn(
/home/wahyu260697/document/Erpnext/silverplast/frappe-bench/env/lib/python3.11/site-packages/passlib/utils/__init__.py:854: DeprecationWarning: 'crypt' is deprecated and slated for removal in Python 3.13
  from crypt import crypt as _crypt
/home/wahyu260697/document/Erpnext/silverplast/frappe-bench/env/lib/python3.11/site-packages/rq/connections.py:72: DeprecationWarning: The `pop_connection` function is deprecated. Pass the `connection` explicitly instead.
  warnings.warn(
/home/wahyu260697/document/Erpnext/silverplast/frappe-bench/env/lib/python3.11/site-packages/rq/connections.py:58: DeprecationWarning: The `push_connection` function is deprecated. Pass the `connection` explicitly instead.
  warnings.warn(
/home/wahyu260697/document/Erpnext/silverplast/frappe-bench/env/lib/python3.11/site-packages/passlib/utils/__init__.py:854: DeprecationWarning: 'crypt' is deprecated and slated for removal in Python 3.13
  from crypt import crypt as _crypt
/home/wahyu260697/document/Erpnext/silverplast/frappe-bench/env/lib/python3.11/site-packages/rq/connections.py:72: DeprecationWarning: The `pop_connection` function is deprecated. Pass the `connection` explicitly instead.
  warnings.warn(
/home/wahyu260697/document/Erpnext/silverplast/frappe-bench/env/lib/python3.11/site-packages/rq/connections.py:58: DeprecationWarning: The `push_connection` function is deprecated. Pass the `connection` explicitly instead.
  warnings.warn(
/home/wahyu260697/document/Erpnext/silverplast/frappe-bench/env/lib/python3.11/site-packages/passlib/utils/__init__.py:854: DeprecationWarning: 'crypt' is deprecated and slated for removal in Python 3.13
  from crypt import crypt as _crypt
/home/wahyu260697/document/Erpnext/silverplast/frappe-bench/env/lib/python3.11/site-packages/rq/connections.py:72: DeprecationWarning: The `pop_connection` function is deprecated. Pass the `connection` explicitly instead.
  warnings.warn(
/home/wahyu260697/document/Erpnext/silverplast/frappe-bench/env/lib/python3.11/site-packages/rq/connections.py:58: DeprecationWarning: The `push_connection` function is deprecated. Pass the `connection` explicitly instead.
  warnings.warn(
/home/wahyu260697/document/Erpnext/silverplast/frappe-bench/env/lib/python3.11/site-packages/passlib/utils/__init__.py:854: DeprecationWarning: 'crypt' is deprecated and slated for removal in Python 3.13
  from crypt import crypt as _crypt
/home/wahyu260697/document/Erpnext/silverplast/frappe-bench/env/lib/python3.11/site-packages/rq/connections.py:72: DeprecationWarning: The `pop_connection` function is deprecated. Pass the `connection` explicitly instead.
  warnings.warn(
/home/wahyu260697/document/Erpnext/silverplast/frappe-bench/env/lib/python3.11/site-packages/rq/connections.py:58: DeprecationWarning: The `push_connection` function is deprecated. Pass the `connection` explicitly instead.
  warnings.warn(
/home/wahyu260697/document/Erpnext/silverplast/frappe-bench/env/lib/python3.11/site-packages/passlib/utils/__init__.py:854: DeprecationWarning: 'crypt' is deprecated and slated for removal in Python 3.13
  from crypt import crypt as _crypt
/home/wahyu260697/document/Erpnext/silverplast/frappe-bench/env/lib/python3.11/site-packages/rq/connections.py:72: DeprecationWarning: The `pop_connection` function is deprecated. Pass the `connection` explicitly instead.
  warnings.warn(
/home/wahyu260697/document/Erpnext/silverplast/frappe-bench/env/lib/python3.11/site-packages/rq/connections.py:58: DeprecationWarning: The `push_connection` function is deprecated. Pass the `connection` explicitly instead.
  warnings.warn(
/home/wahyu260697/document/Erpnext/silverplast/frappe-bench/env/lib/python3.11/site-packages/passlib/utils/__init__.py:854: DeprecationWarning: 'crypt' is deprecated and slated for removal in Python 3.13
  from crypt import crypt as _crypt
/home/wahyu260697/document/Erpnext/silverplast/frappe-bench/env/lib/python3.11/site-packages/rq/connections.py:72: DeprecationWarning: The `pop_connection` function is deprecated. Pass the `connection` explicitly instead.
  warnings.warn(
/home/wahyu260697/document/Erpnext/silverplast/frappe-bench/env/lib/python3.11/site-packages/rq/connections.py:58: DeprecationWarning: The `push_connection` function is deprecated. Pass the `connection` explicitly instead.
  warnings.warn(
/home/wahyu260697/document/Erpnext/silverplast/frappe-bench/env/lib/python3.11/site-packages/passlib/utils/__init__.py:854: DeprecationWarning: 'crypt' is deprecated and slated for removal in Python 3.13
  from crypt import crypt as _crypt
/home/wahyu260697/document/Erpnext/silverplast/frappe-bench/env/lib/python3.11/site-packages/rq/connections.py:72: DeprecationWarning: The `pop_connection` function is deprecated. Pass the `connection` explicitly instead.
  warnings.warn(
/home/wahyu260697/document/Erpnext/silverplast/frappe-bench/env/lib/python3.11/site-packages/rq/connections.py:58: DeprecationWarning: The `push_connection` function is deprecated. Pass the `connection` explicitly instead.
  warnings.warn(
/home/wahyu260697/document/Erpnext/silverplast/frappe-bench/env/lib/python3.11/site-packages/passlib/utils/__init__.py:854: DeprecationWarning: 'crypt' is deprecated and slated for removal in Python 3.13
  from crypt import crypt as _crypt
/home/wahyu260697/document/Erpnext/silverplast/frappe-bench/env/lib/python3.11/site-packages/rq/connections.py:72: DeprecationWarning: The `pop_connection` function is deprecated. Pass the `connection` explicitly instead.
  warnings.warn(
/home/wahyu260697/document/Erpnext/silverplast/frappe-bench/env/lib/python3.11/site-packages/rq/connections.py:58: DeprecationWarning: The `push_connection` function is deprecated. Pass the `connection` explicitly instead.
  warnings.warn(
/home/wahyu260697/document/Erpnext/silverplast/frappe-bench/env/lib/python3.11/site-packages/passlib/utils/__init__.py:854: DeprecationWarning: 'crypt' is deprecated and slated for removal in Python 3.13
  from crypt import crypt as _crypt
/home/wahyu260697/document/Erpnext/silverplast/frappe-bench/env/lib/python3.11/site-packages/rq/connections.py:72: DeprecationWarning: The `pop_connection` function is deprecated. Pass the `connection` explicitly instead.
  warnings.warn(
/home/wahyu260697/document/Erpnext/silverplast/frappe-bench/env/lib/python3.11/site-packages/rq/connections.py:58: DeprecationWarning: The `push_connection` function is deprecated. Pass the `connection` explicitly instead.
  warnings.warn(
/home/wahyu260697/document/Erpnext/silverplast/frappe-bench/env/lib/python3.11/site-packages/passlib/utils/__init__.py:854: DeprecationWarning: 'crypt' is deprecated and slated for removal in Python 3.13
  from crypt import crypt as _crypt
/home/wahyu260697/document/Erpnext/silverplast/frappe-bench/env/lib/python3.11/site-packages/rq/connections.py:72: DeprecationWarning: The `pop_connection` function is deprecated. Pass the `connection` explicitly instead.
  warnings.warn(
/home/wahyu260697/document/Erpnext/silverplast/frappe-bench/env/lib/python3.11/site-packages/rq/connections.py:58: DeprecationWarning: The `push_connection` function is deprecated. Pass the `connection` explicitly instead.
  warnings.warn(
/home/wahyu260697/document/Erpnext/silverplast/frappe-bench/env/lib/python3.11/site-packages/passlib/utils/__init__.py:854: DeprecationWarning: 'crypt' is deprecated and slated for removal in Python 3.13
  from crypt import crypt as _crypt
/home/wahyu260697/document/Erpnext/silverplast/frappe-bench/env/lib/python3.11/site-packages/rq/connections.py:72: DeprecationWarning: The `pop_connection` function is deprecated. Pass the `connection` explicitly instead.
  warnings.warn(
/home/wahyu260697/document/Erpnext/silverplast/frappe-bench/env/lib/python3.11/site-packages/rq/connections.py:58: DeprecationWarning: The `push_connection` function is deprecated. Pass the `connection` explicitly instead.
  warnings.warn(
/home/wahyu260697/document/Erpnext/silverplast/frappe-bench/env/lib/python3.11/site-packages/passlib/utils/__init__.py:854: DeprecationWarning: 'crypt' is deprecated and slated for removal in Python 3.13
  from crypt import crypt as _crypt
/home/wahyu260697/document/Erpnext/silverplast/frappe-bench/env/lib/python3.11/site-packages/rq/connections.py:72: DeprecationWarning: The `pop_connection` function is deprecated. Pass the `connection` explicitly instead.
  warnings.warn(
/home/wahyu260697/document/Erpnext/silverplast/frappe-bench/env/lib/python3.11/site-packages/rq/connections.py:58: DeprecationWarning: The `push_connection` function is deprecated. Pass the `connection` explicitly instead.
  warnings.warn(
/home/wahyu260697/document/Erpnext/silverplast/frappe-bench/env/lib/python3.11/site-packages/passlib/utils/__init__.py:854: DeprecationWarning: 'crypt' is deprecated and slated for removal in Python 3.13
  from crypt import crypt as _crypt
/home/wahyu260697/document/Erpnext/silverplast/frappe-bench/env/lib/python3.11/site-packages/rq/connections.py:72: DeprecationWarning: The `pop_connection` function is deprecated. Pass the `connection` explicitly instead.
  warnings.warn(
/home/wahyu260697/document/Erpnext/silverplast/frappe-bench/env/lib/python3.11/site-packages/rq/connections.py:58: DeprecationWarning: The `push_connection` function is deprecated. Pass the `connection` explicitly instead.
  warnings.warn(
/home/wahyu260697/document/Erpnext/silverplast/frappe-bench/env/lib/python3.11/site-packages/passlib/utils/__init__.py:854: DeprecationWarning: 'crypt' is deprecated and slated for removal in Python 3.13
  from crypt import crypt as _crypt
/home/wahyu260697/document/Erpnext/silverplast/frappe-bench/env/lib/python3.11/site-packages/rq/connections.py:72: DeprecationWarning: The `pop_connection` function is deprecated. Pass the `connection` explicitly instead.
  warnings.warn(
/home/wahyu260697/document/Erpnext/silverplast/frappe-bench/env/lib/python3.11/site-packages/rq/connections.py:58: DeprecationWarning: The `push_connection` function is deprecated. Pass the `connection` explicitly instead.
  warnings.warn(
/home/wahyu260697/document/Erpnext/silverplast/frappe-bench/env/lib/python3.11/site-packages/passlib/utils/__init__.py:854: DeprecationWarning: 'crypt' is deprecated and slated for removal in Python 3.13
  from crypt import crypt as _crypt
/home/wahyu260697/document/Erpnext/silverplast/frappe-bench/env/lib/python3.11/site-packages/rq/connections.py:72: DeprecationWarning: The `pop_connection` function is deprecated. Pass the `connection` explicitly instead.
  warnings.warn(
/home/wahyu260697/document/Erpnext/silverplast/frappe-bench/env/lib/python3.11/site-packages/rq/connections.py:58: DeprecationWarning: The `push_connection` function is deprecated. Pass the `connection` explicitly instead.
  warnings.warn(
/home/wahyu260697/document/Erpnext/silverplast/frappe-bench/env/lib/python3.11/site-packages/passlib/utils/__init__.py:854: DeprecationWarning: 'crypt' is deprecated and slated for removal in Python 3.13
  from crypt import crypt as _crypt
/home/wahyu260697/document/Erpnext/silverplast/frappe-bench/env/lib/python3.11/site-packages/rq/connections.py:72: DeprecationWarning: The `pop_connection` function is deprecated. Pass the `connection` explicitly instead.
  warnings.warn(
/home/wahyu260697/document/Erpnext/silverplast/frappe-bench/env/lib/python3.11/site-packages/rq/connections.py:58: DeprecationWarning: The `push_connection` function is deprecated. Pass the `connection` explicitly instead.
  warnings.warn(
/home/wahyu260697/document/Erpnext/silverplast/frappe-bench/env/lib/python3.11/site-packages/passlib/utils/__init__.py:854: DeprecationWarning: 'crypt' is deprecated and slated for removal in Python 3.13
  from crypt import crypt as _crypt
/home/wahyu260697/document/Erpnext/silverplast/frappe-bench/env/lib/python3.11/site-packages/rq/connections.py:72: DeprecationWarning: The `pop_connection` function is deprecated. Pass the `connection` explicitly instead.
  warnings.warn(
/home/wahyu260697/document/Erpnext/silverplast/frappe-bench/env/lib/python3.11/site-packages/rq/connections.py:58: DeprecationWarning: The `push_connection` function is deprecated. Pass the `connection` explicitly instead.
  warnings.warn(
/home/wahyu260697/document/Erpnext/silverplast/frappe-bench/env/lib/python3.11/site-packages/passlib/utils/__init__.py:854: DeprecationWarning: 'crypt' is deprecated and slated for removal in Python 3.13
  from crypt import crypt as _crypt
/home/wahyu260697/document/Erpnext/silverplast/frappe-bench/env/lib/python3.11/site-packages/rq/connections.py:72: DeprecationWarning: The `pop_connection` function is deprecated. Pass the `connection` explicitly instead.
  warnings.warn(
/home/wahyu260697/document/Erpnext/silverplast/frappe-bench/env/lib/python3.11/site-packages/rq/connections.py:58: DeprecationWarning: The `push_connection` function is deprecated. Pass the `connection` explicitly instead.
  warnings.warn(
/home/wahyu260697/document/Erpnext/silverplast/frappe-bench/env/lib/python3.11/site-packages/passlib/utils/__init__.py:854: DeprecationWarning: 'crypt' is deprecated and slated for removal in Python 3.13
  from crypt import crypt as _crypt
/home/wahyu260697/document/Erpnext/silverplast/frappe-bench/env/lib/python3.11/site-packages/rq/connections.py:72: DeprecationWarning: The `pop_connection` function is deprecated. Pass the `connection` explicitly instead.
  warnings.warn(
/home/wahyu260697/document/Erpnext/silverplast/frappe-bench/env/lib/python3.11/site-packages/rq/connections.py:58: DeprecationWarning: The `push_connection` function is deprecated. Pass the `connection` explicitly instead.
  warnings.warn(
/home/wahyu260697/document/Erpnext/silverplast/frappe-bench/env/lib/python3.11/site-packages/passlib/utils/__init__.py:854: DeprecationWarning: 'crypt' is deprecated and slated for removal in Python 3.13
  from crypt import crypt as _crypt
/home/wahyu260697/document/Erpnext/silverplast/frappe-bench/env/lib/python3.11/site-packages/rq/connections.py:72: DeprecationWarning: The `pop_connection` function is deprecated. Pass the `connection` explicitly instead.
  warnings.warn(
/home/wahyu260697/document/Erpnext/silverplast/frappe-bench/env/lib/python3.11/site-packages/rq/connections.py:58: DeprecationWarning: The `push_connection` function is deprecated. Pass the `connection` explicitly instead.
  warnings.warn(
/home/wahyu260697/document/Erpnext/silverplast/frappe-bench/env/lib/python3.11/site-packages/passlib/utils/__init__.py:854: DeprecationWarning: 'crypt' is deprecated and slated for removal in Python 3.13
  from crypt import crypt as _crypt
/home/wahyu260697/document/Erpnext/silverplast/frappe-bench/env/lib/python3.11/site-packages/rq/connections.py:72: DeprecationWarning: The `pop_connection` function is deprecated. Pass the `connection` explicitly instead.
  warnings.warn(
/home/wahyu260697/document/Erpnext/silverplast/frappe-bench/env/lib/python3.11/site-packages/rq/connections.py:58: DeprecationWarning: The `push_connection` function is deprecated. Pass the `connection` explicitly instead.
  warnings.warn(
/home/wahyu260697/document/Erpnext/silverplast/frappe-bench/env/lib/python3.11/site-packages/passlib/utils/__init__.py:854: DeprecationWarning: 'crypt' is deprecated and slated for removal in Python 3.13
  from crypt import crypt as _crypt
/home/wahyu260697/document/Erpnext/silverplast/frappe-bench/env/lib/python3.11/site-packages/rq/connections.py:72: DeprecationWarning: The `pop_connection` function is deprecated. Pass the `connection` explicitly instead.
  warnings.warn(
/home/wahyu260697/document/Erpnext/silverplast/frappe-bench/env/lib/python3.11/site-packages/rq/connections.py:58: DeprecationWarning: The `push_connection` function is deprecated. Pass the `connection` explicitly instead.
  warnings.warn(
/home/wahyu260697/document/Erpnext/silverplast/frappe-bench/env/lib/python3.11/site-packages/passlib/utils/__init__.py:854: DeprecationWarning: 'crypt' is deprecated and slated for removal in Python 3.13
  from crypt import crypt as _crypt
/home/wahyu260697/document/Erpnext/silverplast/frappe-bench/env/lib/python3.11/site-packages/rq/connections.py:72: DeprecationWarning: The `pop_connection` function is deprecated. Pass the `connection` explicitly instead.
  warnings.warn(
/home/wahyu260697/document/Erpnext/silverplast/frappe-bench/env/lib/python3.11/site-packages/rq/connections.py:58: DeprecationWarning: The `push_connection` function is deprecated. Pass the `connection` explicitly instead.
  warnings.warn(
/home/wahyu260697/document/Erpnext/silverplast/frappe-bench/env/lib/python3.11/site-packages/passlib/utils/__init__.py:854: DeprecationWarning: 'crypt' is deprecated and slated for removal in Python 3.13
  from crypt import crypt as _crypt
/home/wahyu260697/document/Erpnext/silverplast/frappe-bench/env/lib/python3.11/site-packages/rq/connections.py:72: DeprecationWarning: The `pop_connection` function is deprecated. Pass the `connection` explicitly instead.
  warnings.warn(
/home/wahyu260697/document/Erpnext/silverplast/frappe-bench/env/lib/python3.11/site-packages/rq/connections.py:58: DeprecationWarning: The `push_connection` function is deprecated. Pass the `connection` explicitly instead.
  warnings.warn(
/home/wahyu260697/document/Erpnext/silverplast/frappe-bench/env/lib/python3.11/site-packages/passlib/utils/__init__.py:854: DeprecationWarning: 'crypt' is deprecated and slated for removal in Python 3.13
  from crypt import crypt as _crypt
/home/wahyu260697/document/Erpnext/silverplast/frappe-bench/env/lib/python3.11/site-packages/rq/connections.py:72: DeprecationWarning: The `pop_connection` function is deprecated. Pass the `connection` explicitly instead.
  warnings.warn(
/home/wahyu260697/document/Erpnext/silverplast/frappe-bench/env/lib/python3.11/site-packages/rq/connections.py:58: DeprecationWarning: The `push_connection` function is deprecated. Pass the `connection` explicitly instead.
  warnings.warn(
/home/wahyu260697/document/Erpnext/silverplast/frappe-bench/env/lib/python3.11/site-packages/passlib/utils/__init__.py:854: DeprecationWarning: 'crypt' is deprecated and slated for removal in Python 3.13
  from crypt import crypt as _crypt
/home/wahyu260697/document/Erpnext/silverplast/frappe-bench/env/lib/python3.11/site-packages/rq/connections.py:72: DeprecationWarning: The `pop_connection` function is deprecated. Pass the `connection` explicitly instead.
  warnings.warn(
/home/wahyu260697/document/Erpnext/silverplast/frappe-bench/env/lib/python3.11/site-packages/rq/connections.py:58: DeprecationWarning: The `push_connection` function is deprecated. Pass the `connection` explicitly instead.
  warnings.warn(
/home/wahyu260697/document/Erpnext/silverplast/frappe-bench/env/lib/python3.11/site-packages/passlib/utils/__init__.py:854: DeprecationWarning: 'crypt' is deprecated and slated for removal in Python 3.13
  from crypt import crypt as _crypt
/home/wahyu260697/document/Erpnext/silverplast/frappe-bench/env/lib/python3.11/site-packages/rq/connections.py:72: DeprecationWarning: The `pop_connection` function is deprecated. Pass the `connection` explicitly instead.
  warnings.warn(
/home/wahyu260697/document/Erpnext/silverplast/frappe-bench/env/lib/python3.11/site-packages/rq/connections.py:58: DeprecationWarning: The `push_connection` function is deprecated. Pass the `connection` explicitly instead.
  warnings.warn(
/home/wahyu260697/document/Erpnext/silverplast/frappe-bench/env/lib/python3.11/site-packages/passlib/utils/__init__.py:854: DeprecationWarning: 'crypt' is deprecated and slated for removal in Python 3.13
  from crypt import crypt as _crypt
/home/wahyu260697/document/Erpnext/silverplast/frappe-bench/env/lib/python3.11/site-packages/rq/connections.py:72: DeprecationWarning: The `pop_connection` function is deprecated. Pass the `connection` explicitly instead.
  warnings.warn(
/home/wahyu260697/document/Erpnext/silverplast/frappe-bench/env/lib/python3.11/site-packages/rq/connections.py:58: DeprecationWarning: The `push_connection` function is deprecated. Pass the `connection` explicitly instead.
  warnings.warn(
/home/wahyu260697/document/Erpnext/silverplast/frappe-bench/env/lib/python3.11/site-packages/passlib/utils/__init__.py:854: DeprecationWarning: 'crypt' is deprecated and slated for removal in Python 3.13
  from crypt import crypt as _crypt
/home/wahyu260697/document/Erpnext/silverplast/frappe-bench/env/lib/python3.11/site-packages/rq/connections.py:72: DeprecationWarning: The `pop_connection` function is deprecated. Pass the `connection` explicitly instead.
  warnings.warn(
/home/wahyu260697/document/Erpnext/silverplast/frappe-bench/env/lib/python3.11/site-packages/rq/connections.py:58: DeprecationWarning: The `push_connection` function is deprecated. Pass the `connection` explicitly instead.
  warnings.warn(
/home/wahyu260697/document/Erpnext/silverplast/frappe-bench/env/lib/python3.11/site-packages/passlib/utils/__init__.py:854: DeprecationWarning: 'crypt' is deprecated and slated for removal in Python 3.13
  from crypt import crypt as _crypt
/home/wahyu260697/document/Erpnext/silverplast/frappe-bench/env/lib/python3.11/site-packages/rq/connections.py:72: DeprecationWarning: The `pop_connection` function is deprecated. Pass the `connection` explicitly instead.
  warnings.warn(
/home/wahyu260697/document/Erpnext/silverplast/frappe-bench/env/lib/python3.11/site-packages/rq/connections.py:58: DeprecationWarning: The `push_connection` function is deprecated. Pass the `connection` explicitly instead.
  warnings.warn(
/home/wahyu260697/document/Erpnext/silverplast/frappe-bench/env/lib/python3.11/site-packages/passlib/utils/__init__.py:854: DeprecationWarning: 'crypt' is deprecated and slated for removal in Python 3.13
  from crypt import crypt as _crypt
/home/wahyu260697/document/Erpnext/silverplast/frappe-bench/env/lib/python3.11/site-packages/rq/connections.py:72: DeprecationWarning: The `pop_connection` function is deprecated. Pass the `connection` explicitly instead.
  warnings.warn(
/home/wahyu260697/document/Erpnext/silverplast/frappe-bench/env/lib/python3.11/site-packages/rq/connections.py:58: DeprecationWarning: The `push_connection` function is deprecated. Pass the `connection` explicitly instead.
  warnings.warn(
/home/wahyu260697/document/Erpnext/silverplast/frappe-bench/env/lib/python3.11/site-packages/passlib/utils/__init__.py:854: DeprecationWarning: 'crypt' is deprecated and slated for removal in Python 3.13
  from crypt import crypt as _crypt
/home/wahyu260697/document/Erpnext/silverplast/frappe-bench/env/lib/python3.11/site-packages/rq/connections.py:72: DeprecationWarning: The `pop_connection` function is deprecated. Pass the `connection` explicitly instead.
  warnings.warn(
/home/wahyu260697/document/Erpnext/silverplast/frappe-bench/env/lib/python3.11/site-packages/rq/connections.py:58: DeprecationWarning: The `push_connection` function is deprecated. Pass the `connection` explicitly instead.
  warnings.warn(
/home/wahyu260697/document/Erpnext/silverplast/frappe-bench/env/lib/python3.11/site-packages/passlib/utils/__init__.py:854: DeprecationWarning: 'crypt' is deprecated and slated for removal in Python 3.13
  from crypt import crypt as _crypt
/home/wahyu260697/document/Erpnext/silverplast/frappe-bench/env/lib/python3.11/site-packages/rq/connections.py:72: DeprecationWarning: The `pop_connection` function is deprecated. Pass the `connection` explicitly instead.
  warnings.warn(
/home/wahyu260697/document/Erpnext/silverplast/frappe-bench/env/lib/python3.11/site-packages/rq/connections.py:58: DeprecationWarning: The `push_connection` function is deprecated. Pass the `connection` explicitly instead.
  warnings.warn(
/home/wahyu260697/document/Erpnext/silverplast/frappe-bench/env/lib/python3.11/site-packages/passlib/utils/__init__.py:854: DeprecationWarning: 'crypt' is deprecated and slated for removal in Python 3.13
  from crypt import crypt as _crypt
/home/wahyu260697/document/Erpnext/silverplast/frappe-bench/env/lib/python3.11/site-packages/rq/connections.py:72: DeprecationWarning: The `pop_connection` function is deprecated. Pass the `connection` explicitly instead.
  warnings.warn(
/home/wahyu260697/document/Erpnext/silverplast/frappe-bench/env/lib/python3.11/site-packages/rq/connections.py:58: DeprecationWarning: The `push_connection` function is deprecated. Pass the `connection` explicitly instead.
  warnings.warn(
/home/wahyu260697/document/Erpnext/silverplast/frappe-bench/env/lib/python3.11/site-packages/passlib/utils/__init__.py:854: DeprecationWarning: 'crypt' is deprecated and slated for removal in Python 3.13
  from crypt import crypt as _crypt
/home/wahyu260697/document/Erpnext/silverplast/frappe-bench/env/lib/python3.11/site-packages/rq/connections.py:72: DeprecationWarning: The `pop_connection` function is deprecated. Pass the `connection` explicitly instead.
  warnings.warn(
/home/wahyu260697/document/Erpnext/silverplast/frappe-bench/env/lib/python3.11/site-packages/rq/connections.py:58: DeprecationWarning: The `push_connection` function is deprecated. Pass the `connection` explicitly instead.
  warnings.warn(
/home/wahyu260697/document/Erpnext/silverplast/frappe-bench/env/lib/python3.11/site-packages/passlib/utils/__init__.py:854: DeprecationWarning: 'crypt' is deprecated and slated for removal in Python 3.13
  from crypt import crypt as _crypt
/home/wahyu260697/document/Erpnext/silverplast/frappe-bench/env/lib/python3.11/site-packages/rq/connections.py:72: DeprecationWarning: The `pop_connection` function is deprecated. Pass the `connection` explicitly instead.
  warnings.warn(
/home/wahyu260697/document/Erpnext/silverplast/frappe-bench/env/lib/python3.11/site-packages/rq/connections.py:58: DeprecationWarning: The `push_connection` function is deprecated. Pass the `connection` explicitly instead.
  warnings.warn(
/home/wahyu260697/document/Erpnext/silverplast/frappe-bench/env/lib/python3.11/site-packages/passlib/utils/__init__.py:854: DeprecationWarning: 'crypt' is deprecated and slated for removal in Python 3.13
  from crypt import crypt as _crypt
/home/wahyu260697/document/Erpnext/silverplast/frappe-bench/env/lib/python3.11/site-packages/rq/connections.py:72: DeprecationWarning: The `pop_connection` function is deprecated. Pass the `connection` explicitly instead.
  warnings.warn(
/home/wahyu260697/document/Erpnext/silverplast/frappe-bench/env/lib/python3.11/site-packages/rq/connections.py:58: DeprecationWarning: The `push_connection` function is deprecated. Pass the `connection` explicitly instead.
  warnings.warn(
/home/wahyu260697/document/Erpnext/silverplast/frappe-bench/env/lib/python3.11/site-packages/passlib/utils/__init__.py:854: DeprecationWarning: 'crypt' is deprecated and slated for removal in Python 3.13
  from crypt import crypt as _crypt
/home/wahyu260697/document/Erpnext/silverplast/frappe-bench/env/lib/python3.11/site-packages/rq/connections.py:72: DeprecationWarning: The `pop_connection` function is deprecated. Pass the `connection` explicitly instead.
  warnings.warn(
/home/wahyu260697/document/Erpnext/silverplast/frappe-bench/env/lib/python3.11/site-packages/rq/connections.py:58: DeprecationWarning: The `push_connection` function is deprecated. Pass the `connection` explicitly instead.
  warnings.warn(
/home/wahyu260697/document/Erpnext/silverplast/frappe-bench/env/lib/python3.11/site-packages/passlib/utils/__init__.py:854: DeprecationWarning: 'crypt' is deprecated and slated for removal in Python 3.13
  from crypt import crypt as _crypt
/home/wahyu260697/document/Erpnext/silverplast/frappe-bench/env/lib/python3.11/site-packages/rq/connections.py:72: DeprecationWarning: The `pop_connection` function is deprecated. Pass the `connection` explicitly instead.
  warnings.warn(
/home/wahyu260697/document/Erpnext/silverplast/frappe-bench/env/lib/python3.11/site-packages/rq/connections.py:58: DeprecationWarning: The `push_connection` function is deprecated. Pass the `connection` explicitly instead.
  warnings.warn(
/home/wahyu260697/document/Erpnext/silverplast/frappe-bench/env/lib/python3.11/site-packages/passlib/utils/__init__.py:854: DeprecationWarning: 'crypt' is deprecated and slated for removal in Python 3.13
  from crypt import crypt as _crypt
/home/wahyu260697/document/Erpnext/silverplast/frappe-bench/env/lib/python3.11/site-packages/rq/connections.py:72: DeprecationWarning: The `pop_connection` function is deprecated. Pass the `connection` explicitly instead.
  warnings.warn(
/home/wahyu260697/document/Erpnext/silverplast/frappe-bench/env/lib/python3.11/site-packages/rq/connections.py:58: DeprecationWarning: The `push_connection` function is deprecated. Pass the `connection` explicitly instead.
  warnings.warn(
/home/wahyu260697/document/Erpnext/silverplast/frappe-bench/env/lib/python3.11/site-packages/passlib/utils/__init__.py:854: DeprecationWarning: 'crypt' is deprecated and slated for removal in Python 3.13
  from crypt import crypt as _crypt
/home/wahyu260697/document/Erpnext/silverplast/frappe-bench/env/lib/python3.11/site-packages/rq/connections.py:72: DeprecationWarning: The `pop_connection` function is deprecated. Pass the `connection` explicitly instead.
  warnings.warn(
/home/wahyu260697/document/Erpnext/silverplast/frappe-bench/env/lib/python3.11/site-packages/rq/connections.py:58: DeprecationWarning: The `push_connection` function is deprecated. Pass the `connection` explicitly instead.
  warnings.warn(
/home/wahyu260697/document/Erpnext/silverplast/frappe-bench/env/lib/python3.11/site-packages/passlib/utils/__init__.py:854: DeprecationWarning: 'crypt' is deprecated and slated for removal in Python 3.13
  from crypt import crypt as _crypt
/home/wahyu260697/document/Erpnext/silverplast/frappe-bench/env/lib/python3.11/site-packages/rq/connections.py:72: DeprecationWarning: The `pop_connection` function is deprecated. Pass the `connection` explicitly instead.
  warnings.warn(
/home/wahyu260697/document/Erpnext/silverplast/frappe-bench/env/lib/python3.11/site-packages/rq/connections.py:58: DeprecationWarning: The `push_connection` function is deprecated. Pass the `connection` explicitly instead.
  warnings.warn(
/home/wahyu260697/document/Erpnext/silverplast/frappe-bench/env/lib/python3.11/site-packages/passlib/utils/__init__.py:854: DeprecationWarning: 'crypt' is deprecated and slated for removal in Python 3.13
  from crypt import crypt as _crypt
/home/wahyu260697/document/Erpnext/silverplast/frappe-bench/env/lib/python3.11/site-packages/rq/connections.py:72: DeprecationWarning: The `pop_connection` function is deprecated. Pass the `connection` explicitly instead.
  warnings.warn(
/home/wahyu260697/document/Erpnext/silverplast/frappe-bench/env/lib/python3.11/site-packages/rq/connections.py:58: DeprecationWarning: The `push_connection` function is deprecated. Pass the `connection` explicitly instead.
  warnings.warn(
/home/wahyu260697/document/Erpnext/silverplast/frappe-bench/env/lib/python3.11/site-packages/passlib/utils/__init__.py:854: DeprecationWarning: 'crypt' is deprecated and slated for removal in Python 3.13
  from crypt import crypt as _crypt
/home/wahyu260697/document/Erpnext/silverplast/frappe-bench/env/lib/python3.11/site-packages/rq/connections.py:72: DeprecationWarning: The `pop_connection` function is deprecated. Pass the `connection` explicitly instead.
  warnings.warn(
/home/wahyu260697/document/Erpnext/silverplast/frappe-bench/env/lib/python3.11/site-packages/rq/connections.py:58: DeprecationWarning: The `push_connection` function is deprecated. Pass the `connection` explicitly instead.
  warnings.warn(
/home/wahyu260697/document/Erpnext/silverplast/frappe-bench/env/lib/python3.11/site-packages/passlib/utils/__init__.py:854: DeprecationWarning: 'crypt' is deprecated and slated for removal in Python 3.13
  from crypt import crypt as _crypt
/home/wahyu260697/document/Erpnext/silverplast/frappe-bench/env/lib/python3.11/site-packages/rq/connections.py:72: DeprecationWarning: The `pop_connection` function is deprecated. Pass the `connection` explicitly instead.
  warnings.warn(
